; HEADER_BLOCK_START
; generated by ElegooSlicer 1.5.3.5 on 2026-09-04 at 21:02:49
; total layer number: 12
; filament_density: 1.25,1.25,1.25,1.25
; filament_diameter: 1.75,1.75,1.75,1.75
; max_z_height: 3.60
; HEADER_BLOCK_END

; filament: 1
; HEADER_BLOCK_END

; external perimeters extrusion width = 0.62mm
; perimeters extrusion width = 0.62mm
; infill extrusion width = 0.62mm
; solid infill extrusion width = 0.62mm
; top infill extrusion width = 0.62mm
; first layer extrusion width = 0.80mm

; external perimeters extrusion width = 0.62mm
; perimeters extrusion width = 0.62mm
; infill extrusion width = 0.62mm
; solid infill extrusion width = 0.62mm
; top infill extrusion width = 0.62mm
; first layer extrusion width = 0.80mm

; EXECUTABLE_BLOCK_START
EXCLUDE_OBJECT_DEFINE NAME=japanese_kikko_Top.stl_id_0_copy_0 CENTER=132.913,136.511 POLYGON=[[124.086,132.185],[124.136,131.732],[124.355,131.334],[124.713,131.053],[126.299,130.137],[127.885,129.221],[129.47,128.306],[131.453,127.161],[132.246,126.703],[132.663,126.52],[133.117,126.511],[133.54,126.68],[137.108,128.74],[140.28,130.571],[141.073,131.029],[141.44,131.299],[141.676,131.688],[141.74,132.138],[141.74,140.836],[141.69,141.289],[141.471,141.687],[141.114,141.969],[139.528,142.885],[137.942,143.8],[136.356,144.716],[134.373,145.86],[133.58,146.318],[133.163,146.501],[132.709,146.511],[132.286,146.342],[128.718,144.281],[125.546,142.45],[124.753,141.992],[124.386,141.723],[124.151,141.334],[124.086,140.883],[124.086,132.185]]
EXCLUDE_OBJECT_DEFINE NAME=japanese_kikko_Bottom.stl_id_1_copy_0 CENTER=123.087,119.489 POLYGON=[[114.26,115.164],[114.31,114.711],[114.529,114.313],[114.886,114.031],[116.472,113.115],[118.058,112.2],[119.644,111.284],[121.627,110.14],[122.42,109.682],[122.837,109.499],[123.291,109.489],[123.714,109.658],[127.282,111.719],[130.454,113.55],[131.247,114.008],[131.614,114.277],[131.849,114.666],[131.914,115.117],[131.914,123.815],[131.864,124.268],[131.645,124.666],[131.287,124.947],[129.701,125.863],[128.115,126.779],[126.53,127.694],[124.547,128.839],[123.754,129.297],[123.337,129.48],[122.883,129.489],[122.46,129.32],[118.892,127.26],[115.72,125.429],[114.927,124.971],[114.56,124.701],[114.324,124.312],[114.26,123.862],[114.26,115.164]]
M73 P0 R5
M106 S0
M106 P2 S0
;TYPE:Custom
;===== CC2_START_GCODE ================
;===== date: 2026-01-16-001 =====================

G90
M104 S140
M140 S85
M190 S85 A
M106 S0
BED_MESH_CALIBRATE mesh_min=102.332,97.5644 mesh_max=153.668,158.436 ALGORITHM=bicubic PROBE_COUNT=4,4 ADAPTIVE=0 ADAPTIVE_MARGIN=0 FROM_SLICER=1
M204 S5000 ;Call exterior wall print acceleration
G28
M109 S260
M6211 A1 L200 T0 Q260 R260 S260
T0


G180 S7
G1 X127 Y-1.2 F20000
G1 Z0.5 F900
M73 P34 R3
M109 S260
M83
G92 E0 ;Reset Extruder
G1 E6 F251.567 
M106 S200
G1 X87 E20 F1200 
G1 F6000
M73 P35 R3
G1 X82 E0.8

M106 S0
G180 S8
G1 F20000
G92 E0 ;Reset Extruder
SET_PRINT_STATS_INFO TOTAL_LAYER=12 CURRENT_LAYER=0
;LAYER_COUNT:12
;LAYER:0
G90
G21
M83 ; use relative distances for extrusion
; filament start gcode
M106 P3 S200


SET_PRESSURE_ADVANCE ADVANCE=0.04; Override pressure advance value
T0
M106 P2 S0
;LAYER_CHANGE
;Z:0.3
;HEIGHT:0.3
;BEFORE_LAYER_CHANGE
;0.3
G92 E0

G1 E-.8 F1800
M73 L1
;LAYER:1
SET_PRINT_STATS_INFO TOTAL_LAYER=12 CURRENT_LAYER=1
;_SET_FAN_SPEED_CHANGING_LAYER
SET_VELOCITY_LIMIT ACCEL=500
G1 X106.481 Y104.522 F30000
G1 Z.7
M73 P36 R3
G1 Z.3
G1 E.8 F1800
;TYPE:Skirt
;WIDTH:0.8
G1 F3000
G1 X107.971 Y103.276 E.16944
G1 X109.094 Y102.529 E.1176
G1 X116.834 Y98.066 E.77933
G1 X118.396 Y97.331 E.15053
G1 X120.163 Y96.756 E.16206
G1 X121.845 Y96.484 E.14861
G1 X123.289 Y96.434 E.12597
G1 X125.17 Y96.587 E.16461
G1 X126.447 Y96.874 E.11416
G1 X128.011 Y97.427 E.14475
G1 X129.221 Y98.004 E.11686
G1 X137.214 Y102.612 E.80472
G1 X138.628 Y103.594 E.15016
G1 X140.126 Y104.959 E.17677
G1 X141.089 Y106.159 E.13418
G1 X141.737 Y107.178 E.10534
G1 X151.607 Y124.274 E1.72169
G1 X152.49 Y126.116 E.17815
G1 X152.976 Y127.767 E.15012
G1 X153.183 Y129 E.10903
G1 X153.299 Y130.623 E.1419
G1 X153.3 Y139.335 E.75989
G1 X153.232 Y140.579 E.10869
G1 X153.006 Y142.126 E.13628
G1 X152.703 Y143.298 E.10561
G1 X152.155 Y144.694 E.13079
G1 X151.474 Y145.971 E.12622
G1 X150.405 Y147.517 E.16395
G1 X149.519 Y148.478 E.114
G1 X148.266 Y149.55 E.14382
G1 X147.156 Y150.315 E.1176
G1 X139.166 Y154.934 E.80498
G1 X137.604 Y155.669 E.15053
G1 X135.637 Y156.291 E.17994
G1 X133.569 Y156.552 E.18181
G1 X131.444 Y156.498 E.18535
G1 X129.553 Y156.126 E.16809
G1 X127.989 Y155.573 E.14472
G1 X126.521 Y154.859 E.14238
G1 X118.975 Y150.504 E.75989
G1 X117.561 Y149.552 E.14866
G1 X116.411 Y148.586 E.13101
G1 X115.15 Y147.166 E.16566
G1 X114.263 Y145.822 E.14046
G1 X104.393 Y128.726 E1.7217
G1 X103.51 Y126.884 E.17815
M73 P37 R3
G1 X103.024 Y125.233 E.15012
G1 X102.817 Y124 E.10903
G1 X102.701 Y122.377 E.1419
G1 X102.7 Y113.665 E.75989
G1 X102.818 Y111.957 E.14934
G1 X103.081 Y110.478 E.13102
G1 X103.682 Y108.676 E.1657
G1 X104.404 Y107.235 E.14052
G1 X105.218 Y105.968 E.13138
G1 X106.441 Y104.567 E.16217
G1 X106.976 Y105.07 F30000
G1 F3000
G1 X107.013 Y105.03 E.00476
G1 X108.384 Y103.885 E.15577
G1 X109.462 Y103.166 E.113
G1 X117.167 Y98.722 E.77585
G1 X118.653 Y98.02 E.14331
G1 X120.351 Y97.468 E.15572
G1 X121.89 Y97.218 E.13598
G1 X123.261 Y97.169 E.11968
G1 X125.069 Y97.316 E.15817
G1 X126.273 Y97.589 E.10772
G1 X127.738 Y98.11 E.13561
G1 X128.9 Y98.665 E.1123
G1 X136.813 Y103.228 E.79668
G1 X138.16 Y104.162 E.14296
G1 X139.584 Y105.456 E.16782
G1 X140.476 Y106.565 E.12414
G1 X141.108 Y107.559 E.10277
G1 X150.97 Y124.642 E1.72035
G1 X151.809 Y126.392 E.1693
G1 X152.253 Y127.902 E.13724
G1 X152.455 Y129.104 E.10632
G1 X152.563 Y130.623 E.13279
G1 X152.516 Y140.317 E.84554
G1 X152.281 Y142.003 E.14849
G1 X152.013 Y143.038 E.09325
G1 X151.497 Y144.365 E.12415
G1 X150.852 Y145.579 E.11991
G1 X149.824 Y147.065 E.15754
G1 X148.987 Y147.97 E.10758
G1 X147.811 Y148.972 E.13474
G1 X146.743 Y149.706 E.113
G1 X138.833 Y154.278 E.7969
G1 X137.347 Y154.98 E.14331
G1 X135.478 Y155.573 E.171
G1 X133.524 Y155.817 E.17177
G1 X131.545 Y155.769 E.17262
G1 X129.727 Y155.411 E.16165
G1 X128.262 Y154.89 E.13558
G1 X126.888 Y154.222 E.13324
G1 X119.342 Y149.867 E.75989
G1 X117.995 Y148.959 E.14172
M73 P38 R3
G1 X116.933 Y148.068 E.12093
G1 X115.72 Y146.701 E.15931
G1 X114.892 Y145.441 E.13159
G1 X105.03 Y128.358 E1.72035
G1 X104.191 Y126.608 E.1693
G1 X103.747 Y125.098 E.13724
G1 X103.545 Y123.896 E.10632
G1 X103.437 Y122.377 E.13279
G1 X103.436 Y113.665 E.75989
G1 X103.499 Y112.5 E.10171
G1 X103.719 Y110.997 E.13254
G1 X104.063 Y109.739 E.11373
G1 X104.766 Y108.108 E.15493
G1 X105.605 Y106.695 E.14325
G1 X106.264 Y105.826 E.09513
G1 X106.934 Y105.113 E.08536
G1 E-.692 F1800
;WIPE_START
G1 F30000
G1 X107.013 Y105.03 E-.00687
G1 X108.307 Y103.95 E-.10113
;WIPE_END
G1 X111.481 Y110.891 Z.7
G1 X118.398 Y126.015 Z.7
G1 Z.3
G1 E.8 F1800
;TYPE:Brim
G1 F3300
G1 X122.226 Y128.225 E.3855
G1 X122.708 Y128.423 E.04543
G1 X122.847 Y128.45 E.01236
G1 X123.341 Y128.448 E.04306
G1 X123.482 Y128.419 E.01259
G1 X123.988 Y128.202 E.04799
G1 X131.581 Y123.811 E.765
G1 X131.964 Y123.499 E.04308
G1 X132.057 Y123.387 E.01274
G1 X132.288 Y122.951 E.04299
G1 X132.329 Y122.819 E.0121
G1 X132.382 Y122.315 E.04417
G1 X132.382 Y117.949 E.38083
G1 X132.962 Y117.924 E.05067
G1 X133.786 Y117.955 E.07185
G1 X134.402 Y118.042 E.05431
G1 X135.197 Y118.235 E.0713
G1 X136.167 Y118.597 E.09032
G1 X137.082 Y119.041 E.08872
G1 X144.608 Y123.385 E.75788
G1 X145.257 Y123.808 E.0676
G1 X145.617 Y124.071 E.03889
G1 X146.255 Y124.598 E.07221
G1 X146.678 Y125.026 E.05244
G1 X147.194 Y125.661 E.07137
G1 X147.735 Y126.51 E.08785
G1 X148.12 Y127.239 E.07186
G1 X148.34 Y127.781 E.05102
G1 X148.584 Y128.603 E.07474
G1 X148.756 Y129.625 E.09042
G1 X148.828 Y130.636 E.08842
G1 X148.829 Y139.326 E.75788
G1 X148.786 Y140.104 E.06803
M73 P39 R3
G1 X148.738 Y140.548 E.03888
G1 X148.6 Y141.364 E.07221
G1 X148.441 Y141.944 E.05247
G1 X148.149 Y142.708 E.07136
G1 X147.683 Y143.602 E.08788
G1 X147.244 Y144.299 E.07187
G1 X146.889 Y144.755 E.05037
G1 X146.299 Y145.376 E.07474
G1 X145.506 Y146.032 E.08971
G1 X144.659 Y146.606 E.08927
G1 X137.134 Y150.951 E.75789
G1 X136.44 Y151.303 E.06788
G1 X136.032 Y151.483 E.03888
G1 X135.256 Y151.772 E.07221
G1 X134.676 Y151.924 E.05229
G1 X133.865 Y152.054 E.07165
G1 X133.304 Y152.088 E.049
G1 X132.868 Y152.097 E.03806
G1 X132.041 Y152.066 E.07218
G1 X131.424 Y151.979 E.05431
G1 X130.63 Y151.786 E.0713
G1 X129.659 Y151.425 E.09032
G1 X128.744 Y150.98 E.08872
G1 X121.219 Y146.636 E.75788
G1 X120.569 Y146.213 E.0676
G1 X120.209 Y145.95 E.03889
G1 X119.571 Y145.423 E.07221
G1 X119.148 Y144.995 E.05244
G1 X118.632 Y144.361 E.07137
G1 X118.091 Y143.511 E.08785
G1 X117.706 Y142.783 E.07186
G1 X117.486 Y142.241 E.05102
G1 X117.243 Y141.419 E.07474
G1 X117.071 Y140.397 E.09042
G1 X116.999 Y139.385 E.08842
G1 X116.998 Y130.696 E.75788
G1 X117.04 Y129.917 E.06803
G1 X117.088 Y129.474 E.03888
G1 X117.226 Y128.658 E.07221
G1 X117.386 Y128.078 E.05247
G1 X117.679 Y127.31 E.07165
G1 X118.141 Y126.423 E.08724
G1 X118.366 Y126.066 E.03684
G1 X118.662 Y127.121 F30000
G1 F3300
G1 X118.861 Y127.132 E.01738
G1 X121.847 Y128.856 E.3007
G1 X122.419 Y129.1 E.05429
G1 X122.694 Y129.17 E.02473
G1 X122.982 Y129.185 E.02517
G1 X123.118 Y129.241 E.01277
G1 X123.188 Y129.37 E.01277
G1 X123.165 Y129.509 E.01232
G1 X123.069 Y129.691 E.01793
G1 X122.97 Y129.961 E.0251
G1 X122.938 Y130.114 E.01368
G1 X122.883 Y130.696 E.05092
G1 X122.883 Y139.369 E.75645
G1 X122.973 Y140.041 E.0592
G1 X123.015 Y140.205 E.01476
G1 X123.139 Y140.485 E.0267
G1 X123.384 Y140.877 E.0403
G1 X123.568 Y141.097 E.02503
G1 X124.118 Y141.512 E.06009
G1 X131.798 Y145.937 E.77308
G1 X132.294 Y146.132 E.04649
G1 X132.599 Y146.202 E.02729
G1 X133.229 Y146.196 E.05493
G1 X133.512 Y146.147 E.02506
G1 X133.66 Y146.097 E.01366
G1 X134.191 Y145.855 E.05089
G1 X141.819 Y141.439 E.76869
G1 X142.239 Y141.104 E.04692
G1 X142.361 Y140.985 E.01484
G1 X142.541 Y140.739 E.02657
G1 X142.757 Y140.331 E.04029
G1 X142.856 Y140.061 E.0251
G1 X142.938 Y139.425 E.05595
G1 X142.944 Y130.653 E.76506
G1 X142.853 Y129.98 E.0592
G1 X142.811 Y129.816 E.01476
G1 X142.688 Y129.536 E.0267
G1 X142.346 Y129.019 E.05408
G1 X142.137 Y128.817 E.02534
G1 X141.665 Y128.482 E.05046
G1 X134.153 Y124.144 E.75658
G1 X133.581 Y123.9 E.05429
G1 X133.306 Y123.83 E.02473
G1 X133.018 Y123.815 E.02517
G1 X132.882 Y123.759 E.01277
G1 X132.812 Y123.63 E.01277
G1 X132.835 Y123.491 E.01232
G1 X132.931 Y123.309 E.01793
G1 X133.03 Y123.039 E.0251
G1 X133.112 Y122.403 E.05596
G1 X133.117 Y118.895 E.30595
G1 X133.166 Y118.757 E.01277
G1 X133.346 Y118.675 E.01727
M73 P40 R3
G1 X133.709 Y118.688 E.03163
G1 X134.274 Y118.768 E.04979
G1 X134.993 Y118.944 E.06455
G1 X135.887 Y119.278 E.08323
G1 X136.744 Y119.695 E.08312
G1 X144.228 Y124.015 E.75369
G1 X144.834 Y124.41 E.06309
G1 X145.16 Y124.649 E.03524
G1 X145.75 Y125.135 E.06666
G1 X146.137 Y125.526 E.04798
G1 X146.604 Y126.103 E.06473
G1 X147.103 Y126.888 E.08119
G1 X147.448 Y127.54 E.06429
G1 X147.641 Y128.014 E.04467
G1 X147.868 Y128.782 E.0698
G1 X148.025 Y129.723 E.08322
G1 X148.092 Y130.67 E.08284
G1 X148.093 Y139.3 E.75265
G1 X148.053 Y140.039 E.06454
G1 X148.01 Y140.44 E.03522
G1 X147.883 Y141.194 E.06666
G1 X147.737 Y141.725 E.04801
G1 X147.471 Y142.417 E.06473
G1 X147.039 Y143.243 E.08122
G1 X146.647 Y143.867 E.06432
G1 X146.337 Y144.266 E.04405
G1 X145.785 Y144.846 E.06983
G1 X145.073 Y145.436 E.08069
G1 X144.261 Y145.986 E.0855
G1 X136.789 Y150.301 E.75263
G1 X136.13 Y150.636 E.0644
G1 X135.749 Y150.804 E.03635
G1 X135.045 Y151.066 E.06554
G1 X134.535 Y151.201 E.04598
G1 X133.769 Y151.323 E.0676
G1 X132.867 Y151.361 E.07874
G1 X132.095 Y151.331 E.06743
G1 X131.552 Y151.253 E.04781
G1 X130.858 Y151.085 E.06228
G1 X129.959 Y150.751 E.08366
G1 X129.083 Y150.326 E.08496
G1 X121.599 Y146.006 E.75369
G1 X120.992 Y145.611 E.06309
G1 X120.666 Y145.373 E.03524
G1 X120.076 Y144.887 E.06666
G1 X119.69 Y144.495 E.04798
G1 X119.238 Y143.939 E.0625
G1 X118.723 Y143.133 E.08342
G1 X118.379 Y142.481 E.06429
G1 X118.185 Y142.007 E.04467
G1 X117.959 Y141.24 E.0698
G1 X117.801 Y140.299 E.08322
G1 X117.734 Y139.351 E.08284
G1 X117.733 Y130.722 E.75265
G1 X117.773 Y129.983 E.06454
G1 X117.817 Y129.581 E.03522
G1 X117.948 Y128.806 E.06861
G1 X118.089 Y128.297 E.04606
G1 X118.346 Y127.625 E.06278
G1 X118.555 Y127.221 E.03966
G1 X118.618 Y127.162 E.00754
G1 X118.975 Y128.176 F30000
G1 F3300
G1 X119.119 Y128.148 E.01277
G1 X119.197 Y128.175 E.00721
G1 X121.469 Y129.487 E.22879
G1 X122.085 Y129.757 E.05868
G1 X122.192 Y129.857 E.01277
G1 X122.216 Y129.98 E.01093
G1 X122.147 Y130.706 E.06364
G1 X122.147 Y139.355 E.75436
G1 X122.243 Y140.13 E.06808
G1 X122.3 Y140.375 E.02195
G1 X122.523 Y140.889 E.04887
G1 X122.828 Y141.358 E.04883
G1 X122.995 Y141.559 E.02276
G1 X123.135 Y141.692 E.0168
G1 X123.762 Y142.156 E.06804
G1 X131.417 Y146.566 E.77055
G1 X132.145 Y146.853 E.0683
G1 X132.422 Y146.916 E.02471
G1 X132.618 Y146.938 E.01721
G1 X133.368 Y146.918 E.06544
G1 X133.756 Y146.841 E.03452
G1 X133.973 Y146.763 E.02015
G1 X134.568 Y146.487 E.05721
G1 X142.174 Y142.083 E.76654
G1 X142.692 Y141.684 E.05697
G1 X142.865 Y141.52 E.02088
G1 X143.198 Y141.069 E.04883
G1 X143.401 Y140.687 E.03775
G1 X143.543 Y140.324 E.03402
G1 X143.588 Y140.143 E.01627
G1 X143.666 Y139.532 E.05365
G1 X143.679 Y130.667 E.77326
G1 X143.584 Y129.896 E.06775
G1 X143.478 Y129.507 E.03509
M73 P41 R3
G1 X143.293 Y129.118 E.03763
G1 X142.967 Y128.624 E.05167
G1 X142.849 Y128.482 E.01607
G1 X142.552 Y128.21 E.03507
G1 X142.101 Y127.889 E.04836
G1 X134.531 Y123.513 E.76253
G1 X133.906 Y123.239 E.05955
G1 X133.799 Y123.139 E.01277
G1 X133.775 Y123.012 E.01133
G1 X133.848 Y122.391 E.05447
G1 X133.852 Y119.705 E.23428
G1 X133.901 Y119.567 E.01277
G1 X134.025 Y119.49 E.01277
G1 X134.124 Y119.49 E.0086
G1 X134.788 Y119.653 E.05965
G1 X135.586 Y119.952 E.07436
G1 X136.391 Y120.342 E.07803
G1 X143.838 Y124.64 E.74985
G1 X144.697 Y125.222 E.09055
G1 X145.244 Y125.672 E.06177
G1 X145.595 Y126.026 E.04346
G1 X146.012 Y126.544 E.05802
G1 X146.471 Y127.266 E.07461
G1 X146.775 Y127.842 E.05684
G1 X146.942 Y128.248 E.03824
G1 X147.152 Y128.96 E.06479
G1 X147.294 Y129.82 E.07601
G1 X147.356 Y130.704 E.07729
G1 X147.357 Y139.274 E.74746
G1 X147.32 Y139.973 E.06107
G1 X147.28 Y140.346 E.03269
G1 X147.166 Y141.024 E.05997
G1 X147.04 Y141.484 E.04159
M73 P41 R2
G1 X146.793 Y142.125 E.05992
G1 X146.405 Y142.868 E.07309
G1 X146.049 Y143.435 E.05843
G1 X145.771 Y143.794 E.03959
G1 X145.272 Y144.316 E.06294
G1 X144.622 Y144.852 E.07355
G1 X143.863 Y145.366 E.0799
G1 X136.443 Y149.651 E.74737
G1 X135.81 Y149.973 E.06196
G1 X135.466 Y150.124 E.03276
G1 X134.832 Y150.36 E.05898
G1 X134.372 Y150.482 E.04152
G1 X133.683 Y150.59 E.06085
G1 X132.875 Y150.625 E.0705
G1 X132.173 Y150.598 E.06129
G1 X131.681 Y150.528 E.04332
G1 X131.062 Y150.376 E.05564
G1 X130.238 Y150.069 E.07661
G1 X129.421 Y149.672 E.07931
G1 X121.975 Y145.373 E.74984
G1 X121.129 Y144.8 E.08916
G1 X120.582 Y144.35 E.06177
G1 X120.231 Y143.995 E.04351
G1 X119.828 Y143.497 E.05587
G1 X119.355 Y142.755 E.07678
G1 X119.051 Y142.179 E.05677
G1 X118.884 Y141.774 E.03824
G1 X118.674 Y141.061 E.06479
G1 X118.532 Y140.201 E.07601
G1 X118.47 Y139.318 E.07729
G1 X118.469 Y130.748 E.74746
G1 X118.506 Y130.048 E.06107
G1 X118.547 Y129.676 E.03266
G1 X118.665 Y128.977 E.06183
G1 X118.786 Y128.537 E.0398
G1 X118.88 Y128.287 E.02329
G1 X118.936 Y128.221 E.00754
G1 X119.42 Y129.312 F30000
G1 F3300
G1 X119.532 Y129.263 E.01063
G1 X119.66 Y129.292 E.01143
G1 X121.092 Y130.119 E.14429
G1 X121.307 Y130.219 E.02065
G1 X121.412 Y130.321 E.01277
G1 X121.434 Y130.437 E.01022
G1 X121.411 Y130.715 E.02434
G1 X121.419 Y139.459 E.76262
G1 X121.511 Y140.206 E.06569
G1 X121.632 Y140.685 E.04312
G1 X121.843 Y141.168 E.04589
G1 X122.205 Y141.75 E.05988
G1 X122.425 Y142.024 E.03056
G1 X122.619 Y142.217 E.02389
G1 X123.406 Y142.799 E.08534
G1 X131.036 Y147.196 E.76812
G1 X131.864 Y147.533 E.07797
G1 X132.249 Y147.631 E.03463
G1 X132.527 Y147.668 E.02447
G1 X133.521 Y147.638 E.08672
G1 X133.887 Y147.565 E.03255
G1 X134.214 Y147.458 E.03001
G1 X134.946 Y147.118 E.07032
G1 X142.531 Y142.727 E.7645
G1 X143.134 Y142.271 E.06588
G1 X143.365 Y142.059 E.02733
M73 P42 R2
G1 X143.854 Y141.402 E.07144
G1 X144.089 Y140.946 E.04476
G1 X144.26 Y140.488 E.04262
G1 X144.318 Y140.227 E.02339
G1 X144.394 Y139.64 E.05156
G1 X144.415 Y130.68 E.78146
G1 X144.316 Y129.819 E.07567
G1 X144.192 Y129.329 E.04408
G1 X143.962 Y128.813 E.04923
G1 X143.526 Y128.146 E.06955
G1 X143.337 Y127.932 E.02488
G1 X143.059 Y127.676 E.03296
G1 X142.535 Y127.295 E.0565
G1 X134.908 Y122.881 E.76857
G1 X134.695 Y122.782 E.02049
G1 X134.59 Y122.679 E.01277
G1 X134.568 Y122.564 E.01027
G1 X134.583 Y122.383 E.01577
G1 X134.586 Y120.681 E.14851
G1 X134.635 Y120.543 E.01277
G1 X134.759 Y120.465 E.01277
G1 X134.884 Y120.474 E.0109
G1 X135.306 Y120.633 E.03932
G1 X136.053 Y120.996 E.07249
G1 X143.454 Y125.268 E.74524
G1 X144.248 Y125.806 E.08368
G1 X144.756 Y126.224 E.05736
G1 X145.052 Y126.525 E.03689
G1 X145.406 Y126.963 E.04908
G1 X145.829 Y127.628 E.06875
G1 X146.103 Y128.145 E.05105
G1 X146.243 Y128.481 E.03174
G1 X146.43 Y129.112 E.05736
G1 X146.561 Y129.896 E.06932
G1 X146.62 Y130.722 E.07224
G1 X146.622 Y139.248 E.74366
G1 X146.587 Y139.908 E.05759
G1 X146.449 Y140.851 E.08311
G1 X146.343 Y141.244 E.0355
G1 X146.116 Y141.833 E.05506
G1 X145.771 Y142.493 E.06503
G1 X145.451 Y143.004 E.05251
G1 X145.205 Y143.321 E.03505
G1 X144.76 Y143.785 E.05599
G1 X144.172 Y144.269 E.06646
G1 X143.466 Y144.746 E.07434
G1 X136.097 Y149.002 E.74214
G1 X135.5 Y149.305 E.05842
G1 X134.624 Y149.653 E.08225
G1 X134.209 Y149.763 E.03738
G1 X133.597 Y149.858 E.05406
G1 X132.882 Y149.888 E.06239
G1 X132.251 Y149.865 E.05513
G1 X131.811 Y149.802 E.03875
G1 X131.266 Y149.667 E.04892
G1 X130.519 Y149.388 E.06962
G1 X129.759 Y149.018 E.07369
G1 X122.359 Y144.745 E.74524
G1 X121.578 Y144.216 E.0823
G1 X121.087 Y143.813 E.05539
G1 X120.773 Y143.496 E.03895
G1 X120.419 Y143.056 E.04917
G1 X119.988 Y142.377 E.07022
G1 X119.723 Y141.876 E.04939
G1 X119.584 Y141.54 E.03174
G1 X119.391 Y140.883 E.0597
G1 X119.262 Y140.105 E.0688
G1 X119.206 Y139.284 E.07177
G1 X119.205 Y130.773 E.74231
G1 X119.239 Y130.114 E.05758
G1 X119.331 Y129.452 E.05824
G1 X119.382 Y129.354 E.00968
G1 E-.692 F1800
;WIPE_START
G1 F30000
G1 X119.532 Y129.263 E-.01053
G1 X119.66 Y129.292 E-.00787
G1 X120.953 Y130.038 E-.08961
;WIPE_END
G1 X120.089 Y130.492 Z.7
G1 Z.3
G1 E.8 F1800
G1 F3300
G1 X120.119 Y130.473 E.00313
G1 X120.277 Y130.497 E.01394
G1 X120.566 Y130.664 E.02906
G1 X120.661 Y130.775 E.01277
G1 X120.676 Y130.855 E.00708
G1 X120.683 Y139.447 E.74935
G1 X120.779 Y140.285 E.07357
G1 X120.916 Y140.852 E.05092
G1 X121.163 Y141.45 E.05641
G1 X121.576 Y142.131 E.06942
G1 X121.844 Y142.475 E.03813
G1 X122.193 Y142.816 E.04251
G1 X123.049 Y143.443 E.09251
G1 X130.657 Y147.826 E.76584
G1 X131.576 Y148.21 E.08687
M73 P43 R2
G1 X132.057 Y148.341 E.04351
G1 X132.418 Y148.395 E.03181
G1 X133.674 Y148.357 E.10962
G1 X134.02 Y148.288 E.03075
G1 X134.432 Y148.16 E.03762
G1 X135.323 Y147.75 E.08557
G1 X142.889 Y143.37 E.76246
G1 X143.637 Y142.808 E.08165
G1 X143.965 Y142.485 E.04014
G1 X144.435 Y141.854 E.06857
G1 X144.738 Y141.294 E.05558
G1 X144.981 Y140.635 E.0612
G1 X145.049 Y140.313 E.02873
G1 X145.13 Y139.629 E.06005
G1 X145.15 Y130.694 E.77929
G1 X145.048 Y129.747 E.0831
G1 X144.907 Y129.156 E.05301
G1 X144.569 Y128.397 E.07245
G1 X144.148 Y127.754 E.06702
G1 X143.895 Y127.453 E.03432
G1 X143.482 Y127.075 E.04887
G1 X142.977 Y126.707 E.05443
G1 X135.429 Y122.333 E.76085
G1 X135.334 Y122.222 E.01277
G1 X135.32 Y121.81 E.03596
G1 X135.369 Y121.672 E.01277
G1 X135.493 Y121.595 E.01277
G1 X135.637 Y121.612 E.01264
G1 X143.07 Y125.896 E.74824
G1 X143.799 Y126.39 E.0768
G1 X144.267 Y126.776 E.05289
G1 X144.509 Y127.024 E.03028
G1 X144.8 Y127.384 E.04032
G1 X145.197 Y128.006 E.06444
G1 X145.432 Y128.45 E.04378
G1 X145.544 Y128.717 E.02524
G1 X145.708 Y129.265 E.04992
G1 X145.828 Y129.973 E.0626
G1 X145.884 Y130.741 E.06714
G1 X145.886 Y139.223 E.73985
G1 X145.853 Y139.845 E.05431
G1 X145.729 Y140.689 E.07438
G1 X145.646 Y141.004 E.02844
G1 X145.439 Y141.54 E.05011
G1 X145.136 Y142.12 E.05703
G1 X144.853 Y142.573 E.04657
G1 X144.639 Y142.848 E.03044
G1 X144.249 Y143.252 E.04897
G1 X143.723 Y143.685 E.05943
G1 X143.069 Y144.126 E.06882
G1 X135.752 Y148.352 E.73696
G1 X135.206 Y148.629 E.05335
G1 X134.406 Y148.948 E.07519
G1 X134.047 Y149.043 E.03234
G1 X133.512 Y149.125 E.04718
G1 X132.889 Y149.151 E.05443
G1 X132.305 Y149.129 E.05099
G1 X131.941 Y149.076 E.03208
G1 X131.473 Y148.959 E.04211
G1 X130.799 Y148.706 E.0627
G1 X130.098 Y148.364 E.06811
G1 X122.744 Y144.117 E.74067
G1 X122.027 Y143.631 E.0755
G1 X121.592 Y143.276 E.049
G1 X121.315 Y142.996 E.03431
G1 X121.011 Y142.617 E.0424
G1 X120.62 Y141.999 E.06374
G1 X120.394 Y141.572 E.04217
G1 X120.283 Y141.306 E.02516
G1 X120.107 Y140.706 E.05452
G1 X119.993 Y140.009 E.06157
G1 X119.941 Y139.251 E.06631
G1 X119.946 Y130.688 E.74678
G1 X119.995 Y130.55 E.01277
G1 X120.038 Y130.524 E.00441
G1 E-.692 F1800
;WIPE_START
G1 F30000
G1 X120.119 Y130.473 E-.00575
G1 X120.277 Y130.497 E-.00959
G1 X120.566 Y130.664 E-.01999
G1 X120.661 Y130.775 E-.00879
G1 X120.676 Y130.855 E-.00487
G1 X120.677 Y131.838 E-.05901
;WIPE_END
G1 X123.618 Y130.685 Z.7
G1 Z.3
G1 E.8 F1800
G1 F3300
G1 X123.671 Y130.181 E.04417
G1 X123.712 Y130.049 E.0121
G1 X123.943 Y129.613 E.04299
G1 X124.036 Y129.5 E.01281
G1 X124.479 Y129.148 E.04935
G1 X132.012 Y124.798 E.75866
M73 P44 R2
G1 X132.518 Y124.581 E.04799
G1 X132.659 Y124.552 E.01259
G1 X133.153 Y124.55 E.04306
G1 X133.292 Y124.577 E.01236
G1 X133.774 Y124.775 E.04543
G1 X141.307 Y129.124 E.75865
G1 X141.717 Y129.421 E.04415
G1 X141.811 Y129.523 E.01209
G1 X142.073 Y129.94 E.043
G1 X142.125 Y130.079 E.01287
G1 X142.208 Y130.638 E.04933
G1 X142.208 Y139.336 E.75866
G1 X142.155 Y139.84 E.04417
G1 X142.115 Y139.973 E.0121
G1 X141.883 Y140.408 E.04299
G1 X141.79 Y140.521 E.01281
G1 X141.347 Y140.874 E.04935
G1 X133.814 Y145.223 E.75866
G1 X133.352 Y145.429 E.04416
G1 X133.217 Y145.46 E.01208
G1 X132.724 Y145.478 E.04299
G1 X132.579 Y145.454 E.01286
G1 X132.052 Y145.247 E.04935
G1 X124.477 Y140.87 E.7631
G1 X124.109 Y140.6 E.03974
G1 X124.015 Y140.499 E.01205
G1 X123.753 Y140.081 E.043
G1 X123.702 Y139.943 E.01287
G1 X123.618 Y139.383 E.04933
G1 X123.618 Y130.745 E.75342
G1 E-.692 F1800
;WIPE_START
G1 F30000
G1 X123.671 Y130.181 E-.03397
G1 X123.712 Y130.049 E-.00832
G1 X123.943 Y129.613 E-.02957
G1 X124.036 Y129.5 E-.00881
G1 X124.392 Y129.216 E-.02732
;WIPE_END
EXCLUDE_OBJECT_START NAME=japanese_kikko_Top.stl_id_0_copy_0
G1 X130.797 Y133.368 Z.7
G1 X141.046 Y140.013 Z.7
G1 Z.3
G1 E.8 F1800
;TYPE:Outer wall
G1 F2100
G2 X141.314 Y139.552 I-1.857 J-1.389 E.04666
G1 X141.301 Y139.666 E.01003
G1 X141.16 Y139.923 E.02561
G1 X141.093 Y139.976 E.00744
G1 E-.74163 F1800
;WIPE_START
G1 F30000
G1 X141.231 Y139.728 E-.01705
G1 X141.314 Y139.552 E-.01168
G1 X141.301 Y139.666 E-.0069
G1 X141.16 Y139.923 E-.01762
G1 X141.093 Y139.976 E-.00512
;WIPE_END
G1 X133.46 Y139.963 Z.7
G1 X124.687 Y139.947 Z.7
G1 Z.3
M73 P45 R2
G1 E.8 F1800
G1 F2100
G1 X124.535 Y139.697 E.02559
G1 X124.513 Y139.54 E.01378
G1 X124.601 Y139.728 E.0181
G2 X124.798 Y140.029 I1.629 J-.85 E.03147
G1 X124.735 Y139.983 E.00683
G1 E-.73079 F1800
;WIPE_START
G1 F30000
G1 X124.535 Y139.697 E-.02097
G1 X124.513 Y139.54 E-.00948
G1 X124.601 Y139.728 E-.01245
G1 X124.798 Y140.029 E-.02161
G1 X124.735 Y139.983 E-.0047
;WIPE_END
G1 X124.718 Y132.351 Z.7
G1 X124.713 Y130.108 Z.7
G1 Z.3
G1 E.8 F1800
G1 F2100
G2 X124.51 Y130.486 I1.818 J1.216 E.03746
G1 X124.525 Y130.355 E.01143
G1 X124.667 Y130.098 E.02561
G1 X124.795 Y129.997 E.01422
G1 X124.749 Y130.059 E.00675
G1 E-.73079 F1800
;WIPE_START
G1 F30000
G1 X124.51 Y130.486 E-.02929
G1 X124.525 Y130.355 E-.00787
G1 X124.667 Y130.098 E-.01762
G1 X124.795 Y129.997 E-.00978
G1 X124.749 Y130.059 E-.00464
;WIPE_END
G1 X130.837 Y134.662 Z.7
G1 X139.065 Y140.883 Z.7
G1 Z.3
G1 E.8 F1800
G1 F2100
G2 X139.624 Y140.867 I.214 J-2.249 E.04892
G1 X138.438 Y141.552 E.11946
G2 X137.075 Y142.166 I1.823 J5.863 E.13071
G1 X133.332 Y144.327 E.37698
G1 X133.042 Y144.454 E.02755
G1 X132.809 Y144.459 E.02032
G1 X132.527 Y144.346 E.0265
G1 X128.792 Y142.19 E.37617
G2 X127.429 Y141.575 I-3.173 J5.22 E.13073
G1 X126.2 Y140.866 E.12375
G2 X127.531 Y140.664 I.35 J-2.186 E.11933
G2 X128.166 Y140.358 I-.246 J-1.32 E.06218
G2 X128.866 Y138.225 I-1.449 J-1.657 E.20544
G2 X126.062 Y136.398 I-2.287 J.445 E.32565
G2 X125.289 Y136.873 I.457 J1.612 E.08007
G2 X124.486 Y137.903 I1.274 J1.822 E.11563
G1 X124.486 Y136.525 E.12016
G2 X124.635 Y135.034 I-5.932 J-1.346 E.131
G2 X124.486 Y133.543 I-6.081 J-.145 E.131
G1 X124.486 Y132.119 E.12426
G2 X125.289 Y133.149 I2.077 J-.792 E.11563
G2 X126.778 Y133.684 I1.27 J-1.193 E.14326
G2 X128.346 Y129.825 I-.216 J-2.336 E.44711
G2 X127.722 Y129.396 I-1.441 J1.43 E.06642
G3 X127.192 Y129.22 I.607 J-2.714 E.04876
G2 X126.2 Y129.156 I-.66 J2.483 E.08728
G1 X127.388 Y128.47 E.11968
M73 P46 R2
G2 X128.751 Y127.856 I-1.836 J-5.892 E.13068
G1 X132.495 Y125.695 E.37698
G1 X132.784 Y125.568 E.02755
G1 X133.017 Y125.563 E.02032
G1 X133.299 Y125.676 E.0265
G1 X140.772 Y129.99 E.7526
G1 X141.027 Y130.177 E.02756
G1 X141.147 Y130.377 E.02031
G1 X141.19 Y130.677 E.0265
G1 X141.191 Y134.99 E.37619
G2 X141.34 Y136.478 I6.107 J.138 E.13073
G1 X141.34 Y137.886 E.12284
G2 X140.539 Y136.87 I-2.077 J.813 E.11457
G1 X140.232 Y136.599 E.03564
G2 X137.97 Y136.723 I-1.032 J1.871 E.20832
G2 X137.486 Y140.196 I1.3 J1.951 E.34555
G2 X138.11 Y140.624 I1.42 J-1.406 E.06635
G3 X138.64 Y140.801 I-.669 J2.873 E.04875
G2 X139.005 Y140.877 I.639 J-2.167 E.03261
G1 E-.692 F1800
;WIPE_START
G1 F30000
G1 X139.281 Y140.896 E-.0166
G1 X139.624 Y140.867 E-.02064
G1 X138.603 Y141.457 E-.07076
;WIPE_END
G1 X137.425 Y141.129 Z.7
G1 Z.3
G1 E.8 F1800
;TYPE:Inner wall
G1 F2100
G1 X132.913 Y143.719 E.45376
G1 X129.155 Y141.55 E.37848
G2 X128.386 Y141.149 I-3.231 J5.259 E.07569
G1 X128.881 Y140.705 E.05802
G2 X125.858 Y135.69 I-2.302 J-2.031 E.67758
G1 X125.358 Y135.871 E.0464
G2 X125.332 Y134.14 I-13.8 J-.657 E.15107
G1 X125.858 Y134.332 E.04879
G2 X128.881 Y129.317 I.721 J-2.984 E.67762
G1 X128.405 Y128.89 E.05584
G1 X132.913 Y126.303 E.45337
G1 X140.455 Y130.657 E.7595
G1 X140.455 Y134.996 E.37848
M73 P47 R2
G2 X140.494 Y135.88 I6.294 J.167 E.0772
G2 X139.304 Y135.593 I-1.324 J2.877 E.10739
G1 X139.089 Y135.6 E.01882
G2 X136.952 Y140.705 I.185 J3.077 E.59922
G1 X137.381 Y141.089 E.05026
G1 E-.692 F1800
;WIPE_START
G1 F30000
G1 X135.829 Y142.002 E-.108
;WIPE_END
G1 X138.927 Y135.027 Z.7
G1 X140.087 Y132.413 Z.7
G1 Z.3
G1 E.8 F1800
;TYPE:Bottom surface
;WIDTH:0.819578
G1 F3300
G1 X137.338 Y129.664 E.34811
G1 X134.811 Y128.205 E.26126
G1 X139.756 Y133.15 E.62619
G1 X139.756 Y134.219 E.09564
G1 X132.743 Y127.206 E.88801
G1 X132.065 Y127.595 E.07006
G1 X139.366 Y134.896 E.92453
G2 X138.399 Y134.998 I-.18 J2.947 E.08744
G1 X131.386 Y127.985 E.88804
G1 X130.708 Y128.374 E.07006
G1 X137.613 Y135.28 E.87445
G2 X136.955 Y135.69 I1.728 J3.508 E.06954
G1 X130.029 Y128.763 E.87705
G1 X129.553 Y129.036 E.04914
M73 P48 R2
G3 X130.039 Y129.841 I-2.915 J2.309 E.08436
G1 X136.407 Y136.21 E.80647
G2 X135.968 Y136.838 I3.144 J2.669 E.06876
G1 X130.342 Y131.212 E.71241
G3 X130.247 Y132.186 I-2.942 J.207 E.08801
G1 X135.647 Y137.586 E.6838
G2 X135.494 Y138.5 I3.899 J1.126 E.08319
G1 X129.97 Y132.976 E.69946
G3 X129.564 Y133.639 I-3.455 J-1.66 E.06966
G1 X135.626 Y139.701 E.76764
G2 X136.277 Y140.982 I3.514 J-.979 E.12956
G1 X135.999 Y141.142 E.02869
G1 X129.048 Y134.19 E.88025
G3 X128.424 Y134.634 I-2.594 J-2.987 E.06868
G1 X135.321 Y141.531 E.87335
G1 X134.642 Y141.921 E.07005
G1 X130.117 Y137.395 E.57307
G3 X130.347 Y138.694 I-3.73 J1.332 E.11864
G1 X133.964 Y142.31 E.45795
G1 X133.285 Y142.7 E.07005
G1 X130.222 Y139.636 E.38789
G3 X129.927 Y140.41 I-3.675 J-.957 E.07425
G1 X132.673 Y143.156 E.34771
G1 E-.692 F1800
M73 P49 R2
;WIPE_START
G1 F30000
G1 X131.4 Y141.883 E-.108
;WIPE_END
G1 X133.061 Y134.433 Z.7
G1 X134.497 Y127.994 Z.7
G1 Z.3
G1 E.8 F1800
;TYPE:Gap infill
;WIDTH:0.579741
G1 F3300
G1 X134.326 Y127.863 E.01318
;WIDTH:0.53124
G1 X134.155 Y127.731 E.01194
;WIDTH:0.482739
G1 X133.984 Y127.6 E.0107
;WIDTH:0.434239
G1 X133.812 Y127.469 E.00946
;WIDTH:0.385738
G1 X133.641 Y127.337 E.00822
;WIDTH:0.337238
G1 X133.47 Y127.206 E.00698
;WIDTH:0.288737
G1 X133.299 Y127.075 E.00574
;WIDTH:0.240236
G1 X133.128 Y126.943 E.0045
;WIDTH:0.187712
G2 X132.913 Y126.791 I-.433 J.384 E.00389
;WIDTH:0.17563
G1 X132.834 Y126.807 E.00105
G1 E-.7952 F1800
;WIPE_START
G1 F30000
G1 X132.913 Y126.791 E-.0048
;WIPE_END
G1 X130.787 Y134.122 Z.7
G1 X129.933 Y137.064 Z.7
G1 Z.3
G1 E.8 F1800
;WIDTH:0.534454
G1 F3300
G1 X129.773 Y136.859 E.01455
;WIDTH:0.499095
G2 X129.599 Y136.637 I-4.614 J3.435 E.01452
;WIDTH:0.46692
G1 X129.487 Y136.508 E.00814
;WIDTH:0.423672
G1 X129.376 Y136.379 E.00726
G2 X128.858 Y135.86 I-5.401 J4.883 E.03123
;WIDTH:0.44184
G1 X128.729 Y135.749 E.00763
;WIDTH:0.468492
G1 X128.584 Y135.625 E.00915
;WIDTH:0.504478
G1 X128.449 Y135.519 E.00894
;WIDTH:0.549593
G2 X128.293 Y135.399 I-2.521 J3.091 E.01131
;WIDTH:0.599555
G1 X128.175 Y135.315 E.00919
;WIDTH:0.643287
G1 X128.057 Y135.232 E.00994
G1 X127.989 Y135.247 E.00478
;WIDTH:0.570564
G1 X127.65 Y135.398 E.02223
G1 E-.77778 F1800
;WIPE_START
G1 F30000
G1 X127.989 Y135.247 E-.02222
;WIPE_END
G1 X131.152 Y142.193 Z.7
G1 X131.177 Y142.248 Z.7
G1 Z.3
G1 E.8 F1800
;WIDTH:0.176807
G1 F3300
G1 X131.027 Y142.133 E.00252
;WIDTH:0.225113
G1 X130.877 Y142.018 E.0036
;WIDTH:0.273419
G1 X130.727 Y141.903 E.00468
;WIDTH:0.321725
G1 X130.577 Y141.788 E.00577
;WIDTH:0.370032
G1 X130.427 Y141.673 E.00685
;WIDTH:0.418338
G1 X130.277 Y141.558 E.00793
;WIDTH:0.466644
G1 X130.127 Y141.443 E.00901
;WIDTH:0.51495
G1 X129.978 Y141.328 E.0101
;WIDTH:0.563256
G1 X129.828 Y141.213 E.01118
;WIDTH:0.611562
G1 X129.678 Y141.097 E.01226
;WIDTH:0.657093
G1 X129.528 Y140.982 E.01328
G1 X129.473 Y140.993 E.00392
;WIDTH:0.611389
G1 X129.058 Y141.072 E.02741
G1 E-.77465 F1800
;WIPE_START
G1 F30000
G1 X129.473 Y140.993 E-.02535
;WIPE_END
G1 X135.115 Y135.853 Z.7
G1 X140.087 Y131.323 Z.7
G1 Z.3
G1 E.8 F1800
;WIDTH:0.737044
G1 F3300
G1 X139.733 Y131.052 E.03554
;WIDTH:0.710192
G1 X139.583 Y130.937 E.0145
;WIDTH:0.661711
G1 X139.433 Y130.821 E.01341
;WIDTH:0.613229
G1 X139.283 Y130.706 E.01232
;WIDTH:0.564748
G1 X139.132 Y130.591 E.01124
;WIDTH:0.516266
G1 X138.982 Y130.475 E.01015
;WIDTH:0.467785
G1 X138.832 Y130.36 E.00906
;WIDTH:0.419304
G1 X138.682 Y130.245 E.00797
;WIDTH:0.370822
G1 X138.531 Y130.13 E.00688
;WIDTH:0.322341
G1 X138.381 Y130.014 E.00579
;WIDTH:0.273859
G1 X138.231 Y129.899 E.0047
;WIDTH:0.225378
G1 X138.081 Y129.784 E.00362
;WIDTH:0.201137
G1 X137.93 Y129.668 E.00307
G1 E-.78864 F1800
;WIPE_START
G1 F30000
G1 X138.081 Y129.784 E-.01136
;WIPE_END
G1 X131.151 Y132.984 Z.7
G1 X127.308 Y134.758 Z.7
G1 Z.3
G1 E.8 F1800
M73 P50 R2
;WIDTH:0.163617
G1 F3300
G1 X127.229 Y134.786 E.00099
;WIDTH:0.185255
G1 X127.117 Y134.82 E.00169
;WIDTH:0.220365
G1 X127.004 Y134.854 E.00218
;WIDTH:0.257198
G1 X126.88 Y134.891 E.00295
;WIDTH:0.288401
G1 X126.825 Y134.904 E.0015
;WIDTH:0.319849
G1 X126.792 Y134.926 E.0012
;WIDTH:0.359988
G1 X126.758 Y134.947 E.00139
;WIDTH:0.400127
G1 X126.725 Y134.968 E.00158
;WIDTH:0.440266
G1 X126.691 Y134.989 E.00177
;WIDTH:0.480405
G1 X126.658 Y135.011 E.00196
;WIDTH:0.480406
G1 X126.691 Y135.032 E.00196
;WIDTH:0.440273
G1 X126.725 Y135.053 E.00177
;WIDTH:0.40014
G1 X126.758 Y135.075 E.00158
;WIDTH:0.360007
G1 X126.792 Y135.096 E.00139
;WIDTH:0.319874
G1 X126.825 Y135.117 E.0012
;WIDTH:0.286231
G1 X126.891 Y135.133 E.00178
;WIDTH:0.25556
G1 X127.004 Y135.167 E.00267
;WIDTH:0.220393
G1 X127.116 Y135.201 E.00218
;WIDTH:0.187707
G1 X127.308 Y135.263 E.00294
G1 X126.658 Y135.011 F30000
;WIDTH:0.495244
G1 F3300
G1 X126.506 Y135.011 E.00777
;WIDTH:0.506924
G1 X126.317 Y135.011 E.00992
;WIDTH:0.539525
G1 X126.082 Y135.011 E.0132
;WIDTH:0.565024
G1 X126.004 Y135.011 E.00465
G1 X125.739 Y135.339 E.02506
G1 E-.76998 F1800
;WIPE_START
G1 F30000
G1 X126.004 Y135.011 E-.02533
G1 X126.082 Y135.011 E-.0047
;WIPE_END
EXCLUDE_OBJECT_END NAME=japanese_kikko_Top.stl_id_0_copy_0
G1 X118.701 Y133.068 Z.7
G1 X116.262 Y132.426 Z.7
G1 Z.3
G1 E.8 F1800
;TYPE:Brim
;WIDTH:0.8
G1 F3300
G1 X111.392 Y129.615 E.49042
G1 X110.743 Y129.192 E.0676
G1 X110.383 Y128.929 E.03889
G1 X109.744 Y128.401 E.07225
G1 X109.348 Y128.002 E.04907
G1 X108.805 Y127.339 E.07473
G1 X108.265 Y126.49 E.08781
G1 X107.88 Y125.762 E.07182
G1 X107.646 Y125.182 E.05446
G1 X107.417 Y124.398 E.0713
G1 X107.244 Y123.375 E.09047
G1 X107.172 Y122.364 E.08842
G1 X107.171 Y113.674 E.75788
G1 X107.214 Y112.896 E.06803
G1 X107.262 Y112.452 E.03888
G1 X107.4 Y111.636 E.07221
G1 X107.559 Y111.056 E.05247
G1 X107.851 Y110.292 E.07136
G1 X108.317 Y109.398 E.08788
G1 X108.756 Y108.701 E.07183
G1 X109.136 Y108.216 E.05379
G1 X109.701 Y107.624 E.07132
G1 X110.494 Y106.968 E.08976
G1 X111.341 Y106.394 E.08927
G1 X118.866 Y102.049 E.75789
G1 X119.56 Y101.697 E.06788
G1 X119.968 Y101.517 E.03888
G1 X120.744 Y101.227 E.07225
G1 X121.287 Y101.084 E.04893
G1 X122.132 Y100.946 E.07473
G1 X123.136 Y100.903 E.08765
G1 X123.959 Y100.934 E.07182
G1 X124.576 Y101.021 E.05431
G1 X125.37 Y101.214 E.0713
G1 X126.341 Y101.575 E.09034
G1 X127.256 Y102.02 E.0887
G1 X134.781 Y106.364 E.75788
G1 X135.431 Y106.787 E.0676
G1 X135.791 Y107.05 E.03889
G1 X136.429 Y107.577 E.07221
G1 X136.852 Y108.005 E.05243
G1 X137.368 Y108.639 E.07137
G1 X137.909 Y109.489 E.08785
G1 X138.294 Y110.217 E.07182
G1 X138.527 Y110.796 E.05446
G1 X138.758 Y111.584 E.07159
G1 X138.929 Y112.599 E.08979
G1 X139.001 Y113.615 E.08881
G1 X139.002 Y119.3 E.49587
G1 X137.415 Y118.385 E.15976
G1 X136.44 Y117.914 E.09446
G1 X135.433 Y117.538 E.09375
G1 X134.558 Y117.323 E.07856
G1 X133.87 Y117.224 E.06067
G1 X132.975 Y117.189 E.07807
G1 X132.382 Y117.212 E.0518
G1 X132.377 Y113.559 E.31859
G1 X132.298 Y113.057 E.04435
G1 X132.247 Y112.919 E.01287
G1 X131.985 Y112.501 E.043
G1 X131.89 Y112.4 E.01209
G1 X131.48 Y112.103 E.04415
G1 X123.896 Y107.729 E.76365
G1 X123.421 Y107.546 E.04435
G1 X123.276 Y107.522 E.01286
G1 X122.783 Y107.54 E.04299
G1 X122.648 Y107.571 E.01208
G1 X122.186 Y107.777 E.04416
G1 X114.653 Y112.126 E.75866
G1 X114.21 Y112.479 E.04935
M73 P51 R2
G1 X114.117 Y112.592 E.01281
G1 X113.885 Y113.027 E.04299
G1 X113.845 Y113.16 E.0121
G1 X113.792 Y113.664 E.04417
G1 X113.792 Y122.362 E.75866
G1 X113.861 Y122.878 E.04541
G1 X113.908 Y123.012 E.01238
G1 X114.157 Y123.439 E.04307
G1 X114.252 Y123.546 E.01256
G1 X114.646 Y123.845 E.04309
G1 X117.761 Y125.647 E.31389
G1 X117.498 Y126.066 E.04315
G1 X116.998 Y127.031 E.09475
G1 X116.692 Y127.831 E.07477
G1 X116.504 Y128.517 E.06199
G1 X116.361 Y129.362 E.07477
G1 X116.306 Y129.867 E.0443
G1 X116.262 Y130.686 E.07151
G1 X116.262 Y132.366 E.14652
G1 E-.692 F1800
;WIPE_START
G1 F30000
G1 X114.695 Y131.481 E-.108
;WIPE_END
G1 X115.458 Y130.923 Z.7
G1 Z.3
G1 E.8 F1800
G1 F3300
G1 X115.343 Y130.987 E.01143
G1 X115.195 Y130.961 E.01309
G1 X111.772 Y128.985 E.34474
G1 X111.166 Y128.59 E.06308
G1 X110.84 Y128.351 E.03524
G1 X110.249 Y127.864 E.0668
G1 X109.888 Y127.501 E.04467
G1 X109.395 Y126.896 E.06804
G1 X108.897 Y126.112 E.08105
G1 X108.553 Y125.461 E.06414
G1 X108.346 Y124.951 E.04805
G1 X108.133 Y124.22 E.06642
G1 X107.977 Y123.298 E.08154
G1 X107.908 Y122.33 E.08467
G1 X107.907 Y113.688 E.75369
G1 X107.947 Y112.961 E.06349
G1 X107.992 Y112.547 E.03635
G1 X108.117 Y111.806 E.06554
G1 X108.256 Y111.296 E.04615
G1 X108.529 Y110.583 E.06658
G1 X108.952 Y109.773 E.07966
G1 X109.353 Y109.135 E.06573
G1 X109.687 Y108.706 E.04741
G1 X110.213 Y108.155 E.06647
G1 X110.927 Y107.564 E.08085
G1 X111.739 Y107.014 E.0855
G1 X119.211 Y102.699 E.75263
G1 X119.87 Y102.364 E.0644
G1 X120.239 Y102.201 E.03523
G1 X120.978 Y101.927 E.06871
G1 X121.451 Y101.803 E.04263
G1 X122.195 Y101.682 E.06577
G1 X123.13 Y101.639 E.08161
G1 X123.882 Y101.667 E.06571
G1 X124.448 Y101.747 E.04979
G1 X125.167 Y101.923 E.06455
G1 X126.061 Y102.257 E.08324
G1 X126.917 Y102.674 E.08311
G1 X134.401 Y106.994 E.75369
G1 X135.008 Y107.389 E.06309
G1 X135.344 Y107.635 E.03637
G1 X135.924 Y108.113 E.06554
G1 X136.296 Y108.489 E.04612
G1 X136.777 Y109.081 E.06658
G1 X137.277 Y109.867 E.08119
G1 X137.63 Y110.538 E.06612
G1 X137.835 Y111.048 E.04795
G1 X138.042 Y111.762 E.06482
G1 X138.198 Y112.697 E.0827
G1 X138.265 Y113.633 E.08186
G1 X138.266 Y117.645 E.3499
G1 X138.218 Y117.783 E.01277
G1 X138.093 Y117.86 E.01277
G1 X137.947 Y117.842 E.01284
G1 X136.769 Y117.256 E.1148
G1 X135.597 Y116.821 E.10902
G1 X134.653 Y116.594 E.0847
G1 X133.985 Y116.497 E.05885
G1 X133.326 Y116.466 E.05749
G1 X133.191 Y116.411 E.01277
G1 X133.116 Y116.246 E.0158
G1 X133.113 Y113.574 E.23309
G1 X133.026 Y112.952 E.05474
G1 X132.985 Y112.795 E.01415
G1 X132.861 Y112.515 E.02674
G1 X132.52 Y111.997 E.05408
G1 X132.31 Y111.795 E.02542
G1 X131.922 Y111.514 E.04181
G1 X124.144 Y107.036 E.78277
G1 X123.537 Y106.82 E.05614
G1 X123.233 Y106.787 E.02671
G1 X122.771 Y106.804 E.04028
G1 X122.488 Y106.853 E.02506
M73 P52 R2
G1 X122.34 Y106.903 E.01366
G1 X121.809 Y107.145 E.0509
G1 X114.298 Y111.482 E.75645
G1 X113.763 Y111.894 E.05887
G1 X113.552 Y112.121 E.02705
G1 X113.243 Y112.669 E.05488
G1 X113.144 Y112.939 E.0251
G1 X113.112 Y113.093 E.01368
G1 X113.056 Y113.674 E.05092
G1 X113.056 Y122.349 E.75658
G1 X113.131 Y122.966 E.05423
G1 X113.168 Y123.124 E.01415
G1 X113.28 Y123.396 E.02567
G1 X113.513 Y123.796 E.04037
G1 X113.699 Y124.03 E.02609
G1 X113.816 Y124.138 E.01386
G1 X114.288 Y124.488 E.05125
G1 X116.567 Y125.806 E.22966
G1 X116.663 Y125.918 E.01277
G1 X116.654 Y126.097 E.01571
G1 X116.307 Y126.779 E.06669
G1 X116.008 Y127.559 E.07288
G1 X115.797 Y128.312 E.06818
G1 X115.629 Y129.289 E.08644
G1 X115.571 Y129.833 E.04772
G1 X115.526 Y130.78 E.08271
G1 X115.488 Y130.874 E.00888
G1 E-.692 F1800
;WIPE_START
G1 F30000
G1 X115.343 Y130.987 E-.011
G1 X115.195 Y130.961 E-.00901
G1 X113.925 Y130.227 E-.08799
;WIPE_END
G1 X114.797 Y129.693 Z.7
G1 Z.3
G1 E.8 F1800
G1 F3300
G1 X114.665 Y129.756 E.01277
G1 X114.531 Y129.728 E.01194
G1 X112.149 Y128.352 E.2399
G1 X111.303 Y127.778 E.08916
G1 X110.737 Y127.312 E.06392
G1 X110.429 Y127 E.0383
G1 X109.986 Y126.454 E.06128
G1 X109.529 Y125.734 E.07435
G1 X109.226 Y125.16 E.05658
G1 X109.039 Y124.698 E.04351
G1 X108.849 Y124.042 E.05956
G1 X108.71 Y123.221 E.07265
G1 X108.644 Y122.295 E.08092
G1 X108.643 Y113.702 E.74949
G1 X108.68 Y113.027 E.05895
G1 X108.722 Y112.642 E.03381
G1 X108.834 Y111.975 E.05896
G1 X108.96 Y111.514 E.04168
G1 X109.207 Y110.874 E.05984
G1 X109.586 Y110.147 E.07152
G1 X109.95 Y109.567 E.0597
G1 X110.237 Y109.196 E.04094
G1 X110.725 Y108.686 E.06157
G1 X111.361 Y108.16 E.07198
G1 X112.137 Y107.634 E.08173
G1 X119.557 Y103.349 E.74738
G1 X120.191 Y103.027 E.06197
G1 X120.522 Y102.881 E.03163
G1 X121.189 Y102.633 E.06203
G1 X121.613 Y102.522 E.03825
G1 X122.284 Y102.414 E.05921
G1 X123.124 Y102.376 E.07335
G1 X123.806 Y102.4 E.05954
G1 X124.319 Y102.472 E.04519
G1 X124.962 Y102.632 E.05772
G1 X125.78 Y102.938 E.07621
G1 X126.579 Y103.328 E.07755
G1 X134.022 Y107.624 E.74953
G1 X134.584 Y107.991 E.05858
G1 X134.897 Y108.22 E.03384
G1 X135.419 Y108.651 E.05897
G1 X135.74 Y108.973 E.03974
G1 X136.186 Y109.523 E.06173
G1 X136.644 Y110.244 E.07451
G1 X136.966 Y110.857 E.06038
G1 X137.141 Y111.298 E.04142
G1 X137.32 Y111.913 E.05583
G1 X137.465 Y112.774 E.07611
G1 X137.529 Y113.652 E.07677
G1 X137.53 Y116.456 E.24464
G1 X137.482 Y116.595 E.01277
G1 X137.357 Y116.672 E.01277
G1 X137.216 Y116.656 E.01241
G1 X137.016 Y116.563 E.01922
G1 X135.757 Y116.103 E.11693
G1 X134.835 Y115.881 E.08273
G1 X134.04 Y115.765 E.07009
G1 X133.91 Y115.696 E.01277
G1 X133.851 Y115.546 E.01406
G1 X133.849 Y113.587 E.17093
G1 X133.756 Y112.859 E.06393
G1 X133.699 Y112.62 E.02149
G1 X133.47 Y112.102 E.04942
G1 X133.14 Y111.602 E.0522
G1 X132.83 Y111.275 E.03932
G1 X132.278 Y110.87 E.05971
G1 X124.519 Y106.403 E.78083
G1 X124.381 Y106.339 E.01332
M73 P53 R2
G1 X123.796 Y106.131 E.05414
G1 X123.606 Y106.088 E.01695
G1 X123.193 Y106.053 E.03622
G1 X122.76 Y106.068 E.03776
G1 X122.242 Y106.16 E.04589
G1 X122.027 Y106.237 E.01994
G1 X121.432 Y106.513 E.05712
G1 X113.836 Y110.908 E.76545
G1 X113.326 Y111.303 E.05627
G1 X113.021 Y111.613 E.03795
G1 X112.905 Y111.771 E.01705
G1 X112.609 Y112.295 E.05246
G1 X112.458 Y112.674 E.03568
G1 X112.379 Y113.035 E.03219
G1 X112.321 Y113.684 E.05683
G1 X112.321 Y122.336 E.75465
G1 X112.399 Y123.041 E.06185
G1 X112.493 Y123.415 E.03363
G1 X112.651 Y123.777 E.03438
G1 X112.944 Y124.261 E.04938
G1 X113.208 Y124.578 E.03601
G1 X113.386 Y124.735 E.02067
G1 X113.93 Y125.13 E.05863
G1 X115.596 Y126.094 E.16788
G1 X115.691 Y126.205 E.01277
G1 X115.69 Y126.366 E.01405
G1 X115.324 Y127.289 E.08659
G1 X115.092 Y128.103 E.07383
G1 X114.905 Y129.158 E.09345
G1 X114.86 Y129.561 E.03534
G1 X114.823 Y129.639 E.00754
G1 E-.692 F1800
;WIPE_START
G1 F30000
G1 X114.665 Y129.756 E-.01181
G1 X114.531 Y129.728 E-.00821
G1 X113.261 Y128.994 E-.08798
;WIPE_END
G1 X114.219 Y128.528 Z.7
G1 Z.3
G1 E.8 F1800
G1 F3300
G1 X114.083 Y128.581 E.01277
G1 X113.965 Y128.551 E.01059
G1 X112.547 Y127.732 E.14284
G1 X111.753 Y127.195 E.08363
G1 X111.243 Y126.775 E.05757
G1 X110.985 Y126.516 E.03191
G1 X110.577 Y126.013 E.05646
G1 X110.162 Y125.357 E.06773
G1 X109.899 Y124.859 E.04906
G1 X109.739 Y124.467 E.03693
G1 X109.571 Y123.891 E.05241
G1 X109.441 Y123.123 E.06792
G1 X109.379 Y122.261 E.07536
G1 X109.379 Y113.728 E.74422
G1 X109.452 Y112.737 E.0867
G1 X109.552 Y112.145 E.05239
G1 X109.664 Y111.734 E.03716
G1 X109.884 Y111.166 E.05306
G1 X110.221 Y110.521 E.0635
G1 X110.548 Y109.998 E.05374
G1 X110.788 Y109.686 E.03437
G1 X111.237 Y109.217 E.05661
G1 X111.795 Y108.756 E.06316
G1 X112.534 Y108.254 E.07796
G1 X119.903 Y103.998 E.7421
G1 X120.5 Y103.695 E.05847
G1 X121.397 Y103.34 E.08408
G1 X121.776 Y103.241 E.0342
G1 X122.372 Y103.146 E.0526
G1 X123.119 Y103.113 E.06522
G1 X123.73 Y103.134 E.05336
G1 X124.19 Y103.198 E.04052
G1 X124.755 Y103.34 E.05082
G1 X125.498 Y103.619 E.06923
G1 X126.24 Y103.982 E.07202
G1 X133.631 Y108.249 E.74435
G1 X134.434 Y108.793 E.08459
G1 X134.931 Y109.203 E.05616
G1 X135.2 Y109.475 E.03339
G1 X135.58 Y109.943 E.05261
G1 X136.002 Y110.605 E.06845
G1 X136.301 Y111.176 E.05618
G1 X136.448 Y111.548 E.03492
G1 X136.598 Y112.065 E.04699
G1 X136.733 Y112.851 E.06953
G1 X136.793 Y113.67 E.07164
G1 X136.794 Y115.383 E.14937
G1 X136.746 Y115.521 E.01277
G1 X136.621 Y115.598 E.01277
G1 X136.5 Y115.591 E.01061
G1 X135.918 Y115.385 E.05381
G1 X135.015 Y115.168 E.081
G1 X134.771 Y115.128 E.02158
G1 X134.643 Y115.058 E.01277
G1 X134.586 Y114.912 E.01369
G1 X134.577 Y113.481 E.12481
G1 X134.487 Y112.78 E.06156
G1 X134.365 Y112.308 E.04257
G1 X134.076 Y111.684 E.05995
G1 X133.664 Y111.085 E.06342
G1 X133.252 Y110.672 E.05086
G1 X132.635 Y110.227 E.06635
G1 X124.895 Y105.771 E.77897
G1 X124.618 Y105.643 E.02664
M73 P54 R2
G1 X124.052 Y105.442 E.05235
G1 X123.781 Y105.374 E.02436
G1 X123.266 Y105.321 E.0452
G1 X122.746 Y105.333 E.04538
G1 X121.987 Y105.47 E.06725
G1 X121.71 Y105.573 E.02581
G1 X121.056 Y105.881 E.06299
G1 X113.376 Y110.334 E.77431
G1 X112.793 Y110.796 E.06486
G1 X112.42 Y111.188 E.04721
G1 X112.259 Y111.418 E.02448
G1 X111.977 Y111.919 E.05018
G1 X111.736 Y112.533 E.05748
G1 X111.645 Y112.981 E.03986
G1 X111.585 Y113.693 E.06235
G1 X111.585 Y122.325 E.75284
G1 X111.667 Y123.11 E.06886
G1 X111.777 Y123.581 E.04219
G1 X111.972 Y124.06 E.04512
G1 X112.308 Y124.63 E.0577
G1 X112.635 Y125.039 E.04565
G1 X112.963 Y125.338 E.03872
G1 X113.489 Y125.719 E.05661
G1 X114.679 Y126.413 E.12016
G1 X114.773 Y126.525 E.01277
G1 X114.773 Y126.683 E.0138
G1 X114.614 Y127.097 E.03864
G1 X114.387 Y127.891 E.07207
G1 X114.292 Y128.401 E.04522
G1 X114.249 Y128.476 E.00754
G1 X113.71 Y127.406 F30000
G1 F3300
G1 X113.569 Y127.446 E.01277
G1 X113.472 Y127.417 E.00884
G1 X112.931 Y127.104 E.05458
G1 X112.202 Y126.61 E.07677
G1 X111.747 Y126.238 E.0513
G1 X111.526 Y126.015 E.02736
G1 X111.169 Y125.572 E.04958
G1 X110.795 Y124.98 E.06112
G1 X110.571 Y124.557 E.04168
G1 X110.439 Y124.235 E.03039
G1 X110.287 Y123.713 E.04744
G1 X110.171 Y123.025 E.06088
G1 X110.115 Y122.227 E.06975
G1 X110.115 Y113.763 E.73816
G1 X110.182 Y112.836 E.08114
G1 X110.269 Y112.314 E.04614
G1 X110.368 Y111.953 E.03258
G1 X110.551 Y111.482 E.04411
G1 X110.864 Y110.879 E.05925
G1 X111.146 Y110.428 E.04639
G1 X111.355 Y110.158 E.02976
G1 X111.749 Y109.749 E.04955
G1 X112.229 Y109.351 E.05437
G1 X112.933 Y108.873 E.07419
G1 X120.248 Y104.648 E.73683
G1 X120.793 Y104.371 E.05334
G1 X121.614 Y104.046 E.077
G1 X121.938 Y103.96 E.02926
G1 X122.458 Y103.879 E.04588
G1 X123.114 Y103.849 E.05723
G1 X123.654 Y103.867 E.04716
G1 X124.06 Y103.924 E.03577
G1 X124.548 Y104.048 E.04384
G1 X125.216 Y104.3 E.06232
G1 X125.901 Y104.635 E.06653
G1 X133.234 Y108.868 E.73843
G1 X133.984 Y109.376 E.07903
G1 X134.425 Y109.74 E.04987
G1 X134.659 Y109.975 E.02891
G1 X134.989 Y110.385 E.04589
G1 X135.369 Y110.982 E.06176
G1 X135.625 Y111.472 E.04821
G1 X135.754 Y111.796 E.03043
G1 X135.882 Y112.243 E.04053
G1 X136.002 Y112.951 E.06263
G1 X136.057 Y113.706 E.06601
G1 X136.058 Y114.382 E.05896
G1 X136.009 Y114.52 E.01277
G1 X135.885 Y114.597 E.01277
G1 X135.785 Y114.596 E.00869
G1 X135.487 Y114.524 E.02681
G1 X135.364 Y114.445 E.01277
G1 X135.318 Y114.313 E.01219
G1 X135.305 Y113.376 E.0817
G1 X135.197 Y112.586 E.06954
G1 X135.025 Y111.982 E.05475
G1 X134.75 Y111.39 E.05695
G1 X134.274 Y110.675 E.0749
G1 X134.179 Y110.56 E.01302
G1 X133.67 Y110.067 E.06181
G1 X132.993 Y109.584 E.07255
G1 X125.271 Y105.138 E.77717
G1 X124.855 Y104.946 E.03996
G1 X124.31 Y104.753 E.05046
G1 X123.842 Y104.641 E.04194
G1 X123.356 Y104.59 E.04265
G1 X122.6 Y104.612 E.06594
G1 X121.715 Y104.787 E.07867
G1 X121.389 Y104.911 E.0304
G1 X120.679 Y105.249 E.06859
G1 X112.909 Y109.767 E.78397
G1 X112.251 Y110.299 E.07381
G1 X111.81 Y110.778 E.05678
G1 X111.614 Y111.065 E.03027
G1 X111.343 Y111.545 E.04814
G1 X111.057 Y112.25 E.06633
G1 X110.926 Y112.825 E.05146
M73 P55 R2
G1 X110.849 Y113.703 E.07682
G1 X110.849 Y122.313 E.75098
G1 X110.953 Y123.289 E.08556
G1 X111.101 Y123.874 E.05261
G1 X111.285 Y124.323 E.04238
G1 X111.743 Y125.101 E.0787
G1 X112.151 Y125.592 E.0557
G1 X112.54 Y125.939 E.04545
G1 X113.127 Y126.359 E.06298
G1 X113.779 Y126.74 E.06581
G1 X113.873 Y126.851 E.01277
G1 X113.879 Y126.991 E.01219
G1 X113.795 Y127.287 E.02684
G1 X113.745 Y127.357 E.00754
G1 E-.692 F1800
;WIPE_START
G1 F30000
G1 X113.569 Y127.446 E-.01181
G1 X113.472 Y127.417 E-.00608
G1 X112.931 Y127.104 E-.03754
G1 X112.205 Y126.613 E-.05256
;WIPE_END
G1 X119.452 Y129.008 Z.7
G1 X125.877 Y131.131 Z.7
G1 Z.3
G1 E.8 F1800
G1 F3300
G1 X125.93 Y131.004 E.01203
G1 X126.007 Y130.889 E.01204
G1 X126.104 Y130.792 E.01204
G1 X126.219 Y130.715 E.01203
G1 X126.346 Y130.662 E.01203
G1 X126.482 Y130.635 E.01204
G1 X126.62 Y130.635 E.01204
G1 X126.755 Y130.662 E.01204
G1 X126.883 Y130.715 E.01203
G1 X126.997 Y130.792 E.01204
G1 X127.095 Y130.889 E.01204
G1 X127.172 Y131.004 E.01203
G1 X127.224 Y131.131 E.01203
G1 X127.251 Y131.267 E.01204
G1 X127.251 Y131.405 E.01203
G1 X127.224 Y131.54 E.01204
G1 X127.172 Y131.668 E.01204
G1 X127.095 Y131.782 E.01203
G1 X126.997 Y131.88 E.01204
G1 X126.883 Y131.957 E.01203
G1 X126.755 Y132.009 E.01204
G1 X126.62 Y132.036 E.01204
G1 X126.482 Y132.036 E.01203
G1 X126.346 Y132.009 E.01204
G1 X126.219 Y131.957 E.01203
G1 X126.104 Y131.88 E.01203
G1 X126.007 Y131.782 E.01204
G1 X125.93 Y131.668 E.01203
G1 X125.877 Y131.54 E.01203
G1 X125.85 Y131.405 E.01204
G1 X125.85 Y131.267 E.01204
G1 X125.865 Y131.19 E.0068
G1 E-.692 F1800
;WIPE_START
G1 F30000
G1 X125.93 Y131.004 E-.01183
G1 X126.007 Y130.889 E-.00828
G1 X126.104 Y130.792 E-.00828
G1 X126.219 Y130.715 E-.00828
G1 X126.346 Y130.662 E-.00828
G1 X126.482 Y130.635 E-.00828
G1 X126.62 Y130.635 E-.00828
G1 X126.755 Y130.662 E-.00828
G1 X126.883 Y130.715 E-.00828
G1 X126.997 Y130.792 E-.00828
G1 X127.095 Y130.889 E-.00828
G1 X127.172 Y131.004 E-.00828
G1 X127.204 Y131.082 E-.0051
;WIPE_END
EXCLUDE_OBJECT_START NAME=japanese_kikko_Bottom.stl_id_1_copy_0
G1 X128.931 Y123.648 Z.7
G1 X131.321 Y113.355 Z.7
G1 Z.3
G1 E.8 F1800
;TYPE:Outer wall
G1 F2100
G1 X131.364 Y113.656 E.02649
G1 X131.364 Y122.285 E.7526
G1 X131.329 Y122.598 E.02753
G1 X131.217 Y122.803 E.02035
G1 X130.978 Y122.991 E.0265
G1 X123.505 Y127.305 E.75258
G1 X123.216 Y127.432 E.02755
G1 X122.983 Y127.437 E.02032
G1 X122.701 Y127.324 E.0265
G1 X115.228 Y123.01 E.7526
G1 X114.973 Y122.823 E.02756
G1 X114.853 Y122.623 E.02031
G1 X114.81 Y122.323 E.02649
G1 X114.81 Y113.694 E.7526
G1 X114.844 Y113.38 E.02753
M73 P56 R2
G1 X114.957 Y113.176 E.02035
G1 X115.196 Y112.988 E.0265
G1 X122.668 Y108.673 E.75258
G1 X122.958 Y108.546 E.02755
G1 X123.191 Y108.541 E.02032
G1 X123.473 Y108.654 E.0265
G1 X130.946 Y112.969 E.7526
G1 X131.2 Y113.156 E.02756
G1 X131.29 Y113.304 E.01508
G1 X130.628 Y113.635 F30000
;TYPE:Inner wall
G1 F2100
G1 X130.628 Y122.343 E.7595
G1 X123.087 Y126.697 E.75951
G1 X115.545 Y122.343 E.7595
G1 X115.545 Y113.635 E.7595
G1 X123.087 Y109.281 E.75951
G1 X130.576 Y113.605 E.75427
G1 E-.692 F1800
;WIPE_START
G1 F30000
G1 X130.587 Y115.405 E-.108
;WIPE_END
G1 X126.553 Y111.707 Z.7
G1 Z.3
G1 E.8 F1800
;TYPE:Bottom surface
;WIDTH:0.830302
G1 F3300
G1 X129.93 Y115.083 E.43358
G1 X129.93 Y116.167 E.09836
M73 P57 R2
G1 X124.895 Y111.132 E.64657
G1 X123.087 Y110.088 E.18959
G1 X122.885 Y110.205 E.02121
G1 X129.93 Y117.25 E.90474
G1 X129.93 Y118.333 E.09836
G1 X122.198 Y110.601 E.99293
G1 X121.511 Y110.998 E.07201
G1 X129.93 Y119.416 E1.08112
G1 X129.93 Y120.499 E.09836
G1 X120.825 Y111.394 E1.16931
G1 X120.138 Y111.791 E.07201
G1 X129.93 Y121.582 E1.2575
G1 X129.93 Y121.94 E.03245
G1 X129.469 Y122.205 E.04825
G1 X119.451 Y112.187 E1.2866
G1 X118.764 Y112.584 E.07201
G1 X128.783 Y122.602 E1.2866
G1 X128.096 Y122.998 E.07201
G1 X118.078 Y112.98 E1.2866
G1 X117.391 Y113.377 E.07201
M73 P58 R2
G1 X127.409 Y123.395 E1.2866
G1 X126.723 Y123.791 E.07201
G1 X116.704 Y113.773 E1.2866
G1 X116.244 Y114.039 E.04824
G1 X116.244 Y114.396 E.03246
G1 X126.036 Y124.188 E1.25749
G1 X125.349 Y124.584 E.07201
G1 X116.244 Y115.479 E1.1693
G1 X116.244 Y116.563 E.09836
G1 X124.662 Y124.981 E1.08111
G1 X123.976 Y125.377 E.07201
G1 X116.244 Y117.646 E.99292
G1 X116.244 Y118.729 E.09836
G1 X123.289 Y125.774 E.90473
G1 X123.087 Y125.89 E.0212
G1 X121.279 Y124.846 E.18962
G1 X116.244 Y119.812 E.64653
G1 X116.244 Y120.895 E.09836
M73 P59 R2
G1 X119.62 Y124.271 E.43355
G1 E-.692 F1800
;WIPE_START
G1 F30000
G1 X118.347 Y122.998 E-.108
;WIPE_END
G1 X122.821 Y116.814 Z.7
G1 X126.416 Y111.845 Z.7
G1 Z.3
G1 E.8 F1800
;TYPE:Gap infill
;WIDTH:0.372487
G1 F3300
G1 X126.234 Y111.705 E.00838
;WIDTH:0.323636
G1 X126.051 Y111.566 E.00705
;WIDTH:0.274784
G1 X125.869 Y111.426 E.00573
;WIDTH:0.225933
G1 X125.687 Y111.286 E.0044
;WIDTH:0.201507
G1 X125.505 Y111.146 E.00373
G1 E-.78623 F1800
;WIPE_START
G1 F30000
G1 X125.687 Y111.286 E-.01377
;WIPE_END
G1 X130.261 Y114.308 Z.7
G1 Z.3
G1 E.8 F1800
;WIDTH:0.727517
G1 F3300
G1 X130.04 Y114.139 E.0219
;WIDTH:0.68298
G1 X129.818 Y113.969 E.02043
;WIDTH:0.638444
G1 X129.597 Y113.8 E.01896
;WIDTH:0.593907
G1 X129.376 Y113.63 E.01749
;WIDTH:0.548364
G1 X129.231 Y113.518 E.01051
;WIDTH:0.50181
G1 X129.086 Y113.407 E.0095
;WIDTH:0.455256
G1 X128.94 Y113.295 E.00849
;WIDTH:0.408702
G1 X128.795 Y113.184 E.00748
;WIDTH:0.362148
G1 X128.65 Y113.072 E.00647
;WIDTH:0.315594
G1 X128.504 Y112.961 E.00546
;WIDTH:0.26904
G1 X128.359 Y112.849 E.00445
;WIDTH:0.222486
G1 X128.213 Y112.738 E.00343
;WIDTH:0.199209
G1 X128.068 Y112.626 E.00293
G1 E-.78901 F1800
;WIPE_START
G1 F30000
G1 X128.213 Y112.738 E-.01099
;WIPE_END
G1 X124.174 Y119.213 Z.7
G1 X120.668 Y124.832 Z.7
G1 Z.3
G1 E.8 F1800
;WIDTH:0.177081
G1 F3300
G1 X120.486 Y124.692 E.00307
;WIDTH:0.225933
G1 X120.304 Y124.552 E.0044
;WIDTH:0.274784
G1 X120.122 Y124.413 E.00573
;WIDTH:0.323636
G1 X119.94 Y124.273 E.00705
;WIDTH:0.348062
G1 X119.758 Y124.133 E.00772
G1 E-.78623 F1800
;WIPE_START
G1 F30000
G1 X119.94 Y124.273 E-.01377
;WIPE_END
G1 X118.105 Y123.352 Z.7
G1 Z.3
G1 E.8 F1800
;WIDTH:0.177533
G1 F3300
G1 X117.923 Y123.212 E.00309
;WIDTH:0.227287
G1 X117.74 Y123.072 E.00445
;WIDTH:0.277041
G1 X117.557 Y122.932 E.00581
;WIDTH:0.326796
G1 X117.375 Y122.792 E.00716
;WIDTH:0.37655
G1 X117.192 Y122.651 E.00852
;WIDTH:0.426304
G1 X117.009 Y122.511 E.00988
;WIDTH:0.476059
G1 X116.827 Y122.371 E.01124
;WIDTH:0.525813
G1 X116.644 Y122.231 E.0126
;WIDTH:0.575567
G1 X116.461 Y122.091 E.01396
;WIDTH:0.625322
G1 X116.279 Y121.95 E.01531
;WIDTH:0.675076
G1 X116.096 Y121.81 E.01667
;WIDTH:0.699953
G1 X115.913 Y121.67 E.01735
;LAYER_CHANGE
;Z:0.6
;HEIGHT:0.3
;BEFORE_LAYER_CHANGE
;0.6
G92 E0

G1 E-.78618 F1800
;WIPE_START
G1 F30000
G1 X116.096 Y121.81 E-.01382
;WIPE_END
EXCLUDE_OBJECT_END NAME=japanese_kikko_Bottom.stl_id_1_copy_0
M73 L2
;LAYER:2
SET_PRINT_STATS_INFO TOTAL_LAYER=12 CURRENT_LAYER=2
;_SET_FAN_SPEED_CHANGING_LAYER
SET_VELOCITY_LIMIT ACCEL=10000
M140 S85 ; set bed temperature
EXCLUDE_OBJECT_START NAME=japanese_kikko_Top.stl_id_0_copy_0
G17
G3 Z1 I-.775 J.938 P1
G1 X138.55 Y140.349 Z1
G1 Z.6
G1 E.8 F1800
SET_VELOCITY_LIMIT ACCEL=5000
;TYPE:Outer wall
;WIDTH:0.62
G1 F3180
G1 X138.586 Y140.364 E.00257
G1 X138.753 Y140.428 E.01178
G1 F3360
G1 X139.103 Y140.497 E.0235
G1 X139.46 Y140.497 E.02352
G1 X139.81 Y140.428 E.0235
G1 X140.139 Y140.291 E.02348
G1 X140.436 Y140.093 E.02351
G1 X140.688 Y139.841 E.02348
G1 X140.887 Y139.544 E.02355
G1 X141.023 Y139.214 E.02351
G1 X141.093 Y138.864 E.02351
G1 X141.093 Y138.507 E.02352
G1 X141.023 Y138.157 E.02351
G1 X140.887 Y137.828 E.02345
G1 X140.688 Y137.531 E.02355
G1 X140.436 Y137.279 E.02348
G1 X140.293 Y137.172 E.01177
G1 X139.978 Y137.004 E.02352
G1 X139.636 Y136.9 E.02355
G1 X139.46 Y136.874 E.01172
G1 X139.218 Y136.868 E.01595
G1 X138.926 Y136.9 E.01935
G1 X138.585 Y137.004 E.02349
G1 X138.27 Y137.172 E.02352
G1 X137.994 Y137.399 E.02354
G1 X137.768 Y137.674 E.02345
G1 X137.6 Y137.989 E.02352
G1 X137.496 Y138.331 E.02355
M73 P60 R2
G1 X137.461 Y138.686 E.0235
G1 X137.496 Y139.041 E.0235
G1 X137.6 Y139.382 E.02349
G1 X137.768 Y139.697 E.02352
G1 X137.994 Y139.973 E.0235
G1 F3120
G1 X138.273 Y140.195 E.02349
G1 X138.497 Y140.32 E.0169
G1 E-.692 F1800
;WIPE_START
G1 F30000
G1 X138.586 Y140.364 E-.00595
G1 X138.753 Y140.428 E-.01071
G1 X139.103 Y140.497 E-.02141
G1 X139.46 Y140.497 E-.02141
G1 X139.81 Y140.428 E-.02141
G1 X140.139 Y140.291 E-.02141
G1 X140.218 Y140.238 E-.0057
;WIPE_END
G1 X132.876 Y142.322 Z1
G1 X131.046 Y142.841 Z1
G1 Z.6
G1 E.8 F1800
SET_VELOCITY_LIMIT ACCEL=10000
;TYPE:Inner wall
G1 F7951.957
G1 X134.78 Y142.841 E.24598
G1 X134.846 Y143.088 E.01685
G1 X133.189 Y144.045 E.12608
G1 X132.973 Y144.139 E.01553
G1 X132.867 Y144.142 E.00698
G1 X132.666 Y144.061 E.01429
G1 X130.98 Y143.088 E.12823
G1 X131.031 Y142.899 E.0129
G1 E-.692 F1800
;WIPE_START
G1 F30000
G1 X132.83 Y142.871 E-.108
;WIPE_END
G1 X126.181 Y139.124 Z1
G1 X124.775 Y138.333 Z1
G1 Z.6
G1 E.8 F1800
SET_VELOCITY_LIMIT ACCEL=5000
;TYPE:Outer wall
G1 F3000
G1 X124.73 Y138.686 E.02344
G1 F3360
G1 X124.765 Y139.041 E.0235
G1 X124.869 Y139.382 E.02349
G1 X125.037 Y139.697 E.02352
G1 X125.264 Y139.973 E.02354
G1 X125.539 Y140.199 E.02345
G1 X125.854 Y140.368 E.02355
G1 X126.022 Y140.428 E.01175
G1 X126.372 Y140.497 E.0235
G1 X126.729 Y140.497 E.02352
G1 X127.079 Y140.428 E.0235
G1 X127.409 Y140.291 E.02354
G1 X127.706 Y140.093 E.02351
G1 X127.958 Y139.841 E.02348
G1 X128.156 Y139.544 E.02351
G1 X128.293 Y139.214 E.02354
G1 X128.362 Y138.864 E.0235
G1 X128.362 Y138.507 E.02352
G1 X128.293 Y138.157 E.0235
G1 X128.233 Y137.989 E.01175
G1 X128.064 Y137.674 E.02355
G1 X127.838 Y137.399 E.02345
G1 X127.562 Y137.172 E.02354
G1 X127.247 Y137.004 E.02352
G1 X126.906 Y136.9 E.02349
G1 X126.729 Y136.874 E.01179
G1 X126.488 Y136.868 E.01588
G1 X126.196 Y136.9 E.01935
G1 X125.854 Y137.004 E.02355
G1 X125.539 Y137.172 E.02352
G1 X125.264 Y137.399 E.02349
G1 X125.037 Y137.674 E.02349
G1 X124.869 Y137.989 E.02352
G1 F3060
G1 X124.788 Y138.274 E.01952
G1 E-.692 F1800
;WIPE_START
G1 F30000
G1 X124.73 Y138.686 E-.02495
G1 X124.765 Y139.041 E-.02141
G1 X124.869 Y139.382 E-.02141
G1 X125.037 Y139.697 E-.02141
G1 X125.236 Y139.94 E-.01882
;WIPE_END
G1 X127.179 Y132.559 Z1
G1 X127.841 Y130.045 Z1
G1 Z.6
G1 E.8 F1800
G1 F3360
G1 X127.562 Y129.822 E.02353
G1 X127.247 Y129.654 E.02352
G1 X126.906 Y129.55 E.02349
G1 X126.729 Y129.524 E.01179
G1 X126.488 Y129.518 E.01588
G1 X126.196 Y129.55 E.01935
G1 X125.854 Y129.654 E.02355
G1 X125.539 Y129.822 E.02352
G1 X125.264 Y130.049 E.02349
G1 X125.037 Y130.324 E.02349
G1 X124.869 Y130.639 E.02352
G1 X124.765 Y130.981 E.02355
G1 X124.73 Y131.336 E.0235
G1 X124.739 Y131.514 E.01174
G1 X124.809 Y131.864 E.02351
G1 X124.945 Y132.194 E.02351
G1 X125.144 Y132.491 E.02355
G1 X125.396 Y132.743 E.02348
G1 X125.693 Y132.941 E.02351
G1 X126.022 Y133.078 E.02348
G1 X126.372 Y133.147 E.0235
G1 X126.729 Y133.147 E.02352
G1 X127.079 Y133.078 E.0235
G1 X127.409 Y132.941 E.02354
G1 X127.706 Y132.743 E.02351
G1 X127.958 Y132.491 E.02348
G1 X128.156 Y132.194 E.02351
G1 X128.293 Y131.864 E.02354
G1 X128.362 Y131.514 E.0235
G1 X128.362 Y131.157 E.02352
G1 X128.293 Y130.807 E.0235
G1 X128.156 Y130.478 E.02348
G1 X127.958 Y130.181 E.02351
G1 X127.883 Y130.088 E.00787
G1 X127.295 Y129.062 F30000
SET_VELOCITY_LIMIT ACCEL=10000
;TYPE:Inner wall
G1 F7951.957
G1 X132.637 Y125.977 E.40642
G1 X132.853 Y125.882 E.01553
G1 X132.959 Y125.88 E.00698
G1 X133.161 Y125.961 E.01429
G1 X140.599 Y130.255 E.56582
G1 X140.789 Y130.395 E.01553
G1 X140.844 Y130.485 E.00696
G1 X140.875 Y130.7 E.01429
G1 X140.875 Y136.912 E.40925
G2 X137.185 Y139.806 I-1.585 J1.778 E.43727
G1 X137.41 Y140.181 E.02879
G1 X128.422 Y140.181 E.59209
G2 X128.882 Y138.222 I-2.105 J-1.527 E.13609
G2 X124.952 Y136.916 I-2.345 J.492 E.3294
G1 X124.952 Y133.105 E.25106
G2 X127.671 Y129.24 I1.585 J-1.774 E.52882
G1 X127.349 Y129.087 E.02349
G1 E-.692 F1800
;WIPE_START
G1 F30000
G1 X128.9 Y128.175 E-.108
;WIPE_END
G1 X124.617 Y130.023 Z1
G1 Z.6
G1 E.8 F1800
SET_VELOCITY_LIMIT ACCEL=5000
;TYPE:Outer wall
G1 F7951.957
G1 X124.887 Y129.81 E.02268
G1 X132.386 Y125.48 E.57043
G1 X132.731 Y125.329 E.02482
G1 X133.061 Y125.322 E.02172
G1 X133.404 Y125.46 E.02436
G1 X140.903 Y129.789 E.57044
G1 X141.207 Y130.012 E.02483
G1 X141.378 Y130.294 E.02172
G1 X141.43 Y130.66 E.02436
G1 X141.43 Y139.319 E.57044
G1 X141.389 Y139.694 E.02481
G1 X141.23 Y139.983 E.02173
G1 X140.939 Y140.212 E.02436
G1 X133.44 Y144.541 E.57043
G1 X133.095 Y144.693 E.02482
G1 X132.766 Y144.7 E.02172
G1 X132.422 Y144.562 E.02436
G1 X124.923 Y140.232 E.57044
G1 X124.619 Y140.009 E.02483
G1 X124.448 Y139.727 E.02172
G1 X124.396 Y139.361 E.02436
G1 X124.396 Y130.702 E.57044
G1 X124.437 Y130.328 E.02481
G1 X124.58 Y130.069 E.01946
G1 E-.692 F1800
;WIPE_START
G1 F30000
G1 X124.887 Y129.81 E-.02411
G1 X126.098 Y129.111 E-.08389
M73 P60 R1
;WIPE_END
G1 X131.025 Y134.94 Z1
G1 X135.267 Y139.959 Z1
G1 Z.6
M73 P61 R1
G1 E.8 F1800
SET_VELOCITY_LIMIT ACCEL=10000
;TYPE:Internal solid infill
;WIDTH:0.62
G1 F7951.964
G1 X136.694 Y138.531 E.13297
G1 E-.692 F1800
;WIPE_START
G1 F30000
G1 X135.421 Y139.804 E-.108
;WIPE_END
G1 X139.124 Y136.101 Z1
G1 Z.6
G1 E.8 F1800
G1 F7951.964
G1 X140.402 Y134.823 E.1191
G1 X140.402 Y134.037 E.05176
G1 X138.474 Y135.966 E.17966
G1 X138.19 Y136.052 E.01953
G1 X137.697 Y136.315 E.03682
G1 X137.265 Y136.67 E.03682
G1 X136.911 Y137.102 E.03682
G1 X136.653 Y137.584 E.03605
G2 X136.546 Y137.894 I.989 J.515 E.02164
G1 X134.731 Y139.709 E.16909
G1 X133.945 Y139.709 E.05176
G1 X140.402 Y133.251 E.60158
G1 X140.402 Y132.466 E.05176
G1 X133.159 Y139.709 E.67479
G1 X132.374 Y139.709 E.05176
G1 X140.402 Y131.68 E.74799
G1 X140.402 Y130.894 E.05176
G1 X131.588 Y139.709 E.8212
G1 X130.802 Y139.709 E.05176
G1 X140.036 Y130.475 E.86023
G1 X139.537 Y130.188 E.03789
G1 X130.016 Y139.709 E.88702
G1 X129.23 Y139.709 E.05176
G1 X139.039 Y129.9 E.91382
G1 X138.541 Y129.612 E.03789
G1 X129.388 Y138.765 E.85271
G2 X129.317 Y138.05 I-1.833 J-.179 E.04763
G1 X138.043 Y129.325 E.8129
G1 X137.545 Y129.037 E.03789
G1 X129.116 Y137.466 E.78525
G1 X128.921 Y137.102 E.0272
G1 X128.819 Y136.977 E.01063
G1 X137.047 Y128.749 E.7665
G1 X136.548 Y128.462 E.03789
G1 X128.443 Y136.568 E.75517
G1 X128.135 Y136.315 E.02623
G1 X127.988 Y136.237 E.01097
G1 X136.05 Y128.174 E.75111
G1 X135.552 Y127.887 E.03789
G1 X127.446 Y135.992 E.75515
G2 X126.794 Y135.859 I-.662 J1.572 E.04413
G1 X135.054 Y127.599 E.76949
G1 X134.556 Y127.311 E.03789
G1 X125.971 Y135.897 E.79982
G1 X125.424 Y136.071 E.0378
G1 X125.424 Y135.658 E.02721
G1 X126.928 Y134.154 E.14009
G3 X126.148 Y134.147 I-.369 J-2.414 E.05156
G1 X125.424 Y134.872 E.06749
G1 X125.424 Y134.086 E.05176
G1 X125.722 Y133.788 E.02775
G1 E-.692 F1800
;WIPE_START
G1 F30000
G1 X125.424 Y134.086 E-.02527
G1 X125.424 Y134.872 E-.04715
G1 X125.843 Y134.452 E-.03558
;WIPE_END
G1 X129.041 Y132.041 Z1
G1 Z.6
G1 E.8 F1800
G1 F7951.964
G1 X134.058 Y127.024 E.46739
G1 X133.56 Y126.736 E.03789
G1 X129.362 Y130.933 E.39103
G1 X129.347 Y130.78 E.01019
G1 X129.204 Y130.306 E.03258
G1 X133.061 Y126.449 E.3594
G2 X132.915 Y126.371 I-.344 J.471 E.01096
G1 X131.607 Y127.117 E.09919
G1 X128.932 Y129.792 E.24922
G2 X128.59 Y129.348 I-1.668 J.93 E.03705
G1 X130.431 Y127.507 E.17149
G1 E-.692 F1800
;WIPE_START
G1 F30000
G1 X129.158 Y128.78 E-.108
;WIPE_END
G1 X129.173 Y128.331 Z1
G1 Z.6
M73 P62 R1
G1 E.8 F1800
;TYPE:Gap infill
;WIDTH:0.152628
G1 F4800
G1 X129.017 Y128.451 E.00206
;WIDTH:0.195773
G1 X128.861 Y128.571 E.00307
;WIDTH:0.238918
G1 X128.704 Y128.691 E.00408
;WIDTH:0.282064
G1 X128.548 Y128.811 E.00509
;WIDTH:0.325209
G1 X128.392 Y128.931 E.00609
;WIDTH:0.368354
G1 X128.235 Y129.051 E.0071
;WIDTH:0.389927
G1 X128.079 Y129.171 E.00761
G1 E-.78818 F1800
;WIPE_START
G1 F30000
G1 X128.235 Y129.051 E-.01182
;WIPE_END
G1 X132.954 Y135.05 Z1
G1 X136.375 Y139.399 Z1
G1 Z.6
G1 E.8 F1800
;TYPE:Internal solid infill
;WIDTH:0.893775
G1 F5327.097
G1 X136.272 Y139.399 E.01019
G1 X136.22 Y139.488 E.01019
G1 X136.272 Y139.578 E.01019
G1 X136.375 Y139.578 E.01019
G1 X136.397 Y139.54 E.00429
G1 E-.7725 F1800
;WIPE_START
G1 F30000
G1 X136.375 Y139.578 E-.00262
G1 X136.272 Y139.578 E-.00622
G1 X136.22 Y139.488 E-.00622
G1 X136.272 Y139.399 E-.00622
G1 X136.375 Y139.399 E-.00622
;WIPE_END
G1 X136.531 Y142.436 Z1
G1 Z.6
G1 E.8 F1800
SET_VELOCITY_LIMIT ACCEL=2000
;TYPE:Top surface
;WIDTH:0.626878
G1 F7854.717
G1 X138.386 Y140.581 E.17493
G1 X137.713 Y140.459 F30000
G1 F7854.717
G1 X135.609 Y142.563 E.19845
G1 X134.813 Y142.563 F30000
G1 F7854.717
G1 X136.917 Y140.459 E.19845
G1 X136.122 Y140.459 F30000
G1 F7854.717
G1 X134.018 Y142.563 E.19845
G1 X133.222 Y142.563 F30000
G1 F7854.717
G1 X135.326 Y140.459 E.19845
G1 X134.531 Y140.459 F30000
G1 F7854.717
G1 X132.427 Y142.563 E.19845
G1 X131.631 Y142.563 F30000
G1 F7854.717
G1 X133.735 Y140.459 E.19845
G1 X132.94 Y140.459 F30000
G1 F7854.717
G1 X130.836 Y142.563 E.19845
G1 X130.04 Y142.563 F30000
G1 F7854.717
G1 X132.144 Y140.459 E.19845
G1 X131.349 Y140.459 F30000
G1 F7854.717
G1 X129.344 Y142.464 E.18912
G1 X128.839 Y142.173 F30000
G1 F7854.717
G1 X130.553 Y140.459 E.16165
G1 X129.758 Y140.459 F30000
G1 F7854.717
G1 X128.335 Y141.881 E.13419
G1 X127.831 Y141.59 F30000
G1 F7854.717
G1 X128.962 Y140.459 E.10673
G1 X128.167 Y140.459 F30000
G1 F7854.717
G1 X127.326 Y141.299 E.07927
G1 E-.72869 F1800
;WIPE_START
G1 F30000
G1 X128.167 Y140.459 E-.07131
;WIPE_END
G1 X135.798 Y140.608 Z1
G1 X138.585 Y140.663 Z1
G1 Z.6
G1 E.8 F1800
SET_VELOCITY_LIMIT ACCEL=10000
;TYPE:Gap infill
;WIDTH:0.202632
G1 F4800
G1 X138.608 Y140.705 E.00079
;WIDTH:0.247526
G1 X138.63 Y140.747 E.00104
;WIDTH:0.292421
G1 X138.653 Y140.789 E.0013
;WIDTH:0.337316
G1 X138.676 Y140.832 E.00155
;WIDTH:0.382211
G1 X138.698 Y140.874 E.00181
;WIDTH:0.427106
G1 X138.721 Y140.916 E.00206
;WIDTH:0.462975
G1 X138.725 Y140.931 E.00075
;WIDTH:0.45173
G1 X138.571 Y141.049 E.0089
;WIDTH:0.402396
G1 X138.417 Y141.167 E.00776
;WIDTH:0.353061
G1 X138.263 Y141.285 E.00663
;WIDTH:0.303726
G1 X138.11 Y141.403 E.0055
;WIDTH:0.254392
G1 X137.956 Y141.521 E.00436
;WIDTH:0.205057
G1 X137.802 Y141.639 E.00323
;WIDTH:0.18039
G1 X137.649 Y141.757 E.00266
G1 E-.78838 F1800
;WIPE_START
G1 F30000
G1 X137.802 Y141.639 E-.01162
;WIPE_END
G1 X130.222 Y140.751 Z1
G1 X127.727 Y140.459 Z1
G1 Z.6
G1 E.8 F1800
;WIDTH:0.156111
G1 F4800
G1 X127.564 Y140.586 E.00226
;WIDTH:0.192487
G1 X127.478 Y140.646 E.00159
;WIDTH:0.240853
G3 X126.886 Y141.045 I-8.387 J-11.818 E.01493
G1 E-.75719 F1800
;WIPE_START
G1 F30000
G1 X127.478 Y140.646 E-.04281
;WIPE_END
G1 X132.957 Y143.396 Z1
G1 Z.6
G1 E.8 F1800
;TYPE:Internal solid infill
;WIDTH:0.774105
G1 F6225.324
G2 X132.957 Y143.55 I-.044 J.077 E.03127
G1 X132.972 Y143.525 E.00242
G1 E-.77699 F1800
;WIPE_START
G1 F30000
G1 X132.957 Y143.55 E-.00172
G1 X132.869 Y143.55 E-.00532
G1 X132.824 Y143.473 E-.00532
G1 X132.869 Y143.396 E-.00532
G1 X132.957 Y143.396 E-.00532
;WIPE_END
G1 X138.16 Y137.812 Z1
G1 X140.203 Y135.618 Z1
G1 Z.6
G1 E.8 F1800
;WIDTH:0.965031
G1 F4905.637
G1 X140.09 Y135.618 E.01202
G1 X140.034 Y135.716 E.01202
G1 X140.09 Y135.813 E.01202
G1 X140.203 Y135.813 E.01202
G1 X140.229 Y135.768 E.00561
G1 E-.76983 F1800
;WIPE_START
G1 F30000
G1 X140.203 Y135.813 E-.00315
G1 X140.09 Y135.813 E-.00675
G1 X140.034 Y135.716 E-.00675
G1 X140.09 Y135.618 E-.00675
G1 X140.203 Y135.618 E-.00675
;WIPE_END
EXCLUDE_OBJECT_END NAME=japanese_kikko_Top.stl_id_0_copy_0
EXCLUDE_OBJECT_START NAME=japanese_kikko_Bottom.stl_id_1_copy_0
G1 X137.28 Y128.568 Z1
G1 X131.018 Y113.463 Z1
G1 Z.6
M73 P63 R1
G1 E.8 F1800
;TYPE:Inner wall
;WIDTH:0.62
G1 F7951.957
G1 X131.048 Y113.678 E.01429
G1 X131.048 Y122.267 E.56582
G1 X131.023 Y122.501 E.0155
G1 X130.971 Y122.594 E.00701
G1 X130.801 Y122.729 E.01431
G1 X123.363 Y127.023 E.56579
G1 X123.147 Y127.118 E.01553
G1 X123.041 Y127.12 E.00698
G1 X122.839 Y127.039 E.01429
G1 X115.401 Y122.745 E.56582
G1 X115.211 Y122.605 E.01553
G1 X115.156 Y122.515 E.00696
G1 X115.125 Y122.3 E.01429
G1 X115.125 Y113.711 E.56582
G1 X115.151 Y113.477 E.0155
G1 X115.203 Y113.384 E.00701
G1 X115.373 Y113.25 E.01431
G1 X122.811 Y108.955 E.56579
G1 X123.027 Y108.861 E.01553
G1 X123.133 Y108.858 E.00698
G1 X123.334 Y108.939 E.01429
G1 X130.773 Y113.234 E.56582
G1 X130.963 Y113.373 E.01553
G1 X130.987 Y113.412 E.00301
SET_VELOCITY_LIMIT ACCEL=5000
G1 X131.553 Y113.283 F30000
;TYPE:Outer wall
G1 F7951.957
G1 X131.604 Y113.639 E.02367
G1 X131.604 Y122.298 E.57044
G1 X131.563 Y122.672 E.02481
G1 X131.403 Y122.961 E.02173
G1 X131.113 Y123.19 E.02436
G1 X123.614 Y127.52 E.57043
G1 X123.269 Y127.671 E.02482
G1 X122.939 Y127.678 E.02172
G1 X122.596 Y127.54 E.02436
G1 X115.097 Y123.211 E.57044
G1 X114.793 Y122.988 E.02483
G1 X114.622 Y122.706 E.02172
G1 X114.57 Y122.34 E.02436
G1 X114.57 Y113.681 E.57044
G1 X114.611 Y113.306 E.02481
G1 X114.77 Y113.017 E.02173
G1 X115.061 Y112.788 E.02436
G1 X122.56 Y108.459 E.57043
G1 X122.905 Y108.307 E.02482
G1 X123.234 Y108.3 E.02172
G1 X123.578 Y108.438 E.02436
G1 X131.077 Y112.768 E.57044
G1 X131.381 Y112.991 E.02483
G1 X131.526 Y113.23 E.01846
G1 E-.692 F1800
;WIPE_START
G1 F30000
G1 X131.604 Y113.639 E-.02495
G1 X131.604 Y115.023 E-.08305
;WIPE_END
G1 X130.434 Y122.12 Z1
G1 Z.6
G1 E.8 F1800
SET_VELOCITY_LIMIT ACCEL=10000
;TYPE:Internal solid infill
;WIDTH:0.834615
G1 F5736.26
G1 X130.337 Y122.12 E.00879
G1 X130.289 Y122.203 E.00879
G1 X130.337 Y122.286 E.00879
G1 X130.434 Y122.286 E.00879
G1 X130.452 Y122.255 E.00331
G1 E-.77472 F1800
;WIPE_START
G1 F30000
G1 X130.434 Y122.286 E-.00218
G1 X130.337 Y122.286 E-.00578
G1 X130.289 Y122.203 E-.00578
G1 X130.337 Y122.12 E-.00578
G1 X130.434 Y122.12 E-.00578
;WIPE_END
G1 X127.893 Y124.151 Z1
G1 Z.6
G1 E.8 F1800
;WIDTH:0.62
G1 F7951.964
G1 X130.576 Y121.468 E.24999
G1 X130.576 Y120.682 E.05176
G1 X126.717 Y124.541 E.35955
G1 X124.858 Y125.615 E.14142
G1 X130.576 Y119.896 E.53275
G1 X130.576 Y119.11 E.05176
G1 X123.065 Y126.621 E.69973
G1 X122.565 Y126.336 E.03795
G1 X130.576 Y118.325 E.74634
G1 X130.576 Y117.539 E.05176
G1 X122.067 Y126.048 E.79275
G1 X121.569 Y125.76 E.03789
G1 X130.576 Y116.753 E.83916
G1 X130.576 Y115.967 E.05176
G1 X121.071 Y125.473 E.88557
G1 X120.572 Y125.185 E.03789
G1 X130.576 Y115.182 E.93198
G1 X130.576 Y114.396 E.05176
G1 X120.074 Y124.898 E.97839
G1 X119.576 Y124.61 E.03789
G1 X130.539 Y113.648 E1.0213
G1 X130.043 Y113.358 E.03784
G1 X119.078 Y124.322 E1.02153
G1 X118.58 Y124.035 E.03789
M73 P64 R1
G1 X129.545 Y113.07 E1.02153
G1 X129.047 Y112.782 E.03789
G1 X118.082 Y123.747 E1.02153
G1 X117.583 Y123.46 E.03789
G1 X128.548 Y112.495 E1.02153
G1 X128.05 Y112.207 E.03789
G1 X117.085 Y123.172 E1.02153
G1 X116.587 Y122.884 E.03789
G1 X127.552 Y111.919 E1.02153
G1 X127.054 Y111.632 E.03789
G1 X116.089 Y122.597 E1.02153
G3 X115.604 Y122.308 I1.074 J-2.357 E.03729
G1 X126.556 Y111.344 E1.02087
G1 X126.058 Y111.057 E.03789
G1 X115.598 Y121.517 E.97448
G1 X115.598 Y120.731 E.05176
G1 X125.559 Y110.769 E.92807
G1 X125.061 Y110.481 E.03789
G1 X115.598 Y119.945 E.88166
G1 X115.598 Y119.159 E.05176
G1 X124.563 Y110.194 E.83525
G1 X124.065 Y109.906 E.03789
G1 X115.598 Y118.374 E.78884
G1 X115.598 Y117.588 E.05176
G1 X123.567 Y109.619 E.74243
G1 X123.127 Y109.365 E.03342
G2 X123.019 Y109.381 I-.038 J.119 E.00749
G1 X115.598 Y116.802 E.69138
G1 X115.598 Y116.016 E.05176
G1 X121.16 Y110.454 E.51818
G1 X119.301 Y111.528 E.14142
G1 X115.598 Y115.23 E.34498
G1 X115.598 Y114.445 E.05176
G1 X118.125 Y111.918 E.23541
G1 E-.692 F1800
;WIPE_START
G1 F30000
G1 X116.852 Y113.191 E-.108
;WIPE_END
G1 X120.863 Y119.684 Z1
G1 X124.612 Y125.75 Z1
G1 Z.6
G1 E.8 F1800
;TYPE:Gap infill
;WIDTH:0.394056
G1 F4800
G1 X124.438 Y125.883 E.00853
;WIDTH:0.346238
G1 X124.265 Y126.016 E.00729
;WIDTH:0.298419
G1 X124.092 Y126.149 E.00605
;WIDTH:0.250601
G1 X123.919 Y126.282 E.00482
;WIDTH:0.202783
G1 X123.746 Y126.415 E.00358
;WIDTH:0.178873
G1 X123.573 Y126.547 E.00296
G1 E-.78691 F1800
;WIPE_START
G1 F30000
G1 X123.746 Y126.415 E-.01309
;WIPE_END
G1 X120.316 Y119.596 Z1
G1 X116.867 Y112.741 Z1
G1 Z.6
G1 E.8 F1800
;WIDTH:0.155384
G1 F4800
G1 X116.716 Y112.857 E.00206
;WIDTH:0.204041
G1 X116.565 Y112.973 E.00316
;WIDTH:0.252698
G1 X116.413 Y113.089 E.00425
;WIDTH:0.301355
G1 X116.262 Y113.205 E.00535
;WIDTH:0.350012
G1 X116.111 Y113.321 E.00645
;WIDTH:0.398669
G1 X115.96 Y113.437 E.00755
;WIDTH:0.447326
G1 X115.809 Y113.553 E.00865
;WIDTH:0.495983
G1 X115.658 Y113.669 E.00975
;WIDTH:0.523192
G1 X115.403 Y114.176 E.03085
G1 E-.76597 F1800
;WIPE_START
G1 F30000
G1 X115.658 Y113.669 E-.03403
;WIPE_END
G1 X122.17 Y109.689 Z1
G1 X122.444 Y109.521 Z1
G1 Z.6
G1 E.8 F1800
;WIDTH:0.154964
G1 F4800
G1 X122.271 Y109.654 E.00234
;WIDTH:0.202783
G1 X122.098 Y109.787 E.00358
;WIDTH:0.250602
G1 X121.925 Y109.92 E.00482
;WIDTH:0.29842
G1 X121.752 Y110.053 E.00605
;WIDTH:0.346239
G1 X121.579 Y110.186 E.00729
;WIDTH:0.370149
G1 X121.406 Y110.318 E.00791
;LAYER_CHANGE
;Z:0.9
;HEIGHT:0.3
;BEFORE_LAYER_CHANGE
;0.9
G92 E0

G1 E-.78691 F1800
;WIPE_START
G1 F30000
G1 X121.579 Y110.186 E-.01309
;WIPE_END
EXCLUDE_OBJECT_END NAME=japanese_kikko_Bottom.stl_id_1_copy_0
M73 L3
;LAYER:3
SET_PRINT_STATS_INFO TOTAL_LAYER=12 CURRENT_LAYER=3
;_SET_FAN_SPEED_CHANGING_LAYER
EXCLUDE_OBJECT_START NAME=japanese_kikko_Top.stl_id_0_copy_0
G17
G3 Z1.3 I-1.169 J.338 P1
M73 P65 R1
G1 X131.065 Y142.994 Z1.3
G1 Z.9
G1 E.8 F1800
;TYPE:Inner wall
;WIDTH:0.62
G1 F7951.957
G1 X131.098 Y142.87 E.00843
G1 X134.728 Y142.87 E.23918
G1 X134.795 Y143.117 E.01685
G1 X133.189 Y144.045 E.12215
G1 X132.973 Y144.139 E.01553
G1 X132.867 Y144.142 E.00698
G1 X132.666 Y144.061 E.01429
G1 X131.032 Y143.117 E.1243
G1 X131.049 Y143.052 E.00447
G1 E-.692 F1800
;WIPE_START
G1 F30000
G1 X131.098 Y142.87 E-.01127
G1 X132.71 Y142.87 E-.09673
;WIPE_END
G1 X128.53 Y142.315 Z1.3
G1 Z.9
G1 E.8 F1800
SET_VELOCITY_LIMIT ACCEL=5000
;TYPE:Outer wall
G1 F7951.957
G1 X137.296 Y142.315 E.57749
G1 X133.44 Y144.541 E.29332
G1 X133.095 Y144.693 E.02482
G1 X132.766 Y144.7 E.02172
G1 X132.422 Y144.562 E.02436
G1 X128.582 Y142.345 E.29212
G1 E-.692 F1800
;WIPE_START
G1 F30000
G1 X130.382 Y142.339 E-.108
;WIPE_END
G1 X137.787 Y140.491 Z1.3
G1 X138.73 Y140.256 Z1.3
G1 Z.9
G1 E.8 F1800
G1 F7951.957
G1 X138.956 Y140.32 E.0155
G2 X139.281 Y137.015 I.332 J-1.636 E.36798
G1 X139.132 Y137.023 E.00983
G2 X138.644 Y140.224 I.156 J1.662 E.29154
G1 X138.674 Y140.235 E.00207
G1 E-.692 F1800
;WIPE_START
G1 F30000
G1 X138.956 Y140.32 E-.01771
G1 X139.281 Y140.356 E-.01962
G1 X139.607 Y140.324 E-.01965
G1 X139.921 Y140.229 E-.01965
G1 X140.209 Y140.075 E-.01965
G1 X140.36 Y139.951 E-.01172
;WIPE_END
G1 X134.448 Y135.123 Z1.3
G1 X127.137 Y129.153 Z1.3
G1 Z.9
G1 E.8 F1800
SET_VELOCITY_LIMIT ACCEL=10000
;TYPE:Inner wall
G1 F7951.957
G1 X132.637 Y125.977 E.41843
G1 X132.853 Y125.882 E.01553
G1 X132.959 Y125.88 E.00698
G1 X133.161 Y125.961 E.01429
G1 X140.599 Y130.255 E.56582
G1 X140.789 Y130.395 E.01553
G1 X140.844 Y130.485 E.00696
G1 X140.875 Y130.7 E.01429
G1 X140.875 Y137.099 E.42153
G2 X139.5 Y136.47 I-1.736 J1.978 E.10103
G2 X137.318 Y139.735 I-.201 J2.227 E.31582
G1 X137.567 Y140.151 E.03193
G1 X128.265 Y140.151 E.61274
G2 X128.777 Y138.686 I-2.154 J-1.575 E.10376
G2 X125.314 Y136.834 I-2.236 J.018 E.31582
G1 X124.952 Y137.103 E.02969
G1 X124.952 Y132.919 E.27564
G2 X126.332 Y133.552 I1.743 J-1.98 E.1015
G2 X127.6 Y129.372 I.205 J-2.22 E.40197
G1 X127.191 Y129.178 E.02984
SET_VELOCITY_LIMIT ACCEL=5000
G1 X126.402 Y129.673 F30000
;TYPE:Outer wall
G1 F7951.957
G2 X126.551 Y129.665 I.156 J1.662 E.68108
G1 X126.462 Y129.67 E.00588
G1 E-.692 F1800
;WIPE_START
G1 F30000
G1 X126.226 Y129.697 E-.01422
G1 X125.912 Y129.793 E-.01973
G1 X125.623 Y129.947 E-.01965
G1 X125.37 Y130.155 E-.01965
G1 X125.162 Y130.408 E-.01965
G1 X125.043 Y130.63 E-.01511
;WIPE_END
G1 X126.402 Y137.023 Z1.3
G1 Z.9
G1 E.8 F1800
G1 F7951.957
G2 X126.551 Y137.015 I.156 J1.662 E.68108
G1 X126.462 Y137.02 E.00588
G1 E-.692 F1800
;WIPE_START
G1 F30000
G1 X126.226 Y137.047 E-.01422
G1 X125.912 Y137.143 E-.01973
G1 X125.623 Y137.297 E-.01965
G1 X125.37 Y137.505 E-.01965
G1 X125.162 Y137.758 E-.01965
G1 X125.043 Y137.98 E-.01511
;WIPE_END
G1 X124.652 Y130.357 Z1.3
G1 X124.634 Y130.009 Z1.3
G1 Z.9
G1 E.8 F1800
M73 P66 R1
G1 F7951.957
G1 X124.887 Y129.81 E.02121
G1 X132.386 Y125.48 E.57043
G1 X132.731 Y125.329 E.02482
G1 X133.061 Y125.322 E.02172
G1 X133.404 Y125.46 E.02436
G1 X140.903 Y129.789 E.57044
G1 X141.207 Y130.012 E.02483
G1 X141.378 Y130.294 E.02172
G1 X141.43 Y130.66 E.02436
G1 X141.43 Y139.319 E.57044
G1 X141.389 Y139.694 E.02481
G1 X141.23 Y139.983 E.02173
G1 X140.939 Y140.212 E.02436
G1 X140.081 Y140.707 E.06525
G1 X125.745 Y140.707 E.94446
G1 X124.923 Y140.232 E.0625
G1 X124.619 Y140.009 E.02483
G1 X124.448 Y139.727 E.02172
G1 X124.396 Y139.361 E.02436
G1 X124.396 Y130.702 E.57044
G1 X124.437 Y130.328 E.02481
G1 X124.591 Y130.049 E.02093
G1 E-.692 F1800
;WIPE_START
G1 F30000
G1 X124.887 Y129.81 E-.02286
G1 X126.116 Y129.101 E-.08514
;WIPE_END
G1 X125.496 Y136.118 Z1.3
G1 Z.9
G1 E.8 F1800
SET_VELOCITY_LIMIT ACCEL=10000
;TYPE:Internal solid infill
;WIDTH:0.574381
G1 F8663.259
G2 X125.497 Y136.226 I-.027 J.054 E.01492
G1 E-.78458 F1800
;WIPE_START
G1 F30000
G1 X125.432 Y136.229 E-.00394
G1 X125.4 Y136.174 E-.00382
G1 X125.432 Y136.118 E-.00382
G1 X125.496 Y136.118 E-.00383
;WIPE_END
G1 X132.335 Y132.731 Z1.3
G1 X138.514 Y129.67 Z1.3
G1 Z.9
G1 E.8 F1800
;WIDTH:0.579991
G1 F8569
G1 X140.339 Y131.495 E.15776
G1 X140.339 Y130.723 E.04715
G1 X138.566 Y129.7 E.12514
G1 E-.692 F1800
;WIPE_START
G1 F30000
G1 X140.125 Y130.6 E-.108
;WIPE_END
G1 X140.652 Y132.184 Z1.3
G1 Z.9
G1 E.8 F1800
;WIDTH:0.635606
G1 F7734.714
G1 X137.452 Y128.984 E.3065
G1 X135.541 Y127.88 E.14948
G1 X140.402 Y132.742 E.46563
G1 X140.402 Y133.549 E.05471
G1 X133.63 Y126.777 E.6487
G1 X132.954 Y126.386 E.05286
G2 X132.851 Y126.399 I-.045 J.057 E.00779
G1 X132.593 Y126.548 E.02019
G1 X140.402 Y134.357 E.74798
G1 X140.402 Y135.165 E.05471
G1 X132.081 Y126.844 E.79703
G1 X131.569 Y127.139 E.04005
G1 X140.402 Y135.973 E.84609
G1 X140.402 Y136.237 E.01787
G1 X140.315 Y136.19 E.0067
G1 X139.808 Y136.036 E.03586
G1 X139.642 Y136.02 E.01134
G1 X131.057 Y127.435 E.82228
G1 X130.544 Y127.731 E.04005
G1 X138.841 Y136.027 E.79466
G1 X138.758 Y136.035 E.00562
G1 X138.214 Y136.208 E.03869
G1 X130.032 Y128.026 E.78365
G1 X129.52 Y128.322 E.04005
G1 X137.702 Y136.504 E.78368
G1 X137.371 Y136.776 E.029
G1 X137.279 Y136.888 E.00988
G1 X129.008 Y128.618 E.79218
G1 X128.496 Y128.913 E.04005
G1 X136.942 Y137.36 E.80898
G2 X136.702 Y137.928 I1.308 J.887 E.04203
G1 X129.016 Y130.241 E.73622
G1 X129.2 Y130.809 E.04043
G1 X129.246 Y131.28 E.03205
G1 X136.587 Y138.62 E.70304
G2 X136.696 Y139.47 I2.763 J.075 E.05828
G1 X136.744 Y139.585 E.00846
G1 X129.159 Y132 E.72656
G3 X128.933 Y132.582 I-1.576 J-.276 E.04256
G1 X136.03 Y139.678 E.67972
G1 X135.222 Y139.678 E.05471
M73 P67 R1
G1 X128.616 Y133.072 E.63272
G1 X128.264 Y133.424 E.03365
G1 X128.201 Y133.466 E.00513
G1 X134.414 Y139.679 E.59504
G1 X133.606 Y139.679 E.05471
G1 X127.698 Y133.77 E.56589
G3 X127.098 Y133.978 I-1.001 J-1.918 E.04316
G1 X132.798 Y139.679 E.54598
G1 X131.991 Y139.679 E.05471
G1 X126.327 Y134.015 E.54247
G1 X126.024 Y133.985 E.02063
G1 X125.517 Y133.831 E.03586
G1 X125.424 Y133.782 E.00715
G1 X125.424 Y133.92 E.00936
G1 X131.183 Y139.679 E.55158
G1 X130.375 Y139.679 E.05471
G1 X129.238 Y138.542 E.10892
G1 X129.252 Y138.686 E.00982
G1 X129.179 Y139.29 E.04125
G1 X129.817 Y139.929 E.06115
G1 E-.692 F1800
;WIPE_START
G1 F30000
G1 X129.179 Y139.29 E-.05417
G1 X129.252 Y138.686 E-.03654
G1 X129.238 Y138.542 E-.0087
G1 X129.339 Y138.643 E-.00859
;WIPE_END
G1 X126.974 Y136.277 Z1.3
G1 Z.9
G1 E.8 F1800
G1 F7734.714
G1 X125.424 Y134.728 E.14843
G1 X125.424 Y135.536 E.05471
G1 X126.162 Y136.274 E.07069
G1 E-.692 F1800
;WIPE_START
G1 F30000
G1 X125.424 Y135.536 E-.06263
G1 X125.424 Y134.779 E-.04537
;WIPE_END
G1 X131.637 Y130.346 Z1.3
G1 X135.286 Y127.743 Z1.3
G1 Z.9
G1 E.8 F1800
;TYPE:Gap infill
;WIDTH:0.398736
G1 F4800
G1 X135.11 Y127.608 E.0088
;WIDTH:0.350067
G1 X134.934 Y127.473 E.00752
;WIDTH:0.301398
G1 X134.758 Y127.338 E.00624
;WIDTH:0.252728
G1 X134.582 Y127.202 E.00495
;WIDTH:0.204059
G1 X134.406 Y127.067 E.00367
;WIDTH:0.179725
G1 X134.23 Y126.932 E.00303
G1 E-.78669 F1800
;WIPE_START
G1 F30000
G1 X134.406 Y127.067 E-.01331
;WIPE_END
G1 X128.153 Y128.887 Z1.3
G1 Z.9
G1 E.8 F1800
;WIDTH:0.251295
G1 F4800
G1 X128.132 Y128.949 E.00144
;WIDTH:0.296081
G1 X128.111 Y129.01 E.00179
;WIDTH:0.340868
G1 X128.09 Y129.072 E.00213
;WIDTH:0.384689
G1 X128.073 Y129.137 E.00256
G3 X128.763 Y129.829 I-3.275 J3.959 E.03717
;WIDTH:0.412829
G1 X128.778 Y129.846 E.00092
G1 X128.726 Y130.095 E.01053
G1 E-.78337 F1800
;WIPE_START
G1 F30000
G1 X128.778 Y129.846 E-.01529
G1 X128.763 Y129.829 E-.00134
;WIPE_END
EXCLUDE_OBJECT_END NAME=japanese_kikko_Top.stl_id_0_copy_0
EXCLUDE_OBJECT_START NAME=japanese_kikko_Bottom.stl_id_1_copy_0
G1 X128.604 Y122.198 Z1.3
G1 X128.456 Y115.121 Z1.3
G1 Z.9
G1 E.8 F1800
;TYPE:Inner wall
;WIDTH:0.62
G1 F7951.957
G3 X122.493 Y111.932 I-5.366 J2.865 E2.04557
G1 X122.963 Y111.909 E.03099
G1 X123.09 Y111.902 E.00836
G3 X128.428 Y115.068 I0 J6.083 E.42902
G1 E-.692 F1800
;WIPE_START
G1 F30000
G1 X128.713 Y115.66 E-.03943
G1 X128.914 Y116.222 E-.03584
G1 X129.047 Y116.752 E-.03273
;WIPE_END
G1 X131.018 Y113.463 Z1.3
G1 Z.9
G1 E.8 F1800
G1 F7951.957
G1 X131.048 Y113.678 E.01429
G1 X131.048 Y122.267 E.56582
G1 X131.023 Y122.501 E.0155
G1 X130.971 Y122.594 E.00701
G1 X130.801 Y122.729 E.01431
G1 X123.363 Y127.023 E.56579
G1 X123.147 Y127.118 E.01553
G1 X123.041 Y127.12 E.00698
G1 X122.839 Y127.039 E.01429
G1 X115.401 Y122.745 E.56582
G1 X115.211 Y122.605 E.01553
G1 X115.156 Y122.515 E.00696
G1 X115.125 Y122.3 E.01429
G1 X115.125 Y113.711 E.56582
G1 X115.151 Y113.477 E.0155
G1 X115.203 Y113.384 E.00701
G1 X115.373 Y113.25 E.01431
G1 X122.811 Y108.955 E.56579
G1 X123.027 Y108.861 E.01553
G3 X123.216 Y108.892 I.058 J.237 E.01294
G1 X123.334 Y108.939 E.00842
G1 X130.773 Y113.234 E.56582
G1 X130.963 Y113.373 E.01553
G1 X130.987 Y113.412 E.00301
SET_VELOCITY_LIMIT ACCEL=5000
G1 X131.552 Y113.279 F30000
;TYPE:Outer wall
G1 F7951.957
G1 X131.604 Y113.639 E.02393
G1 X131.604 Y122.298 E.57044
G1 X131.563 Y122.672 E.02481
G1 X131.403 Y122.961 E.02173
G1 X131.113 Y123.19 E.02436
G1 X123.614 Y127.52 E.57043
G1 X123.269 Y127.671 E.02482
G1 X122.939 Y127.678 E.02172
G1 X122.596 Y127.54 E.02436
G1 X115.097 Y123.211 E.57044
G1 X114.793 Y122.988 E.02483
M73 P68 R1
G1 X114.622 Y122.706 E.02172
G1 X114.57 Y122.34 E.02436
G1 X114.57 Y113.681 E.57044
G1 X114.611 Y113.306 E.02481
G1 X114.77 Y113.017 E.02173
G1 X115.061 Y112.788 E.02436
G1 X122.56 Y108.459 E.57043
G1 X122.905 Y108.307 E.02482
G1 X123.234 Y108.3 E.02172
G1 X123.422 Y108.376 E.01333
G1 X123.578 Y108.438 E.01103
G1 X131.077 Y112.768 E.57044
G1 X131.381 Y112.991 E.02483
G1 X131.524 Y113.227 E.0182
G1 E-.692 F1800
;WIPE_START
G1 F30000
G1 X131.604 Y113.639 E-.02517
G1 X131.604 Y115.019 E-.08283
;WIPE_END
G1 X124.549 Y112.374 Z1.3
G1 Z.9
G1 E.8 F1800
SET_VELOCITY_LIMIT ACCEL=2000
;TYPE:Top surface
;WIDTH:0.620236
G1 F7948.588
G1 X128.705 Y116.53 E.38734
G1 X128.874 Y117.484 F30000
G1 F7948.588
G1 X123.595 Y112.205 E.49202
G1 X122.798 Y112.195 F30000
G1 F7948.588
G1 X128.884 Y118.281 E.56724
G1 X128.807 Y118.989 F30000
G1 F7948.588
G1 X122.09 Y112.272 E.62605
G1 X121.45 Y112.419 F30000
G1 F7948.588
G1 X128.66 Y119.629 E.67199
G1 X128.456 Y120.212 F30000
G1 F7948.588
G1 X120.867 Y112.623 E.70732
G1 X120.335 Y112.876 F30000
G1 F7948.588
G1 X128.203 Y120.744 E.73328
G1 X127.907 Y121.234 F30000
G1 F7948.588
G1 X119.845 Y113.172 E.75134
G1 X119.395 Y113.508 F30000
G1 F7948.588
G1 X127.571 Y121.684 E.76204
G1 X127.197 Y122.097 F30000
G1 F7948.588
G1 X118.982 Y113.882 E.76563
G1 X118.609 Y114.294 F30000
G1 F7948.588
G1 X126.785 Y122.47 E.76203
G1 X126.334 Y122.806 F30000
G1 F7948.588
G1 X118.273 Y114.745 E.75134
G1 X117.977 Y115.235 F30000
G1 F7948.588
G1 X125.844 Y123.102 E.73328
G1 X125.312 Y123.356 F30000
G1 F7948.588
G1 X117.723 Y115.767 E.70732
G1 X117.52 Y116.35 F30000
G1 F7948.588
G1 X124.729 Y123.559 E.67198
G1 X124.09 Y123.706 F30000
M73 P69 R1
G1 F7948.588
G1 X117.373 Y116.989 E.62604
G1 X117.295 Y117.698 F30000
G1 F7948.588
G1 X123.381 Y123.784 E.56723
G1 X122.585 Y123.773 F30000
G1 F7948.588
G1 X117.306 Y118.494 E.49201
G1 X117.474 Y119.449 F30000
G1 F7948.588
G1 X121.63 Y123.605 E.38732
G1 X120.956 Y123.36 F30000
SET_VELOCITY_LIMIT ACCEL=10000
;TYPE:Gap infill
;WIDTH:0.142305
G1 F4800
G1 X120.884 Y123.315 E.00078
;WIDTH:0.177889
G1 X120.768 Y123.233 E.00192
;WIDTH:0.226548
G1 X120.651 Y123.151 E.00274
;WIDTH:0.275207
G1 X120.535 Y123.069 E.00356
;WIDTH:0.323865
G1 X120.419 Y122.987 E.00438
;WIDTH:0.370919
G1 X120.272 Y122.873 E.00675
;WIDTH:0.41637
G1 X120.126 Y122.758 E.00775
;WIDTH:0.461822
G1 X119.979 Y122.644 E.00875
;WIDTH:0.504736
G1 X119.772 Y122.465 E.01433
;WIDTH:0.545114
G1 X119.564 Y122.286 E.01564
;WIDTH:0.578677
G3 X118.793 Y121.515 I7.456 J-8.226 E.06646
;WIDTH:0.545113
G1 X118.614 Y121.307 E.01564
;WIDTH:0.504733
G1 X118.435 Y121.1 E.01433
;WIDTH:0.461818
G1 X118.321 Y120.953 E.00875
;WIDTH:0.416368
G1 X118.206 Y120.807 E.00775
;WIDTH:0.370917
G1 X118.092 Y120.66 E.00675
;WIDTH:0.323862
G1 X118.01 Y120.544 E.00438
;WIDTH:0.275203
G1 X117.928 Y120.428 E.00356
;WIDTH:0.226545
G1 X117.846 Y120.311 E.00274
;WIDTH:0.177886
G1 X117.765 Y120.195 E.00192
;WIDTH:0.153557
G1 X117.719 Y120.123 E.0009
G1 E-.79492 F1800
;WIPE_START
G1 F30000
G1 X117.765 Y120.195 E-.00508
;WIPE_END
G1 X124.837 Y117.325 Z1.3
G1 X128.46 Y115.855 Z1.3
G1 Z.9
G1 E.8 F1800
;WIDTH:0.142349
G1 F4800
G1 X128.415 Y115.783 E.00078
;WIDTH:0.177974
G1 X128.333 Y115.667 E.00192
;WIDTH:0.226634
G1 X128.251 Y115.551 E.00274
;WIDTH:0.275294
G1 X128.169 Y115.434 E.00356
;WIDTH:0.323954
G1 X128.087 Y115.318 E.00438
;WIDTH:0.371008
G1 X127.973 Y115.172 E.00675
;WIDTH:0.416457
G1 X127.859 Y115.025 E.00775
;WIDTH:0.461907
G1 X127.745 Y114.879 E.00875
;WIDTH:0.504821
G1 X127.565 Y114.671 E.01433
;WIDTH:0.5452
G1 X127.386 Y114.463 E.01565
;WIDTH:0.578762
G2 X126.616 Y113.693 I-8.226 J7.456 E.06647
;WIDTH:0.545199
G1 X126.408 Y113.514 E.01565
;WIDTH:0.504822
G1 X126.2 Y113.334 E.01433
;WIDTH:0.461907
G1 X126.054 Y113.22 E.00875
;WIDTH:0.416457
G1 X125.907 Y113.106 E.00775
;WIDTH:0.371007
G1 X125.761 Y112.992 E.00675
;WIDTH:0.323952
G1 X125.645 Y112.91 E.00438
;WIDTH:0.275293
G1 X125.528 Y112.828 E.00356
;WIDTH:0.226633
G1 X125.412 Y112.746 E.00274
;WIDTH:0.177973
G1 X125.296 Y112.664 E.00192
;WIDTH:0.147055
G1 X125.224 Y112.619 E.00083
G1 E-.79491 F1800
;WIPE_START
G1 F30000
G1 X125.296 Y112.664 E-.00509
;WIPE_END
G1 X129.223 Y119.208 Z1.3
G1 X129.91 Y120.353 Z1.3
G1 Z.9
G1 E.8 F1800
;TYPE:Internal solid infill
;WIDTH:0.674364
G1 F7243.254
G3 X128.548 Y122.715 I-6.98 J-2.452 E.19826
G1 X129.91 Y121.928 E.1137
G1 X129.91 Y120.413 E.10958
G1 E-.692 F1800
;WIPE_START
G1 F30000
G1 X129.91 Y121.928 E-.09091
G1 X129.663 Y122.071 E-.01709
;WIPE_END
G1 X129.91 Y115.625 Z1.3
G1 Z.9
G1 E.8 F1800
;WIDTH:0.674365
G1 F7243.243
G1 X129.91 Y114.05 E.11392
G1 X128.548 Y113.264 E.1137
G1 X129.073 Y113.94 E.06193
G3 X129.889 Y115.569 I-6.554 J4.303 E.13203
G1 E-.692 F1800
;WIPE_START
G1 F30000
G1 X129.748 Y115.186 E-.02451
G1 X129.441 Y114.546 E-.04254
G1 X129.087 Y113.963 E-.04095
;WIPE_END
G1 X122.988 Y110.769 Z1.3
G1 Z.9
G1 E.8 F1800
;WIDTH:0.676951
G1 F7212.665
G3 X124.435 Y110.891 I.159 J6.783 E.10567
G1 X123.087 Y110.112 E.11307
G1 X121.737 Y110.892 E.11324
G3 X122.928 Y110.772 I1.211 J6.05 E.08711
G1 X122.969 Y111.353 F30000
;WIDTH:0.62
G1 F7951.964
G1 X123.752 Y111.38 E.05158
G3 X125.031 Y111.637 I-.665 J6.621 E.08608
;WIDTH:0.642321
G1 F7644.837
G1 X125.235 Y111.686 E.01435
;WIDTH:0.686965
G1 F7096.653
G1 X125.438 Y111.735 E.01546
;WIDTH:0.733546
G1 F6602.648
G1 X125.642 Y111.784 E.01661
G3 X126.797 Y112.412 I-3.664 J8.124 E.1044
;WIDTH:0.751671
G1 F6428.526
G1 X127.366 Y112.806 E.05642
;WIDTH:0.754304
G1 F6403.987
G1 X127.469 Y112.925 E.01287
;WIDTH:0.715931
G1 F6781.147
G1 X127.571 Y113.045 E.01215
;WIDTH:0.677559
G1 F7205.512
G1 X127.674 Y113.164 E.01144
;WIDTH:0.620876
G1 F7939.439
G2 X128.233 Y113.786 I13.201 J-11.294 E.05519
G3 X129.45 Y116.074 I-5.143 J4.203 E.17211
;WIDTH:0.642896
G1 F7637.244
G1 X129.523 Y116.27 E.01437
;WIDTH:0.688689
G1 F7077.055
G1 X129.596 Y116.467 E.0155
;WIDTH:0.736962
G1 F6569.107
G1 X129.669 Y116.663 E.0167
G3 X129.76 Y118.63 I-8.46 J1.381 E.15732
;WIDTH:0.750734
G1 F6437.296
G1 X129.725 Y118.962 E.02717
;WIDTH:0.776168
G1 F6207.279
G1 X129.689 Y119.294 E.02818
;WIDTH:0.767774
G1 F6281.353
G1 X129.629 Y119.446 E.01368
;WIDTH:0.725553
G1 F6682.468
G1 X129.57 Y119.599 E.01285
;WIDTH:0.683331
G1 F7138.309
G1 X129.51 Y119.752 E.01203
;WIDTH:0.621003
G1 F7937.631
G2 X129.221 Y120.544 I13.288 J5.289 E.05565
G3 X127.777 Y122.696 I-6.132 J-2.555 E.17215
;WIDTH:0.643388
G1 F7630.754
G1 X127.638 Y122.853 E.01438
;WIDTH:0.690165
G1 F7060.363
G1 X127.5 Y123.01 E.01555
;WIDTH:0.738126
G1 F6557.76
G1 X127.361 Y123.167 E.01674
G3 X125.642 Y124.195 I-5.778 J-7.712 E.16031
;WIDTH:0.733158
G1 F6606.478
G1 X125.438 Y124.244 E.01661
;WIDTH:0.687895
G1 F7086.067
G1 X125.235 Y124.293 E.01548
;WIDTH:0.621142
G1 F7935.643
G2 X124.372 Y124.507 I10.156 J42.803 E.05865
G3 X121.149 Y124.342 I-1.268 J-6.795 E.21507
;WIDTH:0.642561
G1 F7641.668
G1 X120.945 Y124.293 E.01436
;WIDTH:0.687684
G1 F7088.466
G1 X120.741 Y124.244 E.01548
;WIDTH:0.734959
G1 F6588.729
G1 X120.538 Y124.195 E.01665
G3 X119.382 Y123.568 I3.663 J-8.123 E.10463
;WIDTH:0.753129
G1 F6414.914
G1 X118.813 Y123.173 E.05655
;WIDTH:0.755587
G1 F6392.102
G1 X118.711 Y123.053 E.0129
;WIDTH:0.716848
G1 F6771.624
G1 X118.608 Y122.934 E.01217
;WIDTH:0.678108
G1 F7199.057
G1 X118.505 Y122.815 E.01145
;WIDTH:0.620885
G1 F7939.317
G2 X117.946 Y122.193 I-12.609 J10.758 E.05519
G3 X116.729 Y119.904 I5.143 J-4.203 E.17211
;WIDTH:0.644862
G1 F7611.381
G1 X116.655 Y119.708 E.01443
;WIDTH:0.694586
G1 F7010.833
G1 X116.58 Y119.513 E.01567
;WIDTH:0.741877
G1 F6521.452
G1 X116.505 Y119.317 E.01684
G3 X116.418 Y117.349 I8.814 J-1.379 E.15855
;WIDTH:0.765591
G1 F6300.911
G1 X116.488 Y116.694 E.05473
;WIDTH:0.768981
G1 F6270.589
G1 X116.548 Y116.539 E.0139
;WIDTH:0.726415
G1 F6673.763
G1 X116.609 Y116.384 E.01306
;WIDTH:0.683849
G1 F7132.345
G1 X116.669 Y116.229 E.01222
;WIDTH:0.621025
G1 F7937.315
G2 X116.958 Y115.435 I-14.318 J-5.66 E.0558
G3 X118.402 Y113.283 I6.132 J2.555 E.17215
;WIDTH:0.643611
G1 F7627.82
G1 X118.541 Y113.125 E.01439
;WIDTH:0.690832
G1 F7052.835
G1 X118.679 Y112.968 E.01556
;WIDTH:0.73953
G1 F6544.126
G1 X118.818 Y112.811 E.01677
G3 X120.537 Y111.783 I5.776 J7.708 E.16066
;WIDTH:0.734375
G1 F6594.48
G1 X120.741 Y111.734 E.01664
;WIDTH:0.688625
G1 F7077.781
G1 X120.945 Y111.685 E.0155
;WIDTH:0.624795
G1 F7883.914
G2 X121.807 Y111.472 I-9.06 J-38.429 E.05904
G3 X122.91 Y111.356 I1.142 J5.555 E.07376
G1 E-.692 F1800
;WIPE_START
G1 F30000
G1 X122.452 Y111.377 E-.02747
G1 X121.807 Y111.472 E-.03911
G1 X121.137 Y111.638 E-.04142
;WIPE_END
G1 X116.265 Y115.635 Z1.3
G1 Z.9
G1 E.8 F1800
;WIDTH:0.676674
G1 F7215.928
G3 X117.632 Y113.262 I6.985 J2.442 E.19996
G1 X116.265 Y114.051 E.11457
G1 X116.265 Y115.575 E.11064
G1 E-.692 F1800
;WIPE_START
G1 F30000
G1 X116.265 Y114.051 E-.09145
G1 X116.504 Y113.913 E-.01655
;WIPE_END
G1 X115.734 Y117.989 Z1.3
G1 Z.9
G1 E.8 F1800
;WIDTH:0.733051
G1 F6607.533
G1 X115.741 Y118.646 E.0521
;WIDTH:0.753639
G1 F6410.169
G1 X115.754 Y119.002 E.02904
;WIDTH:0.779083
G1 F6181.958
G1 X115.767 Y119.357 E.03012
;WIDTH:0.77033
G1 F6258.611
G1 X115.745 Y119.526 E.01428
;WIDTH:0.727378
G1 F6664.068
G1 X115.724 Y119.695 E.01341
;WIDTH:0.684427
G1 F7125.698
G1 X115.702 Y119.864 E.01254
;WIDTH:0.620753
G1 F7941.201
G1 X115.681 Y120.034 E.01125
G1 X115.682 Y122.261 E.1469
G1 X117.817 Y123.498 E.16281
;WIDTH:0.639369
G1 F7684.086
G1 X117.962 Y123.56 E.01073
;WIDTH:0.678108
G1 F7199.057
G1 X118.107 Y123.621 E.01145
;WIDTH:0.716848
G1 F6771.624
G1 X118.252 Y123.682 E.01217
;WIDTH:0.742156
G1 F6518.768
G1 X118.397 Y123.744 E.01264
G2 X120.188 Y124.79 I16.844 J-26.764 E.16669
;WIDTH:0.730683
G1 F6631.017
G1 X120.376 Y124.925 E.01832
;WIDTH:0.68641
G1 F7102.984
G1 X120.565 Y125.059 E.0171
;WIDTH:0.620913
G1 F7938.916
G1 X120.754 Y125.194 E.0153
G1 X123.084 Y126.537 E.17743
G1 X125.424 Y125.191 E.17815
;WIDTH:0.642631
G1 F7640.738
G1 X125.593 Y125.067 E.01436
;WIDTH:0.687895
G1 F7086.067
G1 X125.762 Y124.944 E.01548
;WIDTH:0.734164
G1 F6596.557
G1 X125.931 Y124.82 E.01663
G2 X127.134 Y124.14 I-13.209 J-24.787 E.10974
;WIDTH:0.750321
G1 F6441.174
G1 X127.758 Y123.757 E.05953
;WIDTH:0.751951
G1 F6425.902
G1 X127.909 Y123.692 E.01338
;WIDTH:0.714251
G1 F6798.683
G1 X128.059 Y123.626 E.01265
;WIDTH:0.67655
G1 F7217.381
G1 X128.21 Y123.561 E.01191
;WIDTH:0.620637
G1 F7942.847
G1 X128.36 Y123.496 E.01083
G1 X130.486 Y122.265 E.16202
G2 X130.493 Y120.033 I-88.217 J-1.372 E.1472
;WIDTH:0.644454
G1 F7616.726
M73 P70 R1
G1 X130.468 Y119.825 E.01442
;WIDTH:0.693364
G1 F7024.454
G1 X130.444 Y119.617 E.01563
;WIDTH:0.73904
G1 F6548.873
G1 X130.419 Y119.408 E.01677
G2 X130.434 Y117.332 I-52.994 J-1.405 E.16608
;WIDTH:0.762684
G1 F6327.142
G1 X130.409 Y116.641 E.05724
;WIDTH:0.766431
G1 F6293.37
G1 X130.43 Y116.467 E.01459
;WIDTH:0.724593
G1 F6692.18
G1 X130.451 Y116.293 E.01372
;WIDTH:0.682756
G1 F7144.953
G1 X130.472 Y116.119 E.01285
;WIDTH:0.620753
G1 F7941.197
G1 X130.493 Y115.946 E.01156
G1 X130.492 Y113.718 E.14695
G1 X128.36 Y112.482 E.1625
;WIDTH:0.639186
G1 F7686.536
G1 X128.216 Y112.421 E.01072
;WIDTH:0.677559
G1 F7205.512
G1 X128.071 Y112.36 E.01144
;WIDTH:0.715931
G1 F6781.147
G1 X127.926 Y112.298 E.01215
;WIDTH:0.740715
G1 F6532.662
G1 X127.781 Y112.237 E.01262
G2 X125.991 Y111.19 I-16.841 J26.759 E.1663
;WIDTH:0.729475
G1 F6643.056
G1 X125.802 Y111.056 E.01828
;WIDTH:0.685685
G1 F7111.267
G1 X125.613 Y110.922 E.01708
;WIDTH:0.620902
G1 F7939.062
G1 X125.424 Y110.787 E.01529
G1 X123.09 Y109.442 E.17778
G1 X120.754 Y110.785 E.1778
;WIDTH:0.642875
G1 F7637.524
G1 X120.585 Y110.909 E.01437
;WIDTH:0.688625
G1 F7077.781
G1 X120.416 Y111.032 E.0155
;WIDTH:0.735586
G1 F6582.574
G1 X120.247 Y111.156 E.01667
G2 X119.044 Y111.836 I13.211 J24.792 E.11
;WIDTH:0.751776
G1 F6427.54
G1 X118.42 Y112.22 E.05968
;WIDTH:0.753229
G1 F6413.985
G1 X118.27 Y112.285 E.01341
;WIDTH:0.715163
G1 F6789.15
G1 X118.119 Y112.35 E.01267
;WIDTH:0.677098
G1 F7210.931
G1 X117.968 Y112.415 E.01193
;WIDTH:0.620643
G1 F7942.766
G1 X117.817 Y112.48 E.01083
G1 X115.687 Y113.714 E.16233
G2 X115.681 Y115.945 I88.593 J1.372 E.14716
;WIDTH:0.643275
G1 F7632.244
G1 X115.704 Y116.153 E.01438
;WIDTH:0.689825
G1 F7064.196
G1 X115.728 Y116.361 E.01554
;WIDTH:0.746898
G1 F6473.476
G1 X115.751 Y116.569 E.01695
G3 X115.734 Y117.929 I-335.697 J-3.38 E.11005
G1 E-.70583 F1800
;WIPE_START
G1 F30000
G1 X115.751 Y116.569 E-.0816
G1 X115.728 Y116.361 E-.01257
;WIPE_END
G1 X116.265 Y120.344 Z1.3
G1 Z.9
G1 E.8 F1800
;WIDTH:0.676674
G1 F7215.928
G1 X116.265 Y121.928 E.115
G1 X117.632 Y122.717 E.11457
G1 X117.105 Y122.039 E.06232
G3 X116.286 Y120.4 I6.553 J-4.302 E.13332
G1 E-.692 F1800
;WIPE_START
G1 F30000
G1 X116.43 Y120.793 E-.02515
G1 X116.737 Y121.433 E-.04255
G1 X117.086 Y122.007 E-.0403
;WIPE_END
G1 X121.725 Y125.083 Z1.3
G1 Z.9
G1 E.8 F1800
;WIDTH:0.672414
G1 F7266.484
G1 X123.087 Y125.869 E.11335
G1 X124.447 Y125.084 E.11319
G3 X121.784 Y125.092 I-1.351 J-7.02 E.19304
M106 S63
;LAYER_CHANGE
;Z:1.2
;HEIGHT:0.3
;BEFORE_LAYER_CHANGE
;1.2
G92 E0

G1 E-.692 F1800
;WIPE_START
G1 F30000
G1 X122.34 Y125.174 E-.03368
G1 X123.048 Y125.213 E-.04253
G1 X123.577 Y125.19 E-.03178
;WIPE_END
EXCLUDE_OBJECT_END NAME=japanese_kikko_Bottom.stl_id_1_copy_0
M73 L4
;LAYER:4
SET_PRINT_STATS_INFO TOTAL_LAYER=12 CURRENT_LAYER=4
;_SET_FAN_SPEED_CHANGING_LAYER
EXCLUDE_OBJECT_START NAME=japanese_kikko_Top.stl_id_0_copy_0
G17
G3 Z1.6 I-1.048 J.619 P1
G1 X134.267 Y143.279 Z1.6
G1 Z1.2
G1 E.8 F1800
;TYPE:Inner wall
;WIDTH:0.62
G1 F7951.957
G1 X134.3 Y143.403 E.00843
G1 X133.189 Y144.045 E.08455
G1 X132.973 Y144.139 E.01553
G1 X132.867 Y144.142 E.00698
G1 X132.666 Y144.061 E.01429
G1 X131.526 Y143.403 E.0867
G1 X131.592 Y143.156 E.01685
G1 X134.234 Y143.156 E.17405
G1 X134.252 Y143.221 E.00447
G1 E-.692 F1800
;WIPE_START
G1 F30000
G1 X134.3 Y143.403 E-.01127
G1 X133.189 Y144.045 E-.07701
G1 X132.973 Y144.139 E-.01414
G1 X132.88 Y144.141 E-.00557
;WIPE_END
G1 X136.802 Y142.6 Z1.6
G1 Z1.2
G1 E.8 F1800
SET_VELOCITY_LIMIT ACCEL=5000
;TYPE:Outer wall
G1 F7951.957
G1 X133.44 Y144.541 E.25573
G1 X133.095 Y144.693 E.02482
G1 X132.766 Y144.7 E.02172
G1 X132.422 Y144.562 E.02436
G1 X129.024 Y142.6 E.25847
G1 X136.742 Y142.6 E.50842
G1 E-.692 F1800
;WIPE_START
G1 F30000
G1 X135.19 Y143.512 E-.108
;WIPE_END
G1 X133.579 Y143.499 Z1.6
G1 Z1.2
G1 E.8 F1800
SET_VELOCITY_LIMIT ACCEL=10000
;TYPE:Gap infill
;WIDTH:0.46088
G1 F4800
G1 X132.911 Y143.639 E.03206
G1 X132.279 Y143.517 E.03026
G1 E-.72046 F1800
;WIPE_START
G1 F30000
G1 X132.911 Y143.639 E-.03862
G1 X133.579 Y143.499 E-.04092
;WIPE_END
G1 X138.901 Y140.305 Z1.6
G1 Z1.2
G1 E.8 F1800
SET_VELOCITY_LIMIT ACCEL=5000
;TYPE:Outer wall
;WIDTH:0.62
G1 F7951.957
G1 X139.118 Y140.347 E.01455
G2 X139.607 Y137.047 I.17 J-1.661 E.33559
G2 X139.173 Y137.021 I-.327 J1.767 E.02874
G2 X138.797 Y140.282 I.115 J1.665 E.30505
G1 X138.842 Y140.292 E.00305
G1 E-.692 F1800
;WIPE_START
G1 F30000
G1 X139.118 Y140.347 E-.01685
G1 X139.445 Y140.348 E-.01964
G1 X139.766 Y140.284 E-.01965
G1 X139.921 Y140.229 E-.00984
G1 X140.209 Y140.075 E-.01965
G1 X140.462 Y139.867 E-.01965
G1 X140.491 Y139.832 E-.00274
;WIPE_END
G1 X134.53 Y135.065 Z1.6
G1 X127.137 Y129.153 Z1.6
G1 Z1.2
G1 E.8 F1800
SET_VELOCITY_LIMIT ACCEL=10000
;TYPE:Inner wall
G1 F7951.957
G1 X132.637 Y125.977 E.41843
G1 X132.853 Y125.882 E.01553
G1 X132.959 Y125.88 E.00698
G1 X133.161 Y125.961 E.01429
G1 X140.599 Y130.255 E.56582
G1 X140.789 Y130.395 E.01553
G1 X140.844 Y130.485 E.00696
G1 X140.875 Y130.7 E.01429
G1 X140.875 Y137.099 E.42153
G2 X139.5 Y136.47 I-1.736 J1.978 E.10103
G2 X137.379 Y139.866 I-.203 J2.233 E.32593
G1 X128.453 Y139.866 E.58804
G2 X125.501 Y136.722 I-1.913 J-1.161 E.38313
M73 P71 R1
G2 X124.952 Y137.103 I1.658 J2.98 E.04411
G1 X124.952 Y132.919 E.27564
G2 X126.332 Y133.552 I1.743 J-1.98 E.1015
G2 X127.6 Y129.372 I.205 J-2.22 E.40197
G1 X127.191 Y129.178 E.02984
SET_VELOCITY_LIMIT ACCEL=5000
G1 X126.714 Y129.675 F30000
;TYPE:Outer wall
G1 F7951.957
G2 X126.442 Y129.671 I-.165 J1.789 E.01794
G2 X126.877 Y129.697 I.115 J1.665 E.66223
G2 X126.774 Y129.682 I-.327 J1.767 E.00684
G1 E-.692 F1800
;WIPE_START
G1 F30000
G1 X126.442 Y129.671 E-.01992
G1 X126.225 Y129.697 E-.01314
G1 X125.912 Y129.793 E-.01965
G1 X125.623 Y129.947 E-.01965
G1 X125.37 Y130.155 E-.01965
G1 X125.2 Y130.361 E-.016
;WIPE_END
G1 X126.442 Y137.021 Z1.6
G1 Z1.2
G1 E.8 F1800
G1 F7951.957
G2 X126.877 Y137.047 I.115 J1.665 E.66222
G2 X126.502 Y137.018 I-.327 J1.767 E.02479
G1 E-.692 F1800
;WIPE_START
G1 F30000
G1 X126.225 Y137.047 E-.01673
G1 X125.912 Y137.143 E-.01965
G1 X125.623 Y137.297 E-.01965
G1 X125.37 Y137.505 E-.01965
G1 X125.162 Y137.758 E-.01965
G1 X125.062 Y137.944 E-.01268
;WIPE_END
G1 X124.67 Y130.322 Z1.6
G1 X124.653 Y129.994 Z1.6
G1 Z1.2
G1 E.8 F1800
G1 F7951.957
G1 X124.887 Y129.81 E.01962
G1 X132.386 Y125.48 E.57043
G1 X132.731 Y125.329 E.02482
G1 X133.061 Y125.322 E.02172
G1 X133.404 Y125.46 E.02436
G1 X140.903 Y129.789 E.57044
G1 X141.207 Y130.012 E.02483
G1 X141.378 Y130.294 E.02172
G1 X141.43 Y130.66 E.02436
G1 X141.43 Y139.319 E.57044
G1 X141.389 Y139.694 E.02481
G1 X141.23 Y139.983 E.02173
G3 X140.576 Y140.421 I-1.844 J-2.042 E.05205
G1 X125.25 Y140.421 E1.00958
G3 X124.619 Y140.009 I1.561 J-3.082 E.04975
G1 X124.448 Y139.727 E.02172
G1 X124.396 Y139.361 E.02436
G1 X124.396 Y130.702 E.57044
G1 X124.437 Y130.328 E.02481
G1 X124.597 Y130.039 E.02173
G1 X124.606 Y130.031 E.00079
G1 E-.692 F1800
;WIPE_START
G1 F30000
G1 X124.887 Y129.81 E-.02147
G1 X126.136 Y129.089 E-.08653
;WIPE_END
G1 X133.225 Y131.916 Z1.6
G1 X140.652 Y134.878 Z1.6
G1 Z1.2
G1 E.8 F1800
SET_VELOCITY_LIMIT ACCEL=10000
;TYPE:Internal solid infill
;WIDTH:0.631071
G1 F7796.612
G1 X139.293 Y136.237 E.12912
G1 E-.692 F1800
;WIPE_START
G1 F30000
G1 X140.566 Y134.964 E-.108
;WIPE_END
G1 X136.833 Y138.698 Z1.6
G1 Z1.2
G1 E.8 F1800
G1 F7796.612
G1 X136.137 Y139.393 E.06609
G1 X135.336 Y139.393 E.05385
G1 X136.655 Y138.074 E.12537
G1 X136.701 Y137.891 E.01269
G1 X136.899 Y137.412 E.0348
G1 X137.193 Y136.972 E.03558
G1 X137.559 Y136.606 E.03479
G1 X137.791 Y136.434 E.01936
G1 X138.248 Y136.19 E.03479
G1 X138.666 Y136.063 E.02936
G1 X140.402 Y134.327 E.16501
G1 X140.402 Y133.525 E.05385
G1 X134.534 Y139.393 E.55759
G1 X133.733 Y139.393 E.05385
G1 X140.402 Y132.724 E.63374
G1 X140.402 Y131.922 E.05385
G1 X132.931 Y139.393 E.70989
G1 X132.13 Y139.393 E.05385
G1 X140.402 Y131.121 E.78604
G1 X140.402 Y130.733 E.02604
G2 X140.341 Y130.651 I-.071 J-.011 E.00769
G1 X140.169 Y130.552 E.01327
G1 X131.328 Y139.393 E.84007
G1 X130.527 Y139.393 E.05385
G1 X139.661 Y130.259 E.86794
G1 X139.153 Y129.966 E.03942
M73 P72 R1
G1 X129.726 Y139.393 E.89581
G1 X129.145 Y139.393 E.039
G2 X129.21 Y139.107 I-.687 J-.307 E.01985
G1 X138.645 Y129.672 E.89649
G1 X138.137 Y129.379 E.03942
G1 X129.214 Y138.302 E.84786
G1 X129.2 Y138.159 E.00967
G1 X129.05 Y137.665 E.03469
G1 X137.629 Y129.086 E.81516
G1 X137.121 Y128.792 E.03942
G1 X128.76 Y137.153 E.79446
G2 X128.389 Y136.723 I-1.268 J.716 E.03843
G1 X136.613 Y128.499 E.7814
G1 X136.105 Y128.206 E.03942
G1 X127.934 Y136.377 E.77642
G1 X127.584 Y136.19 E.02661
G1 X127.381 Y136.128 E.0143
G1 X135.597 Y127.912 E.78068
G1 X135.089 Y127.619 E.03942
G1 X126.708 Y136 E.79635
G1 X126.551 Y135.985 E.0106
G1 X126.024 Y136.036 E.03558
G1 X125.803 Y136.103 E.01551
G1 X134.581 Y127.326 E.83406
G1 X134.073 Y127.032 E.03942
G1 X129.182 Y131.923 E.46472
G3 X128.639 Y133.049 I-2.708 J-.611 E.08473
G1 X128.264 Y133.424 E.03558
G1 X127.824 Y133.718 E.03558
G1 X127.335 Y133.921 E.03558
G1 X127.147 Y133.958 E.01288
G1 X125.424 Y135.681 E.16371
G1 X125.424 Y134.88 E.05385
G1 X126.292 Y134.011 E.08248
G1 X126.024 Y133.985 E.01811
G1 X125.635 Y133.867 E.0273
G1 X125.174 Y134.328 E.04381
G1 E-.692 F1800
;WIPE_START
G1 F30000
G1 X125.635 Y133.867 E-.03912
G1 X126.024 Y133.985 E-.02438
G1 X126.292 Y134.011 E-.01617
G1 X125.958 Y134.345 E-.02833
;WIPE_END
G1 X128.998 Y131.306 Z1.6
G1 Z1.2
G1 E.8 F1800
G1 F7796.612
G1 X133.564 Y126.739 E.43392
G1 X133.056 Y126.446 E.03942
G1 X129.082 Y130.42 E.37763
G2 X128.815 Y129.886 I-1.901 J.617 E.04028
G1 X131.551 Y127.149 E.26001
G1 X129.655 Y128.244 E.14711
G1 X128.289 Y129.611 E.12985
G1 E-.692 F1800
;WIPE_START
G1 F30000
G1 X129.561 Y128.338 E-.108
;WIPE_END
G1 X129.062 Y128.395 Z1.6
G1 Z1.2
G1 E.8 F1800
;TYPE:Gap infill
;WIDTH:0.153117
G1 F4800
G1 X128.924 Y128.501 E.00183
;WIDTH:0.197239
G1 X128.786 Y128.607 E.00274
;WIDTH:0.241362
G1 X128.649 Y128.713 E.00365
;WIDTH:0.285485
G1 X128.511 Y128.818 E.00456
;WIDTH:0.329608
G1 X128.373 Y128.924 E.00546
;WIDTH:0.373731
G1 X128.235 Y129.03 E.00637
;WIDTH:0.416888
G1 X128.097 Y129.136 E.00726
G1 X128.05 Y129.132 E.00195
;WIDTH:0.386686
G1 X127.752 Y129.118 E.01142
G1 E-.78207 F1800
;WIPE_START
G1 F30000
G1 X128.05 Y129.132 E-.01793
;WIPE_END
G1 X134.848 Y132.603 Z1.6
G1 X140.597 Y135.539 Z1.6
G1 Z1.2
G1 E.8 F1800
;WIDTH:0.354345
G1 F4800
G1 X139.876 Y136.26 E.03504
G1 E-.73884 F1800
;WIPE_START
G1 F30000
G1 X140.597 Y135.539 E-.06116
;WIPE_END
G1 X135.715 Y129.672 Z1.6
G1 X132.843 Y126.22 Z1.6
G1 Z1.2
G1 E.8 F1800
;WIDTH:0.138679
G1 F4800
G1 X132.782 Y126.262 E.00066
;WIDTH:0.169245
G1 X132.619 Y126.387 E.00256
;WIDTH:0.215125
G1 X132.456 Y126.512 E.00367
;WIDTH:0.261005
G1 X132.293 Y126.637 E.00479
;WIDTH:0.306886
G1 X132.129 Y126.762 E.00591
;WIDTH:0.352766
G1 X131.966 Y126.887 E.00703
;WIDTH:0.375706
G1 X131.803 Y127.012 E.00759
G1 E-.78767 F1800
;WIPE_START
G1 F30000
G1 X131.966 Y126.887 E-.01233
;WIPE_END
G1 X137.126 Y132.512 Z1.6
G1 X140.335 Y136.01 Z1.6
G1 Z1.2
G1 E.8 F1800
;TYPE:Internal solid infill
;WIDTH:0.663879
G1 F7369.937
G2 X140.342 Y136.127 I-.034 J.061 E.0213
G1 E-.78151 F1800
;WIPE_START
G1 F30000
G1 X140.26 Y136.14 E-.005
G1 X140.222 Y136.075 E-.0045
G1 X140.26 Y136.01 E-.0045
G1 X140.335 Y136.01 E-.0045
;WIPE_END
EXCLUDE_OBJECT_END NAME=japanese_kikko_Top.stl_id_0_copy_0
EXCLUDE_OBJECT_START NAME=japanese_kikko_Bottom.stl_id_1_copy_0
G1 X135.268 Y130.302 Z1.6
G1 X127.8 Y121.889 Z1.6
G1 Z1.2
G1 E.8 F1800
M73 P73 R1
;TYPE:Inner wall
;WIDTH:0.62
G1 F7951.957
G1 X127.82 Y121.871 E.00176
G2 X126.97 Y113.261 I-4.723 J-3.881 E.63324
G2 X122.962 Y111.879 I-3.866 J4.709 E.2853
G2 X127.417 Y122.316 I.135 J6.112 E1.5723
G1 X127.76 Y121.934 E.03386
SET_VELOCITY_LIMIT ACCEL=5000
G1 X127.391 Y121.519 F30000
;TYPE:Outer wall
G1 F7951.957
G2 X125.711 Y113.085 I-4.293 J-3.529 E.64773
G2 X122.989 Y112.434 I-2.604 J4.868 E.18642
G2 X127.352 Y121.565 I.109 J5.556 E1.46216
G1 E-.692 F1800
;WIPE_START
G1 F30000
G1 X127.713 Y121.078 E-.03634
G1 X127.994 Y120.61 E-.03274
G1 X128.227 Y120.117 E-.03274
G1 X128.262 Y120.02 E-.00618
;WIPE_END
G1 X131.018 Y113.463 Z1.6
G1 Z1.2
G1 E.8 F1800
SET_VELOCITY_LIMIT ACCEL=10000
;TYPE:Inner wall
G1 F7951.957
G1 X131.048 Y113.678 E.01429
G1 X131.048 Y122.267 E.56582
G1 X131.023 Y122.501 E.0155
G1 X130.971 Y122.594 E.00701
G1 X130.801 Y122.729 E.01431
G1 X123.363 Y127.023 E.56579
G1 X123.147 Y127.118 E.01553
G1 X123.041 Y127.12 E.00698
G1 X122.839 Y127.039 E.01429
G1 X115.401 Y122.745 E.56582
G1 X115.211 Y122.605 E.01553
G1 X115.156 Y122.515 E.00696
G1 X115.125 Y122.3 E.01429
G1 X115.125 Y113.711 E.56582
G1 X115.151 Y113.477 E.0155
G1 X115.203 Y113.384 E.00701
G1 X115.373 Y113.25 E.01431
G1 X122.811 Y108.955 E.56579
G1 X123.027 Y108.861 E.01553
G1 X123.133 Y108.858 E.00698
G1 X123.334 Y108.939 E.01429
G1 X130.773 Y113.234 E.56582
G1 X130.963 Y113.373 E.01553
G1 X130.987 Y113.412 E.00301
SET_VELOCITY_LIMIT ACCEL=5000
G1 X131.55 Y113.27 F30000
;TYPE:Outer wall
G1 F7951.957
G1 X131.552 Y113.273 E.00016
G1 X131.604 Y113.639 E.02436
G1 X131.604 Y122.298 E.57044
G1 X131.563 Y122.672 E.02481
G1 X131.403 Y122.961 E.02173
G1 X131.113 Y123.19 E.02436
G1 X123.614 Y127.52 E.57043
G1 X123.269 Y127.671 E.02482
G1 X122.939 Y127.678 E.02172
G1 X122.596 Y127.54 E.02436
G1 X115.097 Y123.211 E.57044
G1 X114.793 Y122.988 E.02483
G1 X114.622 Y122.706 E.02172
G1 X114.57 Y122.34 E.02436
G1 X114.57 Y113.681 E.57044
G1 X114.611 Y113.306 E.02481
G1 X114.77 Y113.017 E.02173
G1 X115.061 Y112.788 E.02436
G1 X122.56 Y108.459 E.57043
G1 X122.905 Y108.307 E.02482
G1 X123.234 Y108.3 E.02172
G1 X123.352 Y108.348 E.00833
G1 X123.578 Y108.438 E.01603
G1 X131.077 Y112.768 E.57044
G1 X131.381 Y112.991 E.02483
G1 X131.519 Y113.219 E.0176
G1 E-.692 F1800
;WIPE_START
G1 F30000
G1 X131.552 Y113.273 E-.00375
G1 X131.604 Y113.639 E-.02219
G1 X131.604 Y115.006 E-.08206
;WIPE_END
G1 X129.917 Y120.402 Z1.6
G1 Z1.2
G1 E.8 F1800
SET_VELOCITY_LIMIT ACCEL=10000
;TYPE:Internal solid infill
;WIDTH:0.660529
G1 F7411.351
G1 X129.501 Y121.369 E.07438
G3 X128.598 Y122.694 I-7.531 J-4.162 E.11352
G1 X129.917 Y121.932 E.10764
G1 X129.917 Y120.462 E.10394
G1 E-.692 F1800
;WIPE_START
G1 F30000
G1 X129.917 Y121.932 E-.08823
G1 X129.632 Y122.097 E-.01977
;WIPE_END
G1 X129.917 Y115.577 Z1.6
G1 Z1.2
G1 E.8 F1800
;WIDTH:0.66053
G1 F7411.338
G1 X129.917 Y114.046 E.10818
G1 X128.598 Y113.285 E.10764
G3 X129.896 Y115.52 I-5.226 J4.529 E.18381
G1 E-.692 F1800
;WIPE_START
G1 F30000
G1 X129.77 Y115.177 E-.02195
G1 X129.462 Y114.536 E-.04267
G1 X129.093 Y113.928 E-.04267
G1 X129.085 Y113.919 E-.0007
;WIPE_END
G1 X122.986 Y110.746 Z1.6
G1 Z1.2
G1 E.8 F1800
;WIDTH:0.663154
G1 F7378.86
G3 X124.4 Y110.862 I.167 J6.644 E.10087
M73 P74 R1
G1 X123.087 Y110.104 E.10762
G1 X121.772 Y110.863 E.10778
G3 X122.926 Y110.749 I1.166 J5.884 E.08248
G1 X122.968 Y111.323 F30000
;WIDTH:0.62
G1 F7951.964
G1 X123.755 Y111.35 E.05187
G1 X124.405 Y111.448 E.04329
;WIDTH:0.639868
G1 F7677.421
G1 X124.82 Y111.553 E.02923
;WIDTH:0.679606
G1 F7181.533
G1 X125.235 Y111.658 E.03125
;WIDTH:0.719071
G1 F6748.632
G1 X125.651 Y111.764 E.03325
G3 X126.81 Y112.393 I-3.684 J8.164 E.10249
;WIDTH:0.736778
G1 F6570.904
G1 X127.38 Y112.789 E.05531
;WIDTH:0.735499
G1 F6583.434
G1 X127.519 Y112.946 E.01675
;WIDTH:0.689299
G1 F7070.141
G1 X127.659 Y113.104 E.01559
;WIDTH:0.621701
G1 F7927.683
G2 X128.256 Y113.767 I28.365 J-24.964 E.05897
G3 X129.259 Y115.448 I-5.884 J4.65 E.12976
;WIDTH:0.640975
G1 F7662.686
G1 X129.404 Y115.852 E.02929
;WIDTH:0.682926
G1 F7142.987
G1 X129.548 Y116.255 E.03142
;WIDTH:0.723579
G1 F6702.471
G1 X129.692 Y116.659 E.03349
G3 X129.781 Y118.665 I-8.668 J1.389 E.15726
;WIDTH:0.749488
G1 F6449.01
G1 X129.712 Y119.289 E.05101
;WIDTH:0.753553
G1 F6410.964
G1 X129.654 Y119.445 E.01361
;WIDTH:0.715395
G1 F6786.732
G1 X129.595 Y119.601 E.01286
;WIDTH:0.677237
G1 F7209.294
G1 X129.537 Y119.757 E.01211
;WIDTH:0.620916
G1 F7938.866
G2 X129.249 Y120.555 I28.341 J10.68 E.056
G3 X127.798 Y122.717 I-6.159 J-2.566 E.17289
;WIDTH:0.64112
G1 F7660.759
G1 X127.657 Y122.873 E.01438
;WIDTH:0.683361
G1 F7137.966
G1 X127.517 Y123.029 E.01543
;WIDTH:0.723736
G1 F6700.879
G1 X127.376 Y123.185 E.01644
G3 X125.651 Y124.216 I-5.824 J-7.789 E.15735
;WIDTH:0.720728
G1 F6731.592
G1 X125.447 Y124.267 E.01635
;WIDTH:0.680437
G1 F7171.851
G1 X125.243 Y124.319 E.01535
;WIDTH:0.621205
G1 F7934.744
G3 X124.378 Y124.536 I-50.621 J-199.821 E.0589
G3 X121.775 Y124.531 I-1.288 J-6.547 E.17298
;WIDTH:0.640109
G1 F7674.218
G1 X121.359 Y124.426 E.02924
;WIDTH:0.680327
G1 F7173.132
G1 X120.944 Y124.321 E.03129
;WIDTH:0.720458
G1 F6734.357
G1 X120.529 Y124.216 E.03333
G3 X119.369 Y123.586 I3.683 J-8.163 E.10271
;WIDTH:0.738238
G1 F6556.676
G1 X118.799 Y123.19 E.05544
;WIDTH:0.736721
G1 F6571.463
G1 X118.66 Y123.032 E.01678
;WIDTH:0.690033
G1 F7061.852
G1 X118.521 Y122.875 E.01561
;WIDTH:0.621399
G1 F7931.989
G2 X117.923 Y122.212 I-25.874 J22.707 E.05894
G3 X116.701 Y119.913 I5.167 J-4.222 E.17304
;WIDTH:0.642797
G1 F7638.544
G1 X116.628 Y119.716 E.01443
;WIDTH:0.688393
G1 F7080.407
G1 X116.555 Y119.518 E.01557
;WIDTH:0.727784
G1 F6659.992
G1 X116.482 Y119.321 E.01655
G3 X116.395 Y117.346 I8.948 J-1.382 E.15578
;WIDTH:0.750802
G1 F6436.661
G1 X116.466 Y116.69 E.05375
;WIDTH:0.756104
G1 F6387.324
G1 X116.525 Y116.533 E.01367
;WIDTH:0.717217
G1 F6767.793
G1 X116.583 Y116.377 E.0129
;WIDTH:0.67833
G1 F7196.459
G1 X116.642 Y116.221 E.01213
;WIDTH:0.620934
G1 F7938.61
G2 X116.931 Y115.423 I-24.564 J-9.328 E.05601
G3 X118.381 Y113.262 I6.159 J2.566 E.1729
;WIDTH:0.641344
G1 F7657.791
G1 X118.522 Y113.105 E.01438
;WIDTH:0.684032
G1 F7130.243
G1 X118.663 Y112.949 E.01545
;WIDTH:0.725142
G1 F6686.623
G1 X118.803 Y112.793 E.01647
G3 X120.528 Y111.762 I5.822 J7.785 E.15771
;WIDTH:0.721946
G1 F6719.119
G1 X120.732 Y111.711 E.01639
;WIDTH:0.681168
G1 F7163.351
G1 X120.936 Y111.66 E.01537
;WIDTH:0.624272
G1 F7891.287
G3 X121.801 Y111.443 I107.617 J427.361 E.05923
G3 X122.908 Y111.326 I1.146 J5.576 E.07398
G1 E-.692 F1800
;WIPE_START
G1 F30000
G1 X122.449 Y111.348 E-.02755
G1 X121.801 Y111.443 E-.03929
G1 X121.136 Y111.609 E-.04116
;WIPE_END
G1 X116.258 Y115.586 Z1.6
G1 Z1.2
G1 E.8 F1800
;WIDTH:0.662838
G1 F7382.757
G1 X116.677 Y114.609 E.07543
G3 X117.582 Y113.282 I7.518 J4.154 E.11413
G1 X116.258 Y114.047 E.10848
G1 X116.258 Y115.526 E.10498
G1 E-.692 F1800
;WIPE_START
G1 F30000
G1 X116.258 Y114.047 E-.08877
G1 X116.536 Y113.886 E-.01923
;WIPE_END
G1 X115.726 Y117.989 Z1.6
G1 Z1.2
G1 E.8 F1800
;WIDTH:0.71816
G1 F6758.031
G1 X115.734 Y118.649 E.05111
;WIDTH:0.738808
G1 F6551.132
G1 X115.747 Y119.004 E.02846
;WIDTH:0.764308
G1 F6312.455
G1 X115.76 Y119.36 E.02954
;WIDTH:0.757426
G1 F6375.139
G1 X115.74 Y119.53 E.01404
;WIDTH:0.718161
G1 F6758.017
G1 X115.72 Y119.699 E.01324
;WIDTH:0.678897
G1 F7189.823
G1 X115.701 Y119.869 E.01245
;WIDTH:0.62069
G1 F7942.09
G1 X115.681 Y120.039 E.01127
G1 X115.682 Y122.261 E.14655
G1 X117.813 Y123.496 E.16248
;WIDTH:0.643344
G1 F7631.333
G1 X118.006 Y123.58 E.01445
;WIDTH:0.690033
G1 F7061.852
G1 X118.199 Y123.665 E.01561
;WIDTH:0.727198
G1 F6665.877
G1 X118.392 Y123.749 E.01654
G2 X120.186 Y124.798 I16.88 J-26.822 E.16336
;WIDTH:0.718332
G1 F6756.253
G1 X120.377 Y124.931 E.018
;WIDTH:0.678999
G1 F7188.626
G1 X120.567 Y125.063 E.01692
;WIDTH:0.620813
G1 F7940.34
G1 X120.758 Y125.196 E.01531
G1 X123.084 Y126.537 E.17713
G1 X125.421 Y125.193 E.17785
;WIDTH:0.640145
G1 F7673.728
G1 X125.592 Y125.071 E.01435
;WIDTH:0.680437
G1 F7171.851
G1 X125.763 Y124.949 E.01535
;WIDTH:0.719635
G1 F6742.823
G1 X125.934 Y124.827 E.01633
G2 X127.14 Y124.146 I-13.238 J-24.84 E.10759
;WIDTH:0.735457
G1 F6583.843
G1 X127.764 Y123.762 E.05829
;WIDTH:0.733305
G1 F6605.021
G1 X127.964 Y123.673 E.0174
;WIDTH:0.687983
G1 F7085.061
G1 X128.164 Y123.583 E.01622
;WIDTH:0.621015
G1 F7937.463
G1 X128.364 Y123.494 E.01448
G1 X130.486 Y122.265 E.16182
G2 X130.493 Y120.038 I-86.642 J-1.366 E.14696
;WIDTH:0.642387
G1 F7643.966
G1 X130.47 Y119.829 E.01442
;WIDTH:0.687162
G1 F7094.402
G1 X130.448 Y119.62 E.01553
;WIDTH:0.724928
G1 F6688.784
G1 X130.426 Y119.411 E.01648
G2 X130.441 Y117.33 I-50.065 J-1.415 E.16295
;WIDTH:0.747895
G1 F6464.041
G1 X130.416 Y116.638 E.05614
;WIDTH:0.753553
G1 F6410.964
G1 X130.435 Y116.463 E.01433
;WIDTH:0.715395
G1 F6786.732
G1 X130.455 Y116.289 E.01354
;WIDTH:0.677237
G1 F7209.294
G1 X130.474 Y116.115 E.01274
;WIDTH:0.620688
G1 F7942.115
G1 X130.493 Y115.94 E.01157
G1 X130.492 Y113.718 E.14659
G1 X128.364 Y112.485 E.16217
;WIDTH:0.643099
G1 F7634.558
G1 X128.172 Y112.4 E.01444
;WIDTH:0.689299
G1 F7070.141
G1 X127.979 Y112.316 E.01559
;WIDTH:0.725766
G1 F6680.308
G1 X127.786 Y112.231 E.0165
G2 X125.992 Y111.183 I-16.876 J26.815 E.16297
;WIDTH:0.717125
G1 F6768.743
G1 X125.802 Y111.05 E.01796
;WIDTH:0.678275
G1 F7197.103
G1 X125.611 Y110.918 E.01689
;WIDTH:0.620803
G1 F7940.485
G1 X125.421 Y110.785 E.01531
G1 X123.09 Y109.442 E.17747
G1 X120.758 Y110.783 E.17749
;WIDTH:0.640389
G1 F7670.483
G1 X120.587 Y110.905 E.01435
;WIDTH:0.681168
G1 F7163.351
G1 X120.416 Y111.027 E.01537
;WIDTH:0.720994
G1 F6728.867
G1 X120.245 Y111.149 E.01636
G2 X119.039 Y111.831 I13.241 J24.847 E.10784
;WIDTH:0.736913
G1 F6569.589
G1 X118.415 Y112.215 E.05843
;WIDTH:0.734522
G1 F6593.028
G1 X118.214 Y112.304 E.01743
;WIDTH:0.688713
G1 F7076.778
G1 X118.014 Y112.393 E.01624
;WIDTH:0.621025
G1 F7937.317
G1 X117.813 Y112.482 E.01448
G1 X115.687 Y113.714 E.16213
G2 X115.681 Y115.94 I86.906 J1.366 E.14692
;WIDTH:0.641357
G1 F7657.612
G1 X115.702 Y116.149 E.01438
;WIDTH:0.684072
G1 F7129.777
G1 X115.724 Y116.358 E.01545
;WIDTH:0.734452
G1 F6593.72
G1 X115.745 Y116.567 E.01671
G2 X115.727 Y117.929 I1602.216 J22.035 E.10822
G1 E-.70565 F1800
;WIPE_START
G1 F30000
G1 X115.745 Y116.567 E-.08173
G1 X115.724 Y116.358 E-.01262
;WIPE_END
G1 X116.258 Y120.392 Z1.6
G1 Z1.2
G1 E.8 F1800
;WIDTH:0.662838
G1 F7382.757
G1 X116.258 Y121.932 E.10923
G1 X117.582 Y122.696 E.10848
G3 X116.279 Y120.449 I5.225 J-4.532 E.18546
G1 E-.692 F1800
;WIPE_START
G1 F30000
G1 X116.409 Y120.802 E-.02259
G1 X116.717 Y121.443 E-.04268
G1 X117.086 Y122.051 E-.04268
G1 X117.087 Y122.052 E-.00005
;WIPE_END
G1 X121.76 Y125.111 Z1.6
G1 Z1.2
G1 E.8 F1800
;WIDTH:0.658563
G1 F7435.873
G1 X123.087 Y125.877 E.1079
G1 X124.411 Y125.112 E.10774
G3 X121.82 Y125.12 I-1.316 J-6.925 E.18361
M106 S125
;LAYER_CHANGE
;Z:1.5
;HEIGHT:0.3
;BEFORE_LAYER_CHANGE
;1.5
G92 E0

G1 E-.692 F1800
;WIPE_START
G1 F30000
G1 X122.338 Y125.197 E-.03143
G1 X123.048 Y125.236 E-.04267
G1 X123.612 Y125.211 E-.0339
;WIPE_END
EXCLUDE_OBJECT_END NAME=japanese_kikko_Bottom.stl_id_1_copy_0
M73 L5
;LAYER:5
SET_PRINT_STATS_INFO TOTAL_LAYER=12 CURRENT_LAYER=5
;_SET_FAN_SPEED_CHANGING_LAYER
EXCLUDE_OBJECT_START NAME=japanese_kikko_Top.stl_id_0_copy_0
G17
G3 Z1.9 I-1.054 J.608 P1
G1 X134.083 Y143.386 Z1.9
G1 Z1.5
G1 E.8 F1800
;TYPE:Inner wall
;WIDTH:0.62
G1 F7951.957
G1 X134.116 Y143.509 E.00843
G1 X133.189 Y144.045 E.07053
G1 X132.973 Y144.139 E.01553
G1 X132.867 Y144.142 E.00698
G1 X132.666 Y144.061 E.01429
G1 X131.71 Y143.509 E.07269
G1 X131.776 Y143.262 E.01685
G1 X134.05 Y143.262 E.14977
G1 X134.067 Y143.328 E.00447
G1 E-.692 F1800
;WIPE_START
G1 F30000
G1 X134.116 Y143.509 E-.01127
G1 X133.189 Y144.045 E-.06424
G1 X132.973 Y144.139 E-.01414
G1 X132.867 Y144.142 E-.00635
G1 X132.682 Y144.067 E-.01199
;WIPE_END
G1 X136.618 Y142.707 Z1.9
G1 Z1.5
G1 E.8 F1800
SET_VELOCITY_LIMIT ACCEL=5000
;TYPE:Outer wall
G1 F7951.957
G1 X133.44 Y144.541 E.24171
G1 X133.095 Y144.693 E.02482
G1 X132.766 Y144.7 E.02172
G1 X132.422 Y144.562 E.02436
G1 X129.209 Y142.707 E.24445
G1 X136.558 Y142.707 E.48413
G1 E-.692 F1800
;WIPE_START
G1 F30000
G1 X135.006 Y143.619 E-.108
;WIPE_END
G1 X130.452 Y137.495 Z1.9
M73 P75 R1
G1 X125.172 Y130.396 Z1.9
G1 Z1.5
G1 E.8 F1800
G1 F7951.957
G1 X125.169 Y130.412 E.00111
G2 X126.877 Y129.697 I1.39 J.924 E.56162
G2 X126.469 Y129.669 I-.326 J1.758 E.02698
G2 X125.375 Y130.16 I.09 J1.667 E.08079
G1 X125.211 Y130.35 E.01655
G1 E-.692 F1800
;WIPE_START
G1 F30000
G1 X125.169 Y130.412 E-.0045
G1 X125.008 Y130.697 E-.01961
G1 X124.912 Y131.01 E-.01965
G1 X124.88 Y131.336 E-.01965
G1 X124.912 Y131.662 E-.01965
G1 X125.008 Y131.975 E-.01965
G1 X125.049 Y132.053 E-.0053
;WIPE_END
G1 X131.51 Y136.116 Z1.9
G1 X137.303 Y139.759 Z1.9
G1 Z1.5
G1 E.8 F1800
SET_VELOCITY_LIMIT ACCEL=10000
;TYPE:Inner wall
G1 F7951.957
G1 X128.529 Y139.759 E.57805
G2 X128.735 Y138.251 I-2.403 J-1.096 E.1017
G2 X125.314 Y136.834 I-2.186 J.44 E.28779
G1 X124.952 Y137.103 E.02969
G1 X124.952 Y132.919 E.27564
G2 X126.332 Y133.552 I1.743 J-1.98 E.10151
G2 X127.6 Y129.372 I.205 J-2.22 E.40197
G1 X127.137 Y129.153 E.03379
G1 X132.637 Y125.977 E.41843
G1 X132.853 Y125.882 E.01553
G1 X132.959 Y125.88 E.00698
G1 X133.161 Y125.961 E.01429
G1 X140.599 Y130.255 E.56582
G1 X140.789 Y130.395 E.01553
G1 X140.844 Y130.485 E.00696
G1 X140.875 Y130.7 E.01429
G1 X140.875 Y137.099 E.42153
G2 X139.5 Y136.47 I-1.736 J1.978 E.10103
G2 X137.151 Y139.332 I-.214 J2.22 E.28779
G1 X137.283 Y139.703 E.02594
G1 E-.692 F1800
;WIPE_START
G1 F30000
G1 X135.483 Y139.714 E-.108
;WIPE_END
G1 X138.643 Y140.228 Z1.9
G1 Z1.5
G1 E.8 F1800
SET_VELOCITY_LIMIT ACCEL=5000
;TYPE:Outer wall
G1 F7951.957
G2 X138.919 Y140.315 I.639 J-1.542 E.01912
G1 X126.913 Y140.315 E.79092
G2 X126.189 Y140.315 I-.362 J-1.629 E.64268
G1 X125.066 Y140.315 E.07394
G3 X124.619 Y140.009 I1.168 J-2.189 E.03573
G1 X124.448 Y139.727 E.02172
G1 X124.396 Y139.361 E.02436
G1 X124.396 Y130.702 E.57044
G1 X124.437 Y130.328 E.02481
G1 X124.597 Y130.039 E.02173
G1 X124.887 Y129.81 E.02436
G1 X132.386 Y125.48 E.57043
G1 X132.731 Y125.329 E.02482
G1 X133.061 Y125.322 E.02172
G1 X133.404 Y125.46 E.02436
G1 X140.903 Y129.789 E.57044
G1 X141.207 Y130.012 E.02483
G1 X141.378 Y130.294 E.02172
G1 X141.43 Y130.66 E.02436
G1 X141.43 Y139.319 E.57044
G1 X141.389 Y139.694 E.02481
G1 X141.23 Y139.983 E.02173
G3 X140.76 Y140.315 I-1.384 J-1.458 E.03802
G1 X139.644 Y140.315 E.07356
G2 X138.588 Y140.204 I-.362 J-1.629 E.61961
G1 E-.692 F1800
;WIPE_START
G1 F30000
G1 X138.919 Y140.315 E-.02097
G1 X137.469 Y140.315 E-.08703
;WIPE_END
G1 X132.201 Y139.537 Z1.9
G1 Z1.5
G1 E.8 F1800
SET_VELOCITY_LIMIT ACCEL=10000
;TYPE:Sparse infill
G1 F7951.957
G1 X126.687 Y134.024 E.51366
G2 X129.25 Y131.347 I-.122 J-2.682 E.26936
G1 X136.581 Y138.679 E.68306
G3 X139.134 Y135.993 I2.694 J.005 E.26915
M73 P76 R1
G1 X130.752 Y127.611 E.78095
G1 X132.851 Y126.399 E.1597
G3 X132.954 Y126.386 I.057 J.044 E.00758
G1 X137.241 Y128.862 E.32612
G1 X140.652 Y132.273 E.31783
G1 E-.692 F1800
;WIPE_START
G1 F30000
G1 X139.38 Y131 E-.108
;WIPE_END
EXCLUDE_OBJECT_END NAME=japanese_kikko_Top.stl_id_0_copy_0
EXCLUDE_OBJECT_START NAME=japanese_kikko_Bottom.stl_id_1_copy_0
G1 X133.401 Y126.256 Z1.9
G1 X127.839 Y121.842 Z1.9
G1 Z1.5
G1 E.8 F1800
;TYPE:Inner wall
G1 F7951.957
G1 X128.171 Y121.384 E.03724
G2 X123.09 Y111.873 I-5.081 J-3.399 E.86996
G1 X122.49 Y111.902 E.03954
G2 X127.797 Y121.885 I.599 J6.084 E1.57957
SET_VELOCITY_LIMIT ACCEL=5000
G1 X127.392 Y121.511 F30000
;TYPE:Outer wall
G1 F7951.957
G1 X127.709 Y121.075 E.03544
G2 X123.09 Y112.429 I-4.619 J-3.09 E.79084
G1 X122.545 Y112.456 E.03595
G2 X127.351 Y121.552 I.545 J5.53 E1.43406
G1 E-.692 F1800
;WIPE_START
G1 F30000
G1 X127.709 Y121.075 E-.03576
G1 X127.994 Y120.61 E-.03273
G1 X128.227 Y120.117 E-.03274
G1 X128.265 Y120.011 E-.00678
;WIPE_END
G1 X131.018 Y113.463 Z1.9
G1 Z1.5
G1 E.8 F1800
SET_VELOCITY_LIMIT ACCEL=10000
;TYPE:Inner wall
G1 F7951.957
G1 X131.048 Y113.678 E.01429
G1 X131.048 Y122.267 E.56582
G1 X131.023 Y122.501 E.0155
G1 X130.971 Y122.594 E.00701
G1 X130.801 Y122.729 E.01431
G1 X123.363 Y127.023 E.56579
G1 X123.147 Y127.118 E.01553
G1 X123.041 Y127.12 E.00698
G1 X122.839 Y127.039 E.01429
G1 X115.401 Y122.745 E.56582
G1 X115.211 Y122.605 E.01553
G1 X115.156 Y122.515 E.00696
G1 X115.125 Y122.3 E.01429
G1 X115.125 Y113.711 E.56582
G1 X115.151 Y113.477 E.0155
G1 X115.203 Y113.384 E.00701
G1 X115.373 Y113.25 E.01431
G1 X122.811 Y108.955 E.56579
G1 X123.027 Y108.861 E.01553
G1 X123.133 Y108.858 E.00698
G1 X123.334 Y108.939 E.01429
G1 X130.773 Y113.234 E.56582
G1 X130.963 Y113.373 E.01553
G1 X130.987 Y113.412 E.00301
SET_VELOCITY_LIMIT ACCEL=5000
G1 X131.552 Y113.273 F30000
;TYPE:Outer wall
G1 F7951.957
G1 X131.604 Y113.639 E.02436
G1 X131.604 Y122.298 E.57044
G1 X131.563 Y122.672 E.02481
G1 X131.403 Y122.961 E.02173
G1 X131.113 Y123.19 E.02436
G1 X123.614 Y127.52 E.57043
G1 X123.269 Y127.671 E.02482
G1 X122.939 Y127.678 E.02172
G1 X122.596 Y127.54 E.02436
G1 X115.097 Y123.211 E.57044
G1 X114.793 Y122.988 E.02483
G1 X114.622 Y122.706 E.02172
G1 X114.57 Y122.34 E.02436
G1 X114.57 Y113.681 E.57044
G1 X114.611 Y113.306 E.02481
G1 X114.77 Y113.017 E.02173
G1 X115.061 Y112.788 E.02436
G1 X122.56 Y108.459 E.57043
G1 X122.905 Y108.307 E.02482
G1 X123.234 Y108.3 E.02172
G1 X123.578 Y108.438 E.02436
G1 X131.077 Y112.768 E.57044
G1 X131.381 Y112.991 E.02483
G1 X131.52 Y113.221 E.01776
G1 E-.692 F1800
;WIPE_START
G1 F30000
G1 X131.604 Y113.639 E-.02554
G1 X131.604 Y115.013 E-.08246
;WIPE_END
G1 X126.276 Y120.478 Z1.9
G1 X121.76 Y125.111 Z1.9
G1 Z1.5
G1 E.8 F1800
SET_VELOCITY_LIMIT ACCEL=10000
;TYPE:Internal solid infill
;WIDTH:0.658563
G1 F7435.873
G1 X123.087 Y125.877 E.1079
G1 X124.411 Y125.112 E.10774
M73 P77 R1
G3 X121.82 Y125.12 I-1.316 J-6.925 E.18361
G1 E-.692 F1800
;WIPE_START
G1 F30000
G1 X122.338 Y125.197 E-.03143
G1 X123.048 Y125.236 E-.04267
G1 X123.612 Y125.211 E-.0339
;WIPE_END
G1 X117.228 Y121.028 Z1.9
G1 X116.258 Y120.392 Z1.9
G1 Z1.5
G1 E.8 F1800
;WIDTH:0.662839
G1 F7382.744
G1 X116.258 Y121.932 E.10923
G1 X117.582 Y122.696 E.10848
G3 X116.279 Y120.449 I5.225 J-4.532 E.18545
G1 X116.701 Y119.913 F30000
;WIDTH:0.642798
G1 F7638.542
G1 X116.628 Y119.716 E.01443
;WIDTH:0.688394
G1 F7080.401
G1 X116.555 Y119.518 E.01557
;WIDTH:0.727785
G1 F6659.986
G1 X116.482 Y119.321 E.01655
G3 X116.395 Y117.346 I8.947 J-1.382 E.15578
;WIDTH:0.750803
G1 F6436.656
G1 X116.466 Y116.69 E.05375
;WIDTH:0.756104
G1 F6387.324
G1 X116.525 Y116.533 E.01367
;WIDTH:0.717217
G1 F6767.793
G1 X116.583 Y116.377 E.0129
;WIDTH:0.67833
G1 F7196.459
G1 X116.642 Y116.221 E.01213
;WIDTH:0.620934
G1 F7938.61
G2 X116.931 Y115.423 I-24.565 J-9.329 E.05601
G3 X118.381 Y113.262 I6.159 J2.566 E.1729
;WIDTH:0.641344
G1 F7657.791
G1 X118.522 Y113.105 E.01438
;WIDTH:0.684032
G1 F7130.243
G1 X118.663 Y112.949 E.01545
;WIDTH:0.725141
G1 F6686.628
G1 X118.803 Y112.793 E.01647
G3 X120.528 Y111.762 I5.822 J7.785 E.15771
;WIDTH:0.721945
G1 F6719.128
G1 X120.732 Y111.711 E.01639
;WIDTH:0.681167
G1 F7163.358
G1 X120.936 Y111.659 E.01537
;WIDTH:0.62122
G1 F7934.534
G3 X121.801 Y111.443 I107.702 J427.699 E.0589
G3 X124.405 Y111.448 I1.288 J6.547 E.17299
;WIDTH:0.639868
G1 F7677.423
G1 X124.82 Y111.553 E.02923
;WIDTH:0.679606
G1 F7181.538
G1 X125.235 Y111.658 E.03125
;WIDTH:0.71907
G1 F6748.636
G1 X125.651 Y111.764 E.03325
G3 X126.81 Y112.393 I-3.684 J8.163 E.10248
;WIDTH:0.736778
G1 F6570.904
G1 X127.38 Y112.789 E.05531
;WIDTH:0.735498
G1 F6583.442
G1 X127.519 Y112.946 E.01675
;WIDTH:0.689299
G1 F7070.147
G1 X127.659 Y113.104 E.01559
;WIDTH:0.621701
G1 F7927.683
G2 X128.256 Y113.767 I28.368 J-24.967 E.05897
G3 X129.259 Y115.448 I-5.884 J4.65 E.12976
;WIDTH:0.640975
G1 F7662.686
G1 X129.404 Y115.852 E.02929
;WIDTH:0.682926
G1 F7142.987
G1 X129.548 Y116.255 E.03142
;WIDTH:0.723579
G1 F6702.471
G1 X129.692 Y116.659 E.03349
G3 X129.781 Y118.665 I-8.668 J1.389 E.15726
;WIDTH:0.749488
G1 F6449.01
G1 X129.712 Y119.289 E.05101
;WIDTH:0.753553
G1 F6410.964
G1 X129.654 Y119.445 E.01361
;WIDTH:0.715395
G1 F6786.732
G1 X129.595 Y119.601 E.01286
;WIDTH:0.677237
G1 F7209.294
G1 X129.537 Y119.757 E.01211
;WIDTH:0.62113
G1 F7935.823
G2 X129.249 Y120.555 I28.341 J10.68 E.05602
G3 X128.239 Y122.233 I-6.875 J-2.997 E.12962
;WIDTH:0.64112
G1 F7660.755
G1 X127.951 Y122.55 E.0293
;WIDTH:0.683362
G1 F7137.955
G1 X127.663 Y122.868 E.03145
;WIDTH:0.723904
G1 F6699.175
G1 X127.376 Y123.185 E.03351
G3 X125.651 Y124.216 I-5.824 J-7.789 E.15739
;WIDTH:0.720729
G1 F6731.583
G1 X125.447 Y124.267 E.01635
;WIDTH:0.680437
G1 F7171.845
G1 X125.243 Y124.319 E.01535
;WIDTH:0.621205
G1 F7934.744
G3 X124.378 Y124.536 I-50.541 J-199.503 E.0589
G3 X121.775 Y124.531 I-1.288 J-6.547 E.17298
;WIDTH:0.640109
G1 F7674.216
G1 X121.359 Y124.426 E.02924
;WIDTH:0.680327
G1 F7173.127
G1 X120.944 Y124.321 E.03129
;WIDTH:0.720459
G1 F6734.351
G1 X120.529 Y124.216 E.03333
G3 X119.369 Y123.586 I3.683 J-8.163 E.10271
;WIDTH:0.738237
G1 F6556.686
G1 X118.799 Y123.19 E.05544
;WIDTH:0.73672
G1 F6571.472
G1 X118.66 Y123.032 E.01678
;WIDTH:0.690032
G1 F7061.858
G1 X118.521 Y122.875 E.01561
;WIDTH:0.622847
G1 F7911.425
G2 X117.923 Y122.212 I-25.887 J22.718 E.0591
G3 X116.721 Y119.97 I5.127 J-4.193 E.16951
G1 E-.692 F1800
;WIPE_START
G1 F30000
G1 X116.92 Y120.53 E-.03569
G1 X117.199 Y121.122 E-.03929
G1 X117.481 Y121.595 E-.03303
;WIPE_END
G1 X115.726 Y117.989 Z1.9
G1 Z1.5
G1 E.8 F1800
;WIDTH:0.71816
G1 F6758.031
G1 X115.734 Y118.649 E.05111
;WIDTH:0.738808
G1 F6551.132
G1 X115.747 Y119.004 E.02846
;WIDTH:0.764308
G1 F6312.455
G1 X115.76 Y119.36 E.02954
;WIDTH:0.757426
G1 F6375.139
G1 X115.74 Y119.53 E.01404
;WIDTH:0.718161
G1 F6758.017
G1 X115.72 Y119.699 E.01324
;WIDTH:0.678897
G1 F7189.823
G1 X115.701 Y119.869 E.01245
;WIDTH:0.62069
G1 F7942.09
G1 X115.681 Y120.039 E.01127
G1 X115.682 Y122.261 E.14655
G1 X117.813 Y123.496 E.16248
;WIDTH:0.643344
G1 F7631.336
G1 X118.006 Y123.58 E.01445
;WIDTH:0.690032
G1 F7061.858
G1 X118.199 Y123.665 E.01561
;WIDTH:0.727199
G1 F6665.873
G1 X118.392 Y123.749 E.01654
G2 X120.186 Y124.798 I16.88 J-26.822 E.16336
;WIDTH:0.718334
G1 F6756.236
G1 X120.377 Y124.931 E.018
;WIDTH:0.679
G1 F7188.614
G1 X120.567 Y125.063 E.01692
;WIDTH:0.620813
G1 F7940.34
G1 X120.758 Y125.196 E.01531
G1 X123.084 Y126.537 E.17713
G1 X125.421 Y125.193 E.17785
;WIDTH:0.640145
G1 F7673.727
G1 X125.592 Y125.071 E.01435
;WIDTH:0.680437
G1 F7171.845
G1 X125.763 Y124.949 E.01535
;WIDTH:0.719636
G1 F6742.813
G1 X125.934 Y124.827 E.01633
G2 X127.14 Y124.146 I-13.238 J-24.84 E.10759
;WIDTH:0.735458
G1 F6583.833
G1 X127.764 Y123.762 E.05829
;WIDTH:0.733306
G1 F6605.012
G1 X127.964 Y123.673 E.0174
;WIDTH:0.687984
G1 F7085.056
G1 X128.164 Y123.583 E.01622
;WIDTH:0.621015
G1 F7937.463
G1 X128.364 Y123.494 E.01448
G1 X130.486 Y122.265 E.16182
G2 X130.493 Y120.038 I-86.642 J-1.366 E.14696
;WIDTH:0.642387
G1 F7643.966
G1 X130.47 Y119.829 E.01442
;WIDTH:0.687162
G1 F7094.402
G1 X130.448 Y119.62 E.01553
;WIDTH:0.724928
G1 F6688.784
G1 X130.426 Y119.411 E.01648
G2 X130.441 Y117.33 I-50.065 J-1.415 E.16295
;WIDTH:0.747895
G1 F6464.041
G1 X130.416 Y116.638 E.05614
;WIDTH:0.753553
G1 F6410.964
G1 X130.435 Y116.463 E.01433
;WIDTH:0.715395
G1 F6786.732
G1 X130.455 Y116.289 E.01354
;WIDTH:0.677237
G1 F7209.294
G1 X130.474 Y116.115 E.01274
;WIDTH:0.620688
G1 F7942.115
G1 X130.493 Y115.94 E.01157
G1 X130.492 Y113.718 E.14659
G1 X128.364 Y112.485 E.16217
;WIDTH:0.643099
G1 F7634.559
G1 X128.172 Y112.4 E.01444
;WIDTH:0.689299
G1 F7070.147
G1 X127.979 Y112.316 E.01559
;WIDTH:0.725766
G1 F6680.31
G1 X127.786 Y112.231 E.0165
G2 X125.992 Y111.183 I-16.876 J26.816 E.16297
;WIDTH:0.717125
G1 F6768.752
G1 X125.802 Y111.05 E.01796
;WIDTH:0.678275
G1 F7197.11
G1 X125.611 Y110.918 E.01689
;WIDTH:0.620803
G1 F7940.485
G1 X125.421 Y110.785 E.01531
G1 X123.09 Y109.442 E.17747
G1 X120.758 Y110.783 E.17749
;WIDTH:0.640389
G1 F7670.485
G1 X120.587 Y110.905 E.01435
;WIDTH:0.681167
G1 F7163.358
G1 X120.416 Y111.027 E.01537
;WIDTH:0.720993
G1 F6728.872
G1 X120.245 Y111.149 E.01636
G2 X119.039 Y111.831 I13.241 J24.846 E.10784
;WIDTH:0.736913
G1 F6569.594
G1 X118.415 Y112.215 E.05843
;WIDTH:0.734522
G1 F6593.028
G1 X118.214 Y112.304 E.01743
;WIDTH:0.688713
G1 F7076.778
G1 X118.014 Y112.393 E.01624
;WIDTH:0.621025
G1 F7937.317
G1 X117.813 Y112.482 E.01448
G1 X115.687 Y113.714 E.16213
G2 X115.681 Y115.94 I86.892 J1.366 E.14692
;WIDTH:0.641357
G1 F7657.612
G1 X115.702 Y116.149 E.01438
;WIDTH:0.684072
G1 F7129.777
G1 X115.724 Y116.358 E.01545
;WIDTH:0.734452
G1 F6593.72
G1 X115.745 Y116.567 E.01671
G2 X115.727 Y117.929 I1602.069 J22.033 E.10822
G1 E-.70565 F1800
;WIPE_START
G1 F30000
G1 X115.745 Y116.567 E-.08173
G1 X115.724 Y116.358 E-.01262
;WIPE_END
G1 X116.258 Y115.586 Z1.9
G1 Z1.5
G1 E.8 F1800
;WIDTH:0.662838
G1 F7382.757
G1 X116.677 Y114.609 E.07543
G3 X117.582 Y113.282 I7.518 J4.154 E.11413
G1 X116.258 Y114.047 E.10848
G1 X116.258 Y115.526 E.10498
G1 E-.692 F1800
;WIPE_START
G1 F30000
G1 X116.258 Y114.047 E-.08877
G1 X116.536 Y113.886 E-.01923
;WIPE_END
G1 X121.76 Y110.867 Z1.9
G1 Z1.5
G1 E.8 F1800
;WIDTH:0.658562
G1 F7435.886
G3 X124.411 Y110.866 I1.328 J6.979 E.18785
G1 X123.087 Y110.102 E.10774
G1 X121.812 Y110.837 E.10367
G1 E-.692 F1800
;WIPE_START
G1 F30000
G1 X123.087 Y110.102 E-.0883
G1 X123.371 Y110.266 E-.0197
;WIPE_END
G1 X129.298 Y115.075 Z1.9
G1 X129.917 Y115.577 Z1.9
G1 Z1.5
G1 E.8 F1800
;WIDTH:0.660529
G1 F7411.351
G1 X129.917 Y114.046 E.10818
G1 X128.598 Y113.285 E.10764
G3 X129.896 Y115.52 I-5.226 J4.529 E.18381
G1 E-.692 F1800
;WIPE_START
G1 F30000
G1 X129.77 Y115.177 E-.02195
G1 X129.462 Y114.536 E-.04267
G1 X129.093 Y113.928 E-.04267
G1 X129.085 Y113.919 E-.0007
;WIPE_END
G1 X129.917 Y120.402 Z1.9
G1 Z1.5
G1 E.8 F1800
G1 F7411.351
G1 X129.501 Y121.369 E.07438
G3 X128.598 Y122.694 I-7.531 J-4.162 E.11352
G1 X129.917 Y121.932 E.10764
G1 X129.917 Y120.462 E.10394
;LAYER_CHANGE
;Z:1.8
;HEIGHT:0.3
;BEFORE_LAYER_CHANGE
;1.8
G92 E0

G1 E-.692 F1800
;WIPE_START
G1 F30000
G1 X129.917 Y121.932 E-.08823
G1 X129.632 Y122.097 E-.01977
;WIPE_END
EXCLUDE_OBJECT_END NAME=japanese_kikko_Bottom.stl_id_1_copy_0
M73 L6
;LAYER:6
SET_PRINT_STATS_INFO TOTAL_LAYER=12 CURRENT_LAYER=6
;_SET_FAN_SPEED_CHANGING_LAYER
EXCLUDE_OBJECT_START NAME=japanese_kikko_Top.stl_id_0_copy_0
G17
G3 Z2.2 I-1.211 J.12 P1
G1 X131.743 Y143.386 Z2.2
G1 Z1.8
G1 E.8 F1800
;TYPE:Inner wall
;WIDTH:0.62
G1 F7951.957
G1 X131.776 Y143.262 E.00843
G1 X134.05 Y143.262 E.14977
G1 X134.116 Y143.509 E.01685
M73 P78 R1
G1 X133.189 Y144.045 E.07053
G1 X132.973 Y144.139 E.01553
G1 X132.867 Y144.142 E.00698
G1 X132.666 Y144.061 E.01429
G1 X131.71 Y143.509 E.07269
G1 X131.728 Y143.444 E.00447
G1 E-.692 F1800
;WIPE_START
G1 F30000
G1 X131.776 Y143.262 E-.01127
G1 X133.388 Y143.262 E-.09673
;WIPE_END
G1 X129.209 Y142.707 Z2.2
G1 Z1.8
G1 E.8 F1800
SET_VELOCITY_LIMIT ACCEL=5000
;TYPE:Outer wall
G1 F7951.957
G1 X136.618 Y142.707 E.48809
G1 X133.44 Y144.541 E.24171
G1 X133.095 Y144.693 E.02482
G1 X132.766 Y144.7 E.02172
G1 X132.422 Y144.562 E.02436
G1 X129.261 Y142.737 E.2405
G1 E-.692 F1800
;WIPE_START
G1 F30000
G1 X131.061 Y142.729 E-.108
;WIPE_END
G1 X127.781 Y135.837 Z2.2
G1 X125.185 Y130.38 Z2.2
G1 Z1.8
G1 E.8 F1800
G1 F7951.957
G1 X125.168 Y130.412 E.00239
G2 X126.877 Y129.697 I1.39 J.924 E.56162
G2 X126.496 Y129.668 I-.33 J1.793 E.02522
G2 X125.375 Y130.16 I.063 J1.668 E.08256
G1 X125.224 Y130.334 E.01519
G1 E-.692 F1800
;WIPE_START
G1 F30000
G1 X125.168 Y130.412 E-.00574
G1 X125.008 Y130.697 E-.01961
G1 X124.912 Y131.01 E-.01965
G1 X124.88 Y131.336 E-.01965
G1 X124.912 Y131.662 E-.01965
G1 X125.008 Y131.975 E-.01965
G1 X125.039 Y132.035 E-.00406
;WIPE_END
G1 X131.498 Y136.102 Z2.2
G1 X137.303 Y139.759 Z2.2
G1 Z1.8
G1 E.8 F1800
SET_VELOCITY_LIMIT ACCEL=10000
;TYPE:Inner wall
G1 F7951.957
G1 X128.529 Y139.759 E.57805
G2 X128.735 Y138.251 I-2.403 J-1.096 E.1017
G2 X125.314 Y136.834 I-2.186 J.44 E.28779
G1 X124.952 Y137.103 E.02969
G1 X124.952 Y132.919 E.27564
G2 X126.332 Y133.552 I1.743 J-1.98 E.1015
G2 X127.6 Y129.372 I.205 J-2.22 E.40197
G1 X127.137 Y129.153 E.03379
G1 X132.637 Y125.977 E.41843
G1 X132.853 Y125.882 E.01553
G1 X132.959 Y125.88 E.00698
G1 X133.161 Y125.961 E.01429
G1 X140.599 Y130.255 E.56582
G1 X140.789 Y130.395 E.01553
G1 X140.844 Y130.485 E.00696
G1 X140.875 Y130.7 E.01429
G1 X140.875 Y137.099 E.42153
G2 X139.5 Y136.47 I-1.736 J1.978 E.10103
G2 X137.151 Y139.332 I-.214 J2.22 E.28779
G1 X137.283 Y139.703 E.02594
G1 E-.692 F1800
;WIPE_START
G1 F30000
G1 X135.483 Y139.714 E-.108
;WIPE_END
G1 X138.643 Y140.227 Z2.2
G1 Z1.8
G1 E.8 F1800
SET_VELOCITY_LIMIT ACCEL=5000
;TYPE:Outer wall
G1 F7951.957
G2 X138.919 Y140.315 I.646 J-1.54 E.01911
G1 X126.913 Y140.315 E.79092
G2 X126.496 Y137.018 I-.363 J-1.629 E.3249
G2 X126.189 Y140.315 I.063 J1.669 E.31689
G1 X125.066 Y140.315 E.07394
G3 X124.619 Y140.009 I1.168 J-2.189 E.03573
G1 X124.448 Y139.727 E.02172
G1 X124.396 Y139.361 E.02436
G1 X124.396 Y130.702 E.57044
G1 X124.437 Y130.328 E.02481
G1 X124.597 Y130.039 E.02173
G1 X124.887 Y129.81 E.02436
G1 X132.386 Y125.48 E.57043
G1 X132.731 Y125.329 E.02482
G1 X133.061 Y125.322 E.02172
G1 X133.404 Y125.46 E.02436
G1 X140.903 Y129.789 E.57044
G1 X141.207 Y130.012 E.02483
G1 X141.378 Y130.294 E.02172
G1 X141.43 Y130.66 E.02436
G1 X141.43 Y139.319 E.57044
G1 X141.389 Y139.694 E.02481
G1 X141.23 Y139.983 E.02173
G3 X140.76 Y140.315 I-1.384 J-1.458 E.03802
G1 X139.644 Y140.315 E.07356
G2 X139.226 Y137.018 I-.363 J-1.629 E.3249
G2 X138.588 Y140.202 I.063 J1.669 E.29383
M73 P79 R1
G1 E-.692 F1800
;WIPE_START
G1 F30000
G1 X138.919 Y140.315 E-.02097
G1 X137.469 Y140.315 E-.08703
;WIPE_END
G1 X133.625 Y139.537 Z2.2
G1 Z1.8
G1 E.8 F1800
SET_VELOCITY_LIMIT ACCEL=10000
;TYPE:Sparse infill
G1 F7951.957
G1 X140.402 Y132.76 E.63138
G1 X140.402 Y130.733 E.13351
G2 X140.341 Y130.651 I-.071 J-.011 E.00754
G1 X138.396 Y129.528 E.14795
G1 X129.251 Y138.673 E.85197
G2 X126.687 Y135.998 I-2.715 J.036 E.26861
G1 X135.075 Y127.611 E.78137
G1 X132.954 Y126.386 E.16133
G2 X132.851 Y126.399 I-.045 J.057 E.00758
G1 X128.585 Y128.862 E.32449
G1 X128.042 Y129.405 E.05064
G1 E-.692 F1800
;WIPE_START
G1 F30000
G1 X128.585 Y128.862 E-.04612
G1 X129.478 Y128.346 E-.06188
;WIPE_END
EXCLUDE_OBJECT_END NAME=japanese_kikko_Top.stl_id_0_copy_0
EXCLUDE_OBJECT_START NAME=japanese_kikko_Bottom.stl_id_1_copy_0
G1 X127.413 Y121.483 Z2.2
G1 Z1.8
G1 E.8 F1800
SET_VELOCITY_LIMIT ACCEL=5000
;TYPE:Outer wall
G1 F7951.957
G1 X127.714 Y121.079 E.03318
G2 X125.711 Y113.085 I-4.617 J-3.091 E.61161
G2 X122.646 Y112.451 I-2.608 J4.876 E.20906
G2 X127.378 Y121.531 I.452 J5.538 E1.442
G1 E-.692 F1800
;WIPE_START
G1 F30000
G1 X127.714 Y121.079 E-.03382
G1 X127.994 Y120.61 E-.03275
G1 X128.227 Y120.117 E-.03274
G1 X128.276 Y119.981 E-.0087
;WIPE_END
G1 X121.384 Y116.701 Z2.2
G1 X117.049 Y114.639 Z2.2
G1 Z1.8
G1 E.8 F1800
SET_VELOCITY_LIMIT ACCEL=10000
;TYPE:Inner wall
G1 F7951.957
G3 X116.724 Y113.851 I-.33 J-.325 E.12029
G1 X116.759 Y113.853 E.00231
G3 X117.088 Y114.593 I-.04 J.461 E.065
G1 E-.692 F1800
;WIPE_START
G1 F30000
G1 X116.902 Y114.742 E-.01432
G1 X116.724 Y114.777 E-.01084
G1 X116.547 Y114.742 E-.01084
G1 X116.397 Y114.642 E-.01084
G1 X116.297 Y114.491 E-.01084
G1 X116.261 Y114.314 E-.01084
G1 X116.297 Y114.137 E-.01084
G1 X116.397 Y113.987 E-.01084
G1 X116.547 Y113.886 E-.01084
G1 X116.661 Y113.864 E-.00693
;WIPE_END
G1 X117.17 Y121.479 Z2.2
G1 X117.182 Y121.664 Z2.2
G1 Z1.8
G1 E.8 F1800
G1 F7951.957
G3 X116.724 Y121.201 I-.463 J0 E.14399
G1 X116.759 Y121.203 E.00231
G3 X117.178 Y121.604 I-.04 J.461 E.04131
G1 E-.692 F1800
;WIPE_START
G1 F30000
G1 X117.152 Y121.841 E-.01432
G1 X117.052 Y121.992 E-.01084
G1 X116.902 Y122.092 E-.01084
G1 X116.724 Y122.127 E-.01084
G1 X116.547 Y122.092 E-.01084
G1 X116.397 Y121.992 E-.01084
G1 X116.297 Y121.842 E-.01084
G1 X116.261 Y121.664 E-.01084
G1 X116.297 Y121.487 E-.01084
G1 X116.361 Y121.391 E-.00693
;WIPE_END
G1 X123.991 Y121.556 Z2.2
G1 X128.987 Y121.664 Z2.2
G1 Z1.8
G1 E.8 F1800
G1 F7951.957
G3 X129.455 Y121.201 I.463 J0 E.04826
G1 X129.49 Y121.203 E.0023
G3 X128.991 Y121.724 I-.04 J.461 E.13705
G1 E-.692 F1800
;WIPE_START
G1 F30000
G1 X129.027 Y121.487 E-.01438
G1 X129.128 Y121.337 E-.01084
G1 X129.278 Y121.236 E-.01084
G1 X129.455 Y121.201 E-.01084
G1 X129.49 Y121.203 E-.0021
G1 X129.632 Y121.236 E-.00877
G1 X129.783 Y121.337 E-.01084
G1 X129.883 Y121.487 E-.01084
G1 X129.918 Y121.664 E-.01084
G1 X129.883 Y121.841 E-.01084
G1 X129.82 Y121.936 E-.00684
;WIPE_END
G1 X131.316 Y114.452 Z2.2
G1 X131.552 Y113.273 Z2.2
G1 Z1.8
G1 E.8 F1800
SET_VELOCITY_LIMIT ACCEL=5000
;TYPE:Outer wall
G1 F7951.957
G1 X131.604 Y113.639 E.02436
G1 X131.604 Y122.298 E.57044
G1 X131.563 Y122.672 E.02482
G1 X131.403 Y122.961 E.02173
G1 X131.113 Y123.19 E.02436
G1 X123.614 Y127.52 E.57043
G1 X123.269 Y127.671 E.02482
G1 X122.939 Y127.678 E.02172
G1 X122.596 Y127.54 E.02436
G1 X115.097 Y123.211 E.57044
G1 X114.793 Y122.988 E.02483
G1 X114.622 Y122.706 E.02172
G1 X114.57 Y122.34 E.02436
G1 X114.57 Y113.681 E.57044
G1 X114.611 Y113.306 E.02481
M73 P80 R1
G1 X114.77 Y113.017 E.02173
G1 X115.061 Y112.788 E.02436
G1 X122.56 Y108.459 E.57043
G1 X122.905 Y108.307 E.02482
G1 X123.234 Y108.3 E.02172
G1 X123.578 Y108.438 E.02436
G1 X131.077 Y112.768 E.57044
G1 X131.381 Y112.991 E.02483
G1 X131.52 Y113.221 E.01776
G1 E-.692 F1800
;WIPE_START
G1 F30000
G1 X131.604 Y113.639 E-.02554
G1 X131.604 Y115.013 E-.08246
;WIPE_END
G1 X131.326 Y122.275 Z2.2
G1 Z1.8
G1 E.8 F1800
SET_VELOCITY_LIMIT ACCEL=2000
;TYPE:Top surface
;WIDTH:0.635767
G1 F7732.535
G1 X130.211 Y123.39 E.10684
G1 E-.70538 F1800
;WIPE_START
G1 F30000
G1 X131.326 Y122.275 E-.09462
;WIPE_END
G1 X128.299 Y124.494 Z2.2
G1 Z1.8
G1 E.8 F1800
G1 F7732.535
G1 X131.326 Y121.467 E.29001
G1 X131.326 Y120.659 F30000
G1 F7732.535
G1 X130.183 Y121.802 E.1095
G1 X130.007 Y121.17 F30000
G1 F7732.535
G1 X131.326 Y119.851 E.12642
G1 X131.326 Y119.043 F30000
G1 F7732.535
G1 X129.445 Y120.923 E.18019
G1 E-.692 F1800
;WIPE_START
G1 F30000
G1 X130.718 Y119.651 E-.108
;WIPE_END
G1 X129.592 Y122.392 Z2.2
G1 Z1.8
G1 E.8 F1800
G1 F7732.535
G1 X126.387 Y125.598 E.30708
G1 E-.692 F1800
;WIPE_START
G1 F30000
G1 X127.66 Y124.325 E-.108
;WIPE_END
G1 X124.475 Y126.701 Z2.2
G1 Z1.8
G1 E.8 F1800
G1 F7732.535
G1 X128.961 Y122.216 E.42975
G1 X128.714 Y121.655 F30000
M73 P80 R0
G1 F7732.535
G1 X122.976 Y127.393 E.54981
G1 X122.434 Y127.126 F30000
G1 F7732.535
G1 X131.326 Y118.235 E.8519
G1 X131.326 Y117.426 F30000
G1 F7732.535
G1 X128.443 Y120.309 E.2762
G1 E-.692 F1800
;WIPE_START
G1 F30000
G1 X129.716 Y119.037 E-.108
;WIPE_END
G1 X128.816 Y119.129 Z2.2
G1 Z1.8
G1 E.8 F1800
G1 F7732.535
G1 X131.326 Y116.618 E.24049
G1 X131.326 Y115.81 F30000
G1 F7732.535
G1 X128.917 Y118.22 E.23082
G1 X128.901 Y117.428 F30000
G1 F7732.535
G1 X131.326 Y115.002 E.23238
G1 X131.326 Y114.194 F30000
G1 F7732.535
G1 X128.787 Y116.734 E.24328
G1 X128.609 Y116.104 F30000
G1 F7732.535
G1 X131.292 Y113.42 E.25709
G1 X130.911 Y112.993 F30000
G1 F7732.535
M73 P81 R0
G1 X128.376 Y115.528 E.24287
G1 X128.097 Y115 F30000
G1 F7732.535
G1 X130.399 Y112.697 E.2206
G1 X129.887 Y112.401 F30000
G1 F7732.535
G1 X127.773 Y114.515 E.20249
G1 X127.409 Y114.071 F30000
G1 F7732.535
G1 X129.375 Y112.106 E.18832
G1 X128.862 Y111.81 F30000
G1 F7732.535
G1 X127.005 Y113.667 E.17796
G1 X126.561 Y113.303 F30000
G1 F7732.535
G1 X128.35 Y111.514 E.17142
G1 X127.838 Y111.218 F30000
G1 F7732.535
G1 X126.076 Y112.98 E.16881
G1 X125.547 Y112.701 F30000
G1 F7732.535
G1 X127.325 Y110.922 E.17037
G1 X126.813 Y110.627 F30000
G1 F7732.535
G1 X124.971 Y112.469 E.17649
G1 X124.341 Y112.291 F30000
G1 F7732.535
G1 X126.301 Y110.331 E.18779
G1 X125.789 Y110.035 F30000
G1 F7732.535
G1 X123.646 Y112.178 E.2053
G1 X122.853 Y112.162 F30000
G1 F7732.535
G1 X125.276 Y109.739 E.23214
G1 X124.764 Y109.444 F30000
G1 F7732.535
G1 X121.943 Y112.265 E.27031
G1 E-.692 F1800
;WIPE_START
G1 F30000
G1 X123.215 Y110.992 E-.108
;WIPE_END
G1 X120.758 Y112.641 Z2.2
G1 Z1.8
G1 E.8 F1800
G1 F7732.535
G1 X124.252 Y109.148 E.33468
G1 E-.692 F1800
;WIPE_START
G1 F30000
G1 X122.979 Y110.421 E-.108
;WIPE_END
G1 X124.39 Y117.921 Z2.2
G1 X125.41 Y123.343 Z2.2
G1 Z1.8
G1 E.8 F1800
G1 F7732.535
G1 X121.922 Y126.831 E.33416
G1 X121.41 Y126.535 F30000
G1 F7732.535
G1 X124.229 Y123.715 E.27011
G1 X123.32 Y123.816 F30000
G1 F7732.535
G1 X120.897 Y126.239 E.2321
G1 X120.385 Y125.943 F30000
G1 F7732.535
G1 X122.528 Y123.8 E.20533
G1 X121.834 Y123.686 F30000
G1 F7732.535
G1 X119.873 Y125.648 E.1879
G1 X119.361 Y125.352 F30000
G1 F7732.535
G1 X121.204 Y123.508 E.17663
G1 X120.628 Y123.276 F30000
G1 F7732.535
G1 X118.848 Y125.056 E.17054
G1 X118.336 Y124.76 F30000
G1 F7732.535
G1 X120.1 Y122.996 E.16902
G1 X119.615 Y122.673 F30000
G1 F7732.535
G1 X117.824 Y124.464 E.17166
G1 X117.311 Y124.169 F30000
G1 F7732.535
G1 X119.172 Y122.308 E.17823
G1 X118.768 Y121.904 F30000
G1 F7732.535
M73 P82 R0
G1 X116.799 Y123.873 E.18861
G1 X116.287 Y123.577 F30000
G1 F7732.535
G1 X118.404 Y121.46 E.20282
G1 X118.081 Y120.975 F30000
G1 F7732.535
G1 X117.462 Y121.594 E.05925
G1 X117.173 Y121.075 F30000
G1 F7732.535
G1 X117.801 Y120.447 E.0602
G1 X117.569 Y119.87 F30000
G1 F7732.535
G1 X116.471 Y120.968 E.10519
G1 E-.70683 F1800
;WIPE_START
G1 F30000
G1 X117.569 Y119.87 E-.09317
;WIPE_END
G1 X116.654 Y122.402 Z2.2
G1 Z1.8
G1 E.8 F1800
G1 F7732.535
G1 X115.775 Y123.281 E.08424
G1 X115.262 Y122.986 F30000
G1 F7732.535
G1 X116.135 Y122.113 E.08363
G1 X116.029 Y121.411 F30000
G1 F7732.535
G1 X114.882 Y122.558 E.10989
G1 X114.848 Y121.784 F30000
G1 F7732.535
G1 X117.391 Y119.24 E.24373
G1 X117.279 Y118.545 F30000
G1 F7732.535
G1 X114.848 Y120.976 E.23291
G1 X114.848 Y120.168 F30000
G1 F7732.535
G1 X117.263 Y117.753 E.2314
G1 X117.365 Y116.842 F30000
G1 F7732.535
G1 X114.848 Y119.36 E.24124
G1 X114.848 Y118.552 F30000
G1 F7732.535
G1 X117.742 Y115.658 E.27727
G1 E-.692 F1800
;WIPE_START
G1 F30000
G1 X116.469 Y116.931 E-.108
;WIPE_END
G1 X114.848 Y117.744 Z2.2
G1 Z1.8
G1 E.8 F1800
G1 F7732.535
G1 X123.739 Y108.852 E.85189
G1 X123.198 Y108.585 F30000
G1 F7732.535
G1 X117.466 Y114.318 E.54921
G1 X117.215 Y113.76 F30000
G1 F7732.535
G1 X121.698 Y109.277 E.42947
G1 E-.692 F1800
;WIPE_START
G1 F30000
G1 X120.425 Y110.55 E-.108
;WIPE_END
G1 X119.786 Y110.381 Z2.2
G1 Z1.8
G1 E.8 F1800
G1 F7732.535
G1 X116.58 Y113.587 E.30716
G1 E-.692 F1800
;WIPE_START
G1 F30000
G1 X117.853 Y112.314 E-.108
;WIPE_END
G1 X116.728 Y115.055 Z2.2
G1 Z1.8
G1 E.8 F1800
G1 F7732.535
G1 X114.848 Y116.936 E.18015
G1 X114.848 Y116.128 F30000
G1 F7732.535
G1 X116.17 Y114.805 E.12671
G1 X115.997 Y114.17 F30000
G1 F7732.535
G1 X114.848 Y115.32 E.11016
G1 X114.848 Y114.512 F30000
G1 F7732.535
G1 X117.874 Y111.485 E.28998
G1 E-.692 F1800
;WIPE_START
G1 F30000
G1 X116.601 Y112.758 E-.108
;WIPE_END
G1 X115.962 Y112.589 Z2.2
M73 P83 R0
G1 Z1.8
G1 E.8 F1800
G1 F7732.535
G1 X114.848 Y113.704 E.10681
G1 E-.7054 F1800
;WIPE_START
G1 F30000
G1 X115.962 Y112.589 E-.0946
;WIPE_END
G1 X117.591 Y114.443 Z2.2
G1 Z1.8
G1 E.8 F1800
SET_VELOCITY_LIMIT ACCEL=10000
;TYPE:Gap infill
;WIDTH:0.185964
G1 F4800
G3 X117.375 Y114.752 I-2.386 J-1.438 E.00543
;WIDTH:0.144848
G1 X117.097 Y115.016 E.00366
;WIDTH:0.189163
G3 X116.853 Y115.181 I-3.46 J-4.849 E.00435
G1 E-.78237 F1800
;WIPE_START
G1 F30000
G1 X117.097 Y115.016 E-.01763
;WIPE_END
G1 X123.996 Y118.28 Z2.2
G1 X129.321 Y120.799 Z2.2
G1 Z1.8
G1 E.8 F1800
;WIDTH:0.190105
G1 F4800
G2 X129.016 Y121.012 I1.423 J2.358 E.00554
;WIDTH:0.14907
G1 X128.751 Y121.291 E.00387
;WIDTH:0.193368
G2 X128.59 Y121.53 I4.746 J3.387 E.00441
G1 E-.78269 F1800
;WIPE_START
G1 F30000
G1 X128.751 Y121.291 E-.01731
;WIPE_END
G1 X130.195 Y121.814 Z2.2
G1 Z1.8
G1 E.8 F1800
;WIDTH:0.257855
G1 F4800
G1 X130.233 Y122.004 E.00444
G1 X130.14 Y122.127 E.00354
;WIDTH:0.230986
G1 X129.979 Y122.297 E.00462
G1 X129.846 Y122.406 E.0034
;WIDTH:0.264039
G1 X129.795 Y122.442 E.00149
G1 X129.605 Y122.405 E.00458
;LAYER_CHANGE
;Z:2.1
;HEIGHT:0.3
;BEFORE_LAYER_CHANGE
;2.1
G92 E0

G1 E-.78462 F1800
;WIPE_START
G1 F30000
G1 X129.795 Y122.442 E-.0116
G1 X129.846 Y122.406 E-.00378
;WIPE_END
EXCLUDE_OBJECT_END NAME=japanese_kikko_Bottom.stl_id_1_copy_0
M73 L7
;LAYER:7
SET_PRINT_STATS_INFO TOTAL_LAYER=12 CURRENT_LAYER=7
;_SET_FAN_SPEED_CHANGING_LAYER
EXCLUDE_OBJECT_START NAME=japanese_kikko_Top.stl_id_0_copy_0
G17
G3 Z2.5 I-1.191 J.252 P1
G1 X134.267 Y143.279 Z2.5
G1 Z2.1
G1 E.8 F1800
;TYPE:Inner wall
;WIDTH:0.62
G1 F5676
G1 X134.3 Y143.403 E.00843
G1 X133.189 Y144.045 E.08455
G1 X132.973 Y144.139 E.01553
G1 X132.867 Y144.142 E.00698
G1 X132.666 Y144.061 E.01429
G1 X131.526 Y143.403 E.0867
G1 X131.592 Y143.156 E.01685
G1 X134.234 Y143.156 E.17405
G1 X134.252 Y143.221 E.00447
G1 E-.692 F1800
;WIPE_START
G1 F30000
G1 X134.3 Y143.403 E-.01127
G1 X133.189 Y144.045 E-.07701
G1 X132.973 Y144.139 E-.01414
G1 X132.88 Y144.141 E-.00557
;WIPE_END
G1 X136.802 Y142.6 Z2.5
G1 Z2.1
G1 E.8 F1800
SET_VELOCITY_LIMIT ACCEL=5000
;TYPE:Outer wall
G1 F5676
G1 X133.44 Y144.541 E.25573
G1 X133.095 Y144.693 E.02482
G1 X132.766 Y144.7 E.02172
G1 X132.422 Y144.562 E.02436
G1 X129.024 Y142.6 E.25847
G1 X136.742 Y142.6 E.50842
G1 E-.692 F1800
;WIPE_START
G1 F30000
G1 X135.19 Y143.512 E-.108
;WIPE_END
G1 X133.579 Y143.499 Z2.5
G1 Z2.1
G1 E.8 F1800
SET_VELOCITY_LIMIT ACCEL=10000
;TYPE:Gap infill
;WIDTH:0.46088
G1 F4800
G1 X132.911 Y143.639 E.03206
G1 X132.279 Y143.517 E.03026
G1 E-.72046 F1800
;WIPE_START
G1 F30000
G1 X132.911 Y143.639 E-.03862
G1 X133.579 Y143.499 E-.04092
;WIPE_END
G1 X139.6 Y140.317 Z2.5
G1 Z2.1
G1 E.8 F1800
SET_VELOCITY_LIMIT ACCEL=5000
;TYPE:Outer wall
;WIDTH:0.62
G1 F5676
G1 X139.765 Y140.281 E.01113
G2 X139.267 Y137.016 I-.491 J-1.595 E.31309
G1 X139.118 Y137.023 E.00983
G2 X139.445 Y140.346 I.156 J1.662 E.34642
G1 X139.541 Y140.328 E.00645
G1 E-.692 F1800
;WIPE_START
G1 F30000
G1 X139.765 Y140.281 E-.01373
G1 X140.069 Y140.159 E-.01963
G1 X140.341 Y139.977 E-.01965
G1 X140.573 Y139.745 E-.01965
G1 X140.754 Y139.473 E-.01965
G1 X140.855 Y139.231 E-.0157
;WIPE_END
G1 X133.232 Y139.621 Z2.5
G1 X128.453 Y139.866 Z2.5
G1 Z2.1
G1 E.8 F1800
SET_VELOCITY_LIMIT ACCEL=10000
;TYPE:Inner wall
G1 F5676
G2 X125.501 Y136.722 I-1.914 J-1.16 E.38305
G2 X124.952 Y137.103 I1.659 J2.98 E.04411
G1 X124.952 Y132.919 E.27564
G2 X126.332 Y133.552 I1.743 J-1.98 E.1015
G2 X127.6 Y129.372 I.205 J-2.22 E.40197
G1 X127.137 Y129.153 E.03379
G1 X132.637 Y125.977 E.41843
G1 X132.853 Y125.882 E.01553
M73 P84 R0
G1 X132.959 Y125.88 E.00698
G1 X133.161 Y125.961 E.01429
G1 X140.599 Y130.255 E.56582
G1 X140.789 Y130.395 E.01553
G1 X140.844 Y130.485 E.00696
G1 X140.875 Y130.7 E.01429
G1 X140.875 Y137.099 E.42153
G2 X139.496 Y136.469 I-1.736 J1.979 E.10128
G2 X137.379 Y139.866 I-.192 J2.238 E.32531
G1 X128.513 Y139.866 E.58409
G1 E-.692 F1800
;WIPE_START
G1 F30000
G1 X128.608 Y139.538 E-.02048
G1 X128.735 Y139.12 E-.02619
G1 X128.777 Y138.686 E-.02619
G1 X128.767 Y138.467 E-.01311
G1 X128.735 Y138.251 E-.01311
G1 X128.691 Y138.109 E-.00892
;WIPE_END
G1 X125.563 Y131.147 Z2.5
G1 X125.207 Y130.354 Z2.5
G1 Z2.1
G1 E.8 F1800
SET_VELOCITY_LIMIT ACCEL=5000
;TYPE:Outer wall
G1 F5676
G1 X125.073 Y130.546 E.01541
G2 X126.536 Y129.666 I1.471 J.79 E.57284
G1 X126.387 Y129.673 E.00983
G2 X125.256 Y130.273 I.156 J1.662 E.08656
G1 X125.238 Y130.303 E.00229
G1 E-.692 F1800
;WIPE_START
G1 F30000
G1 X125.073 Y130.546 E-.01763
G1 X124.952 Y130.851 E-.01968
G1 X124.888 Y131.172 E-.01965
G1 X124.888 Y131.499 E-.01965
G1 X124.952 Y131.821 E-.01965
G1 X125.027 Y132.002 E-.01175
;WIPE_END
G1 X126.536 Y137.016 Z2.5
G1 Z2.1
G1 E.8 F1800
G1 F5676
G1 X126.387 Y137.023 E.00983
G2 X126.596 Y137.017 I.156 J1.662 E.67712
G1 E-.692 F1800
;WIPE_START
G1 F30000
G1 X126.387 Y137.023 E-.01255
G1 X126.066 Y137.087 E-.01965
G1 X125.763 Y137.213 E-.01965
G1 X125.491 Y137.395 E-.01965
G1 X125.26 Y137.626 E-.01965
G1 X125.103 Y137.86 E-.01686
;WIPE_END
G1 X125.25 Y140.421 Z2.5
G1 Z2.1
G1 E.8 F1800
G1 F5676
G3 X124.619 Y140.009 I1.561 J-3.082 E.04975
G1 X124.448 Y139.727 E.02172
G1 X124.396 Y139.361 E.02436
G1 X124.396 Y130.702 E.57044
G1 X124.437 Y130.328 E.02481
G1 X124.597 Y130.039 E.02173
G1 X124.887 Y129.81 E.02436
G1 X132.386 Y125.48 E.57043
G1 X132.731 Y125.329 E.02482
G1 X133.061 Y125.322 E.02172
G1 X133.404 Y125.46 E.02436
G1 X140.903 Y129.789 E.57044
G1 X141.207 Y130.012 E.02483
G1 X141.378 Y130.294 E.02172
G1 X141.43 Y130.66 E.02436
G1 X141.43 Y139.319 E.57044
G1 X141.389 Y139.694 E.02481
G1 X141.23 Y139.983 E.02173
G3 X140.576 Y140.421 I-1.844 J-2.042 E.05205
G1 X125.31 Y140.421 E1.00563
G1 E-.692 F1800
;WIPE_START
G1 F30000
G1 X124.923 Y140.232 E-.02586
G1 X124.619 Y140.009 E-.02261
G1 X124.448 Y139.727 E-.01978
G1 X124.396 Y139.361 E-.02219
G1 X124.396 Y139.069 E-.01756
;WIPE_END
G1 X129.084 Y137.397 Z2.5
G1 Z2.1
G1 E.8 F1800
SET_VELOCITY_LIMIT ACCEL=10000
;TYPE:Internal solid infill
;WIDTH:0.574381
G1 F5676
G1 X129.287 Y137.915 E.03367
G1 X129.385 Y138.464 E.03367
G1 X129.373 Y139.021 E.03371
G1 X129.42 Y139.347 E.01989
G1 X129.524 Y139.362 E.00637
G1 X129.747 Y139.494 E.01567
G1 X136.102 Y139.494 E.38428
G1 X136.343 Y139.352 E.01694
G1 X136.406 Y139.348 E.00379
G1 X136.474 Y139.103 E.01537
G1 X136.438 Y138.686 E.02531
G1 X136.493 Y138.131 E.0337
G1 X136.654 Y137.598 E.0337
G1 X136.909 Y137.119 E.03279
G1 X137.134 Y136.818 E.02271
G1 X137.519 Y136.45 E.03223
G1 X137.939 Y136.175 E.03034
G1 X138.455 Y135.962 E.03374
G1 X139.002 Y135.854 E.03371
G1 X139.537 Y135.852 E.03233
G1 X140.098 Y135.966 E.03464
G1 X140.361 Y135.93 E.01603
G1 X140.361 Y130.847 E.30733
G1 X140.348 Y130.737 E.0067
G1 X140.243 Y130.643 E.00855
G1 X133.031 Y126.479 E.50351
G1 X132.862 Y126.441 E.01048
G1 X128.477 Y128.972 E.30617
;WIDTH:0.588914
G1 X128.397 Y129.046 E.00678
;WIDTH:0.607572
G1 X128.317 Y129.12 E.00702
G1 X128.531 Y129.294 E.01772
;WIDTH:0.574381
G1 X128.905 Y129.743 E.03535
G1 X129.184 Y130.265 E.03581
G1 X129.339 Y130.781 E.03258
G1 X129.393 Y131.317 E.03259
G1 X129.335 Y131.908 E.03591
G1 X129.178 Y132.424 E.03259
G1 X128.915 Y132.915 E.0337
G1 X128.572 Y133.335 E.03279
G1 X128.292 Y133.586 E.02272
G1 X127.842 Y133.873 E.03225
G1 X127.377 Y134.06 E.03032
G1 X126.845 Y134.166 E.03282
G1 X126.215 Y134.158 E.03808
G1 X125.708 Y134.05 E.03136
G1 X125.466 Y134.089 E.01483
G1 X125.466 Y135.844 E.10608
G1 X125.475 Y135.94 E.00586
G1 X125.804 Y135.943 E.01989
G1 X126.345 Y135.85 E.03316
G1 X126.887 Y135.859 E.03279
M73 P85 R0
G1 X127.377 Y135.962 E.03026
G1 X127.893 Y136.175 E.03375
G1 X128.357 Y136.485 E.03375
G1 X128.741 Y136.869 E.03282
G1 X129.052 Y137.346 E.03446
G1 E-.692 F1800
;WIPE_START
G1 F30000
G1 X128.741 Y136.869 E-.03419
G1 X128.357 Y136.485 E-.03257
G1 X127.893 Y136.175 E-.03348
G1 X127.773 Y136.126 E-.00776
;WIPE_END
G1 X132.037 Y139.373 Z2.5
G1 Z2.1
G1 E.8 F1800
;TYPE:Sparse infill
;WIDTH:0.62
G1 F5676
G1 X127.182 Y134.518 E.45236
G2 X129.761 Y131.858 I-.74 J-3.298 E.25829
G1 X136.073 Y138.17 E.58803
G3 X138.646 Y135.505 I3.314 J.625 E.25837
G1 X131.158 Y128.018 E.69753
G1 X132.913 Y127.005 E.13348
G1 X138.759 Y130.38 E.44467
G1 X140.097 Y131.718 E.12464
G1 E-.692 F1800
;WIPE_START
G1 F30000
G1 X138.824 Y130.445 E-.108
;WIPE_END
EXCLUDE_OBJECT_END NAME=japanese_kikko_Top.stl_id_0_copy_0
EXCLUDE_OBJECT_START NAME=japanese_kikko_Bottom.stl_id_1_copy_0
G1 X133.098 Y125.398 Z2.5
G1 X129.051 Y121.832 Z2.5
G1 Z2.1
G1 E.8 F1800
;TYPE:Inner wall
G1 F5676
G3 X129.455 Y121.231 I.399 J-.168 E.0565
G1 X129.487 Y121.232 E.00212
G3 X129.078 Y121.885 I-.037 J.431 E.11664
SET_VELOCITY_LIMIT ACCEL=5000
G1 X128.59 Y122.136 F30000
;TYPE:Outer wall
G1 F5676
G1 X128.536 Y122.045 E.00696
G3 X129.455 Y120.675 I.912 J-.381 E.12856
G1 X129.539 Y120.679 E.00553
G3 X128.629 Y122.216 I-.09 J.985 E.26236
G1 X128.616 Y122.19 E.00194
G1 E-.692 F1800
;WIPE_START
G1 F30000
G1 X128.536 Y122.045 E-.00993
G1 X128.484 Y121.857 E-.01168
G1 X128.465 Y121.664 E-.01164
G1 X128.484 Y121.471 E-.01164
G1 X128.541 Y121.286 E-.01164
G1 X128.632 Y121.114 E-.01164
G1 X128.755 Y120.964 E-.01164
G1 X128.905 Y120.841 E-.01164
G1 X129.076 Y120.75 E-.01164
G1 X129.155 Y120.726 E-.00491
;WIPE_END
G1 X121.535 Y121.169 Z2.5
G1 X117.078 Y121.428 Z2.5
G1 Z2.1
G1 E.8 F1800
SET_VELOCITY_LIMIT ACCEL=10000
;TYPE:Inner wall
G1 F5676
G1 X117.12 Y121.5 E.00551
G3 X116.724 Y121.231 I-.401 J.164 E.1458
G1 X116.757 Y121.232 E.00212
G3 X117.028 Y121.36 I-.037 J.431 E.0202
G1 X117.042 Y121.38 E.00158
SET_VELOCITY_LIMIT ACCEL=5000
G1 X117.543 Y121.118 F30000
;TYPE:Outer wall
G1 F5676
G3 X116.724 Y120.675 I-.825 J.546 E.34551
G1 X116.808 Y120.679 E.00553
G3 X117.508 Y121.069 I-.09 J.985 E.05431
G1 E-.692 F1800
;WIPE_START
G1 F30000
G1 X117.639 Y121.286 E-.0152
G1 X117.695 Y121.471 E-.01164
G1 X117.714 Y121.664 E-.01164
G1 X117.695 Y121.857 E-.01164
G1 X117.639 Y122.043 E-.01164
G1 X117.547 Y122.214 E-.01164
G1 X117.424 Y122.364 E-.01164
G1 X117.274 Y122.487 E-.01164
G1 X117.108 Y122.576 E-.01132
;WIPE_END
G1 X117.119 Y114.944 Z2.5
G1 X117.12 Y114.478 Z2.5
G1 Z2.1
G1 E.8 F1800
SET_VELOCITY_LIMIT ACCEL=10000
;TYPE:Inner wall
G1 F5676
G3 X116.724 Y113.881 I-.401 J-.164 E.12366
G1 X116.757 Y113.882 E.00212
G3 X117.139 Y114.421 I-.037 J.431 E.04947
SET_VELOCITY_LIMIT ACCEL=5000
G1 X117.632 Y114.69 F30000
;TYPE:Outer wall
G1 F5676
G3 X116.724 Y113.325 I-.914 J-.377 E.28195
G1 X116.808 Y113.329 E.00553
G3 X117.653 Y114.634 I-.09 J.985 E.11787
M106 S122
;LAYER_CHANGE
;Z:2.4
;HEIGHT:0.3
;BEFORE_LAYER_CHANGE
;2.4
G92 E0

G1 E-.692 F1800
;WIPE_START
G1 F30000
G1 X117.547 Y114.864 E-.01519
G1 X117.424 Y115.014 E-.01164
G1 X117.274 Y115.137 E-.01164
G1 X117.103 Y115.229 E-.01164
G1 X116.918 Y115.285 E-.01164
G1 X116.724 Y115.304 E-.01164
G1 X116.531 Y115.285 E-.01164
G1 X116.346 Y115.229 E-.01164
G1 X116.179 Y115.14 E-.01132
;WIPE_END
EXCLUDE_OBJECT_END NAME=japanese_kikko_Bottom.stl_id_1_copy_0
M73 L8
;LAYER:8
SET_PRINT_STATS_INFO TOTAL_LAYER=12 CURRENT_LAYER=8
;_SET_FAN_SPEED_CHANGING_LAYER
EXCLUDE_OBJECT_START NAME=japanese_kikko_Top.stl_id_0_copy_0
G17
G3 Z2.8 I-1.055 J.607 P1
G1 X132.867 Y144.142 Z2.8
G1 Z2.4
G1 E.8 F1800
SET_VELOCITY_LIMIT ACCEL=10000
;TYPE:Inner wall
G1 F7951.957
G1 X132.666 Y144.061 E.01429
G1 X131.032 Y143.117 E.1243
G1 X131.098 Y142.87 E.01685
G1 X134.728 Y142.87 E.23918
G1 X134.795 Y143.117 E.01685
G1 X133.189 Y144.045 E.12215
G1 X132.973 Y144.139 E.01553
G1 X132.927 Y144.14 E.00302
SET_VELOCITY_LIMIT ACCEL=5000
G1 X132.766 Y144.7 F30000
;TYPE:Outer wall
G1 F7951.956
G1 X132.422 Y144.562 E.02442
G1 X131.617 Y144.097 E.06124
G1 X129.583 Y142.922 E.15474
G1 F3780
G1 X128.53 Y142.315 E.08007
G1 X137.296 Y142.315 E.57747
G1 X136.244 Y142.922 E.08001
M73 P86 R0
G1 F7951.956
G1 X134.246 Y144.076 E.152
G1 X133.44 Y144.541 E.0613
G1 X133.095 Y144.693 E.02484
G1 X132.826 Y144.698 E.01772
G1 E-.692 F1800
;WIPE_START
G1 F30000
G1 X132.422 Y144.562 E-.02554
G1 X131.232 Y143.875 E-.08246
;WIPE_END
G1 X138.249 Y140.872 Z2.8
G1 X139.933 Y140.151 Z2.8
G1 Z2.4
G1 E.8 F1800
SET_VELOCITY_LIMIT ACCEL=10000
;TYPE:Inner wall
G1 F7680
G1 X138.937 Y140.151 E.06561
G1 X126.886 Y140.151 E.79388
G1 X125.894 Y140.151 E.06535
G1 F7951.956
G1 X125.227 Y139.766 E.05073
G1 X125.037 Y139.627 E.01551
G1 X124.982 Y139.537 E.00695
G1 X124.952 Y139.322 E.0143
G1 X124.952 Y130.733 E.56581
G1 X124.977 Y130.499 E.0155
G1 X125.029 Y130.406 E.00702
G1 X125.199 Y130.271 E.0143
G1 X125.961 Y129.832 E.05793
G1 X132.313 Y126.164 E.4832
G1 X132.637 Y125.977 E.02464
G1 X132.853 Y125.882 E.01554
G1 X132.959 Y125.88 E.00698
G1 X133.161 Y125.961 E.01434
G1 X140.599 Y130.255 E.56578
G1 X140.789 Y130.395 E.01555
G1 X140.844 Y130.485 E.00695
G1 X140.875 Y130.7 E.01431
G1 X140.875 Y131.074 E.02464
G1 X140.875 Y138.394 E.48222
G1 X140.875 Y139.289 E.05896
G1 X140.849 Y139.523 E.01551
G1 X140.797 Y139.616 E.00702
G1 X140.627 Y139.75 E.01426
G1 X139.985 Y140.121 E.04885
SET_VELOCITY_LIMIT ACCEL=5000
G1 X140.21 Y140.632 F30000
;TYPE:Outer wall
G1 F3780
G1 X140.081 Y140.707 E.00983
G1 X125.745 Y140.707 E.94441
G1 X124.923 Y140.232 E.06254
G1 F7951.956
G1 X124.619 Y140.009 E.02484
G1 X124.448 Y139.727 E.02173
G1 X124.396 Y139.361 E.02435
G1 X124.396 Y130.702 E.57042
G1 X124.437 Y130.328 E.02479
G1 X124.597 Y130.039 E.02176
G1 X124.887 Y129.81 E.02434
G1 X132.386 Y125.48 E.57045
G1 X132.731 Y125.329 E.02481
G1 X133.061 Y125.322 E.02174
G1 X133.404 Y125.46 E.02436
G1 X140.903 Y129.789 E.57041
G1 X141.207 Y130.012 E.02484
G1 X141.378 Y130.294 E.02173
G1 X141.43 Y130.66 E.02435
G1 X141.43 Y139.319 E.57042
G1 X141.389 Y139.694 E.02485
G1 X141.23 Y139.983 E.02173
G1 X140.939 Y140.212 E.02439
G1 F7140
G1 X140.262 Y140.602 E.05147
G1 E-.692 F1800
;WIPE_START
G1 F30000
G1 X140.081 Y140.707 E-.01251
G1 X138.49 Y140.707 E-.09549
;WIPE_END
G1 X136.056 Y139.563 Z2.8
G1 Z2.4
G1 E.8 F1800
SET_VELOCITY_LIMIT ACCEL=2500
;TYPE:Bridge
;WIDTH:0.6
M106 S255
G1 X137.044 Y139.563 E.06274
G1 X138.244 Y139.563 E.07621
G1 F780
G1 X140.026 Y139.563 E.11317
G1 X140.367 Y139.367 E.02498
G1 F1800
G1 X140.404 Y139.337 E.00303
G1 X140.412 Y139.263 E.00473
G1 F1140
G1 X140.412 Y139.028 E.01492
G1 X139.167 Y139.028 E.07906
G1 F1800
G1 X139.034 Y139.028 E.00845
G1 X137.967 Y139.028 E.06776
G1 X136.198 Y139.028 E.11234
G1 X136.18 Y138.719 E.01966
G1 X136.187 Y138.492 E.01442
G1 X137.937 Y138.492 E.11113
G1 X139.001 Y138.492 E.06757
G1 X139.137 Y138.492 E.00864
G1 F720
G1 X140.412 Y138.492 E.08097
G1 X140.412 Y137.957 E.03398
G1 F1800
G1 X138.135 Y137.957 E.1446
G1 X136.268 Y137.957 E.11856
G1 X136.332 Y137.727 E.01516
G1 X136.45 Y137.421 E.02083
G1 X140.412 Y137.421 E.25161
G1 X140.412 Y136.885 E.03404
G1 X136.756 Y136.885 E.23218
G1 X136.938 Y136.655 E.01863
M73 P87 R0
G1 X137.242 Y136.35 E.02735
G1 X140.412 Y136.35 E.20131
G1 X140.412 Y135.814 E.03404
G1 X137.573 Y135.814 E.18029
G1 E-.692
;WIPE_START
G1 F30000
G1 X139.373 Y135.814 E-.108
;WIPE_END
G1 X139.525 Y135.293 Z2.8
G1 Z2.4
G1 E.8 F1800
;TYPE:Internal Bridge
;HEIGHT:0.6
G1 F2700
M106 S122
M106 S255
G1 X140.355 Y134.463 E.1246
G1 X140.355 Y133.544 E.09758
G1 X138.531 Y135.368 E.27386
G1 E-.692 F1800
;WIPE_START
G1 F30000
G1 X139.804 Y134.095 E-.108
;WIPE_END
G1 X135.888 Y138.93 Z2.8
G1 Z2.4
G1 E.8 F1800
G1 F2700
G1 X135.186 Y139.632 E.10539
G1 X134.267 Y139.632 E.09758
G1 X135.963 Y137.935 E.25465
G1 E-.692 F1800
;WIPE_START
G1 F30000
G1 X134.691 Y139.208 E-.108
;WIPE_END
G1 X133.055 Y139.924 Z2.8
G1 Z2.4
G1 E.8 F1800
G1 F2700
G1 X140.355 Y132.624 E1.09589
G1 X140.355 Y131.705 E.09758
G1 X132.429 Y139.632 E1.18998
G1 X131.51 Y139.632 E.09758
G1 X140.355 Y130.786 E1.32798
G2 X140.315 Y130.691 I-.067 J-.028 E.01223
G1 X139.818 Y130.404 E.06089
G1 X130.59 Y139.632 E1.38533
G1 X130.121 Y139.632 E.04979
G1 X130.225 Y139.078 E.05979
G1 X139.235 Y130.068 E1.35273
G1 X138.652 Y129.731 E.07144
G1 X130.209 Y138.175 E1.26764
G1 X130.151 Y137.86 E.03393
M73 P88 R0
G1 X130.027 Y137.437 E.0468
G1 X138.07 Y129.395 E1.20747
G1 X137.487 Y129.058 E.07144
G1 X129.733 Y136.812 E1.16402
G1 X129.578 Y136.568 E.03068
G1 X129.35 Y136.275 E.03935
G1 X136.904 Y128.722 E1.13403
G1 X136.321 Y128.385 E.07144
G1 X128.885 Y135.822 E1.1164
G1 X128.61 Y135.618 E.03629
G1 X128.336 Y135.451 E.03407
G1 X135.739 Y128.049 E1.11131
G1 X135.156 Y127.712 E.07144
G1 X127.46 Y135.408 E1.15532
G1 X127.293 Y134.655 F30000
G1 F2700
G1 X126.661 Y135.287 E.09486
G1 X126.301 Y134.728 F30000
G1 F2700
G1 X125.614 Y135.415 E.1031
G1 E-.74173 F1800
;WIPE_START
G1 F30000
G1 X126.301 Y134.728 E-.05827
;WIPE_END
G1 X129.87 Y132.078 Z2.8
G1 Z2.4
G1 E.8 F1800
G1 F2700
G1 X134.573 Y127.376 E.70598
G1 X133.99 Y127.039 E.07144
G1 X130.208 Y130.821 E.56779
G1 X130.15 Y130.506 E.03406
G1 X130.026 Y130.085 E.04663
G1 X133.407 Y126.703 E.5077
G1 X132.933 Y126.429 E.05815
G2 X132.872 Y126.441 I-.024 J.036 E.0073
G1 X132.583 Y126.608 E.03551
G1 X129.732 Y129.459 E.428
G1 X129.578 Y129.218 E.03032
G1 X129.349 Y128.923 E.0397
G1 X131.207 Y127.065 E.279
G1 E-.692 F1800
;WIPE_START
G1 F30000
G1 X129.934 Y128.338 E-.108
;WIPE_END
G1 X125.682 Y130.248 Z2.8
G1 Z2.4
G1 E.8 F1800
;TYPE:Bridge
;HEIGHT:0.3
G1 X125.682 Y131.415 E.07411
G1 X125.682 Y134.314 E.1841
G1 X125.947 Y134.379 E.01733
M73 P89 R0
G1 X126.218 Y134.42 E.01741
G1 X126.218 Y132.653 E.11221
G1 X126.218 Y131.609 E.0663
G1 X126.218 Y131.453 E.00991
G1 F960
G1 X126.218 Y130.217 E.07849
G1 X126.754 Y129.908 E.03929
G1 F1800
G1 X126.754 Y131.024 E.07087
G1 X126.754 Y134.43 E.2163
G1 X127.095 Y134.389 E.02181
G1 X127.289 Y134.347 E.01261
G1 X127.289 Y129.598 E.30159
G1 X127.825 Y129.289 E.03929
G1 X127.825 Y134.163 E.30952
G1 X128.066 Y134.042 E.01713
G1 X128.36 Y133.854 E.02216
G1 X128.36 Y128.98 E.30952
G1 X128.483 Y128.909 E.00902
G1 X128.722 Y129.121 E.02029
G1 X128.896 Y129.307 E.01617
G1 X128.896 Y133.365 E.2577
G1 X129.171 Y132.995 E.02928
G1 X129.298 Y132.776 E.01608
G1 X129.432 Y132.485 E.02035
G1 X129.432 Y129.643 E.18048
G1 E-.692
;WIPE_START
G1 F30000
G1 X129.432 Y131.443 E-.108
;WIPE_END
G1 X129.755 Y139.068 Z2.8
G1 X129.776 Y139.563 Z2.8
G1 Z2.4
G1 E.8 F1800
G1 X128.789 Y139.563 E.06268
G1 X127.589 Y139.563 E.07621
G1 F840
G1 X125.8 Y139.563 E.11361
G1 X125.421 Y139.335 E.02809
G1 F1200
G1 X125.414 Y139.028 E.0195
G1 X126.665 Y139.028 E.07945
G1 F1800
G1 X126.786 Y139.028 E.00768
G1 X127.865 Y139.028 E.06852
G1 X129.634 Y139.028 E.11234
G1 X129.652 Y138.718 E.01972
G1 X129.645 Y138.492 E.01436
G1 X127.895 Y138.492 E.11113
G1 X126.819 Y138.492 E.06833
G1 X126.695 Y138.492 E.00787
G1 F780
G1 X125.414 Y138.492 E.08135
G1 X125.414 Y137.957 E.03398
G1 F1800
G1 X127.697 Y137.957 E.14498
G1 X129.564 Y137.957 E.11856
G1 X129.501 Y137.728 E.01508
G1 X129.382 Y137.421 E.02091
G1 X125.414 Y137.421 E.25199
G1 X125.414 Y136.885 E.03404
G1 X129.076 Y136.885 E.23256
G1 X128.893 Y136.653 E.01877
G1 X128.59 Y136.35 E.02721
G1 X125.414 Y136.35 E.20169
G1 X125.414 Y135.814 E.03404
G1 X128.259 Y135.814 E.18067
G1 E-.692
M73 P90 R0
;WIPE_START
G1 F30000
G1 X126.459 Y135.814 E-.108
;WIPE_END
EXCLUDE_OBJECT_END NAME=japanese_kikko_Top.stl_id_0_copy_0
EXCLUDE_OBJECT_START NAME=japanese_kikko_Bottom.stl_id_1_copy_0
G1 X127.88 Y128.315 Z2.8
G1 X129.097 Y121.893 Z2.8
G1 Z2.4
G1 E.8 F1800
SET_VELOCITY_LIMIT ACCEL=10000
;TYPE:Inner wall
;WIDTH:0.62
G1 F7951.957
M106 S122
G1 X129.055 Y121.83 E.00498
G3 X129.455 Y121.231 I.4 J-.166 E.05603
G1 X129.498 Y121.233 E.0028
G3 X129.149 Y121.97 I-.042 J.431 E.10922
G1 X129.13 Y121.943 E.0022
SET_VELOCITY_LIMIT ACCEL=5000
G1 X128.631 Y122.211 F30000
;TYPE:Outer wall
G1 F7951.957
G1 X128.536 Y122.045 E.01262
G3 X129.358 Y120.679 I.913 J-.381 E.12207
G3 X129.523 Y120.678 I.09 J.837 E.01089
G3 X128.66 Y122.261 I-.074 J.986 E.25991
G1 E-.692 F1800
;WIPE_START
G1 F30000
G1 X128.536 Y122.045 E-.01495
G1 X128.484 Y121.857 E-.01167
G1 X128.465 Y121.664 E-.01164
G1 X128.484 Y121.471 E-.01164
G1 X128.541 Y121.286 E-.01164
G1 X128.632 Y121.114 E-.01164
G1 X128.755 Y120.964 E-.01164
G1 X128.989 Y120.791 E-.01742
G1 X129.077 Y120.755 E-.00576
;WIPE_END
G1 X121.455 Y121.157 Z2.8
G1 X117.059 Y121.389 Z2.8
G1 Z2.4
G1 E.8 F1800
SET_VELOCITY_LIMIT ACCEL=10000
;TYPE:Inner wall
G1 F7951.957
G3 X116.724 Y121.231 I-.335 J.275 E.15403
G1 X116.767 Y121.233 E.0028
G3 X117.018 Y121.346 I-.042 J.431 E.01846
SET_VELOCITY_LIMIT ACCEL=5000
G1 X117.543 Y121.118 F30000
;TYPE:Outer wall
G1 F7951.957
G3 X116.627 Y120.679 I-.824 J.547 E.33913
G3 X116.793 Y120.678 I.09 J.837 E.01089
G3 X117.508 Y121.069 I-.074 J.986 E.05534
G1 E-.692 F1800
;WIPE_START
G1 F30000
G1 X117.639 Y121.286 E-.0152
G1 X117.695 Y121.471 E-.01164
G1 X117.714 Y121.664 E-.01164
G1 X117.695 Y121.857 E-.01164
G1 X117.639 Y122.043 E-.01164
G1 X117.547 Y122.214 E-.01164
G1 X117.424 Y122.364 E-.01164
G1 X117.274 Y122.487 E-.01164
G1 X117.108 Y122.576 E-.01132
;WIPE_END
G1 X117.124 Y114.944 Z2.8
G1 X117.125 Y114.48 Z2.8
G1 Z2.4
G1 E.8 F1800
SET_VELOCITY_LIMIT ACCEL=10000
;TYPE:Inner wall
G1 F7951.957
G3 X116.724 Y113.881 I-.4 J-.166 E.12322
G1 X116.767 Y113.883 E.0028
G3 X117.144 Y114.423 I-.042 J.431 E.04927
SET_VELOCITY_LIMIT ACCEL=5000
G1 X117.633 Y114.691 F30000
;TYPE:Outer wall
G1 F7951.957
G3 X116.627 Y113.329 I-.914 J-.376 E.27554
G3 X116.793 Y113.328 I.09 J.837 E.01089
G3 X117.654 Y114.634 I-.074 J.986 E.11893
M106 S125
;LAYER_CHANGE
;Z:2.7
;HEIGHT:0.3
;BEFORE_LAYER_CHANGE
;2.7
G92 E0

G1 E-.692 F1800
;WIPE_START
G1 F30000
G1 X117.547 Y114.864 E-.0152
G1 X117.424 Y115.014 E-.01164
G1 X117.274 Y115.137 E-.01164
G1 X117.103 Y115.229 E-.01164
G1 X116.918 Y115.285 E-.01164
G1 X116.724 Y115.304 E-.01164
G1 X116.531 Y115.285 E-.01164
G1 X116.346 Y115.229 E-.01164
G1 X116.179 Y115.14 E-.01132
;WIPE_END
EXCLUDE_OBJECT_END NAME=japanese_kikko_Bottom.stl_id_1_copy_0
M73 L9
;LAYER:9
SET_PRINT_STATS_INFO TOTAL_LAYER=12 CURRENT_LAYER=9
;_SET_FAN_SPEED_CHANGING_LAYER
EXCLUDE_OBJECT_START NAME=japanese_kikko_Top.stl_id_0_copy_0
G17
G3 Z3.1 I-.878 J.843 P1
G1 X140.107 Y140.05 Z3.1
G1 Z2.7
G1 E.8 F1800
SET_VELOCITY_LIMIT ACCEL=10000
;TYPE:Inner wall
G1 F3000
M106 S255
G1 X138.433 Y141.017 E.12735
G1 F1680
G1 X137.914 Y141.317 E.03949
SET_VELOCITY_LIMIT ACCEL=2500
;TYPE:Overhang wall
;WIDTH:0.6
G1 F1800
G1 X137.242 Y141.705 E.04929
SET_VELOCITY_LIMIT ACCEL=10000
;TYPE:Inner wall
;WIDTH:0.62
G1 F1680
G1 X136.722 Y142.005 E.03955
M106 S125
G1 F3000
G1 X135.648 Y142.625 E.08169
G1 F7951.956
G1 X133.513 Y143.857 E.16238
G1 X133.189 Y144.045 E.02468
G1 X132.973 Y144.139 E.01552
G1 X132.867 Y144.142 E.00699
G1 X132.666 Y144.061 E.01428
G1 X132.341 Y143.874 E.0247
G1 X130.178 Y142.625 E.16454
M106 S255
G1 F3000
G1 X129.104 Y142.005 E.08169
G1 F1680
G1 X128.585 Y141.705 E.03949
SET_VELOCITY_LIMIT ACCEL=2500
;TYPE:Overhang wall
;WIDTH:0.6
G1 F1800
G1 X127.913 Y141.317 E.04929
SET_VELOCITY_LIMIT ACCEL=10000
;TYPE:Inner wall
;WIDTH:0.62
G1 F1680
G1 X127.393 Y141.017 E.03955
M106 S125
G1 F3000
G1 X126.319 Y140.397 E.08169
G1 F7951.956
G1 X125.551 Y139.954 E.05841
G1 X125.227 Y139.766 E.02468
G1 X125.037 Y139.627 E.01551
G1 X124.982 Y139.537 E.00695
G1 X124.952 Y139.322 E.0143
G1 X124.952 Y130.733 E.56581
G1 X124.977 Y130.499 E.0155
G1 X125.029 Y130.406 E.00702
G1 X125.199 Y130.271 E.0143
G1 X132.637 Y125.977 E.56578
G1 X132.853 Y125.882 E.01554
G1 X132.959 Y125.88 E.00698
G1 X133.161 Y125.961 E.01434
G1 X140.599 Y130.255 E.56578
G1 X140.789 Y130.395 E.01555
G1 X140.844 Y130.485 E.00695
G1 X140.875 Y130.7 E.01431
G1 X140.875 Y139.289 E.56581
G1 X140.849 Y139.523 E.01551
G1 X140.797 Y139.616 E.00702
G1 X140.627 Y139.75 E.01426
G1 X140.159 Y140.02 E.03559
SET_VELOCITY_LIMIT ACCEL=5000
G1 X140.385 Y140.531 F30000
;TYPE:Outer wall
G1 F3000
M106 S255
G1 X139.545 Y141.017 E.06393
G1 F1680
G1 X139.025 Y141.317 E.03955
SET_VELOCITY_LIMIT ACCEL=2500
;TYPE:Overhang wall
;WIDTH:0.6
G1 F1800
G1 X138.353 Y141.705 E.04929
SET_VELOCITY_LIMIT ACCEL=5000
;TYPE:Outer wall
;WIDTH:0.62
G1 F1680
G1 X137.833 Y142.005 E.03955
M106 S125
G1 F3000
G1 X136.759 Y142.625 E.08169
G1 F7951.956
G1 X134.246 Y144.076 E.19116
G1 X133.44 Y144.541 E.0613
G1 X133.095 Y144.693 E.02484
M73 P91 R0
G1 X132.766 Y144.7 E.02168
G1 X132.422 Y144.562 E.02442
G1 X131.617 Y144.097 E.06124
G1 X129.067 Y142.625 E.19396
M106 S255
G1 F3000
G1 X127.993 Y142.005 E.08169
G1 F1680
G1 X127.473 Y141.705 E.03955
SET_VELOCITY_LIMIT ACCEL=2500
;TYPE:Overhang wall
;WIDTH:0.6
G1 F1800
G1 X126.801 Y141.317 E.04929
SET_VELOCITY_LIMIT ACCEL=5000
;TYPE:Outer wall
;WIDTH:0.62
G1 F1680
G1 X126.282 Y141.017 E.03949
M106 S125
G1 F3000
G1 X124.923 Y140.232 E.10339
G1 F7951.956
G1 X124.619 Y140.009 E.02484
G1 X124.448 Y139.727 E.02173
G1 X124.396 Y139.361 E.02435
G1 X124.396 Y130.702 E.57042
G1 X124.437 Y130.328 E.02479
G1 X124.597 Y130.039 E.02176
G1 X124.887 Y129.81 E.02434
G1 X132.386 Y125.48 E.57045
G1 X132.731 Y125.329 E.02481
G1 X133.061 Y125.322 E.02174
G1 X133.404 Y125.46 E.02436
G1 X140.903 Y129.789 E.57041
G1 X141.207 Y130.012 E.02484
G1 X141.378 Y130.294 E.02173
G1 X141.43 Y130.66 E.02435
G1 X141.43 Y139.319 E.57042
G1 X141.389 Y139.694 E.02485
G1 X141.23 Y139.983 E.02173
G1 X140.939 Y140.212 E.02439
G1 X140.437 Y140.501 E.03816
G1 E-.692 F1800
;WIPE_START
G1 F30000
G1 X139.025 Y141.317 E-.09783
G1 X138.878 Y141.401 E-.01017
;WIPE_END
G17
G3 Z3.1 I1.172 J.327 P1
G1 X139.373 Y139.631 Z3.1
G1 Z2.7
G1 E.8 F1800
SET_VELOCITY_LIMIT ACCEL=2500
;TYPE:Bridge
;WIDTH:0.6
M106 S255
G1 X132.645 Y143.515 E.49336
G1 X132.109 Y143.206 E.03928
G1 X138.66 Y139.424 E.48038
G1 X138.628 Y139.41 E.00224
G2 X137.847 Y139.275 I-.666 J1.525 E.0508
G1 X131.574 Y142.897 E.46004
G1 X131.038 Y142.587 E.03928
G1 X136.776 Y139.275 E.42076
G1 X135.705 Y139.275 E.06803
G1 X130.502 Y142.278 E.38148
G1 X129.967 Y141.969 E.03928
G1 X134.633 Y139.275 E.34221
G1 X133.562 Y139.275 E.06803
G1 X129.431 Y141.66 E.30293
G1 X128.895 Y141.35 E.03928
G1 X132.491 Y139.275 E.26365
G1 X131.42 Y139.275 E.06803
G1 X128.36 Y141.041 E.22437
G1 X127.824 Y140.732 E.03928
M73 P92 R0
G1 X130.348 Y139.275 E.1851
G1 X129.277 Y139.275 E.06803
G1 X127.289 Y140.423 E.14582
G1 X126.753 Y140.113 E.03928
G1 X128.623 Y139.034 E.13716
G1 E-.692
;WIPE_START
G1 F30000
G1 X127.065 Y139.934 E-.108
;WIPE_END
G1 X132.351 Y134.428 Z3.1
G1 X137.712 Y128.845 Z3.1
G1 Z2.7
G1 E.8 F1800
SET_VELOCITY_LIMIT ACCEL=10000
;TYPE:Internal solid infill
;WIDTH:0.62
G1 F7951.964
M106 S125
G1 X140.402 Y131.535 E.25063
G1 X140.402 Y132.321 E.05176
G1 X136.536 Y128.455 E.36019
G1 X134.677 Y127.381 E.14142
G1 X140.402 Y133.107 E.5334
G1 X140.402 Y133.893 E.05176
G1 X132.891 Y126.381 E.69977
G1 X132.389 Y126.665 E.03798
G1 X140.402 Y134.678 E.74651
G1 X140.402 Y135.464 E.05176
G1 X131.891 Y126.953 E.79292
G1 X131.393 Y127.241 E.03789
G1 X140.402 Y136.25 E.83933
G1 X140.402 Y137.036 E.05176
G1 X130.895 Y127.528 E.88574
G1 X130.397 Y127.816 E.03789
G1 X140.402 Y137.821 E.93215
G1 X140.402 Y138.607 E.05176
G1 X129.899 Y128.103 E.97856
G1 X129.401 Y128.391 E.03789
G1 X140.365 Y139.355 E1.02148
G1 X139.867 Y139.644 E.03788
G1 X128.902 Y128.679 E1.02153
G1 X128.404 Y128.966 E.03789
G1 X138.172 Y138.734 E.91
G1 X138.132 Y138.731 E.00266
G2 X137.381 Y138.729 I-.397 J9.167 E.04946
G1 X127.906 Y129.254 E.88273
G1 X127.408 Y129.541 E.03789
G1 X136.595 Y138.729 E.85594
G1 X135.81 Y138.729 E.05176
G1 X126.91 Y129.829 E.82914
G1 X126.412 Y130.117 E.03789
G1 X135.024 Y138.729 E.80235
G1 X134.238 Y138.729 E.05176
G1 X125.913 Y130.404 E.77556
G1 X125.465 Y130.663 E.03411
G2 X125.43 Y130.706 I.004 J.039 E.00409
G1 X133.452 Y138.729 E.74742
G1 X132.667 Y138.729 E.05176
G1 X125.424 Y131.486 E.67475
G1 X125.424 Y132.272 E.05176
M73 P93 R0
G1 X131.881 Y138.729 E.60155
G1 X131.095 Y138.729 E.05176
G1 X125.424 Y133.058 E.52834
G1 X125.424 Y133.844 E.05176
G1 X130.309 Y138.729 E.45514
G1 X129.524 Y138.729 E.05176
G1 X125.424 Y134.629 E.38193
G1 X125.424 Y135.415 E.05176
G1 X128.738 Y138.729 E.30873
G1 X127.952 Y138.729 E.05176
G1 X125.424 Y136.201 E.23552
G1 X125.424 Y136.987 E.05176
G1 X127.252 Y138.814 E.17028
G2 X126.705 Y139.053 I.532 J1.966 E.03946
G1 X125.424 Y137.772 E.11931
G1 X125.424 Y138.558 E.05176
G1 X126.437 Y139.571 E.09435
G1 E-.692 F1800
;WIPE_START
G1 F30000
G1 X125.424 Y138.558 E-.08593
G1 X125.424 Y138.19 E-.02207
;WIPE_END
G17
G3 Z3.1 I.94 J.773 P1
G1 X134.431 Y127.246 Z3.1
G1 Z2.7
G1 E.8 F1800
;TYPE:Gap infill
;WIDTH:0.39406
G1 F4800
G1 X134.258 Y127.113 E.00853
;WIDTH:0.346241
G1 X134.085 Y126.98 E.00729
;WIDTH:0.298422
G1 X133.912 Y126.847 E.00605
;WIDTH:0.250603
G1 X133.739 Y126.714 E.00482
;WIDTH:0.202784
G1 X133.565 Y126.581 E.00358
;WIDTH:0.178875
G1 X133.392 Y126.449 E.00296
G1 E-.78691 F1800
;WIPE_START
G1 F30000
G1 X133.565 Y126.581 E-.01309
;WIPE_END
G1 X129.88 Y133.265 Z3.1
G1 X126.275 Y139.802 Z3.1
G1 Z2.7
G1 E.8 F1800
;WIDTH:0.269518
G1 F4800
G1 X126.139 Y139.823 E.00336
;WIDTH:0.296525
G1 X126.127 Y139.825 E.00033
;WIDTH:0.327076
G1 X126.002 Y139.729 E.00491
;WIDTH:0.368201
G1 X125.877 Y139.633 E.00567
;WIDTH:0.409326
G1 X125.752 Y139.537 E.00644
;WIDTH:0.450451
G1 X125.627 Y139.442 E.00721
;WIDTH:0.509077
G3 X125.461 Y139.311 I1.115 J-1.582 E.01115
G1 X125.229 Y138.848 E.02729
G1 E-.75627 F1800
;WIPE_START
G1 F30000
G1 X125.461 Y139.311 E-.03105
G1 X125.627 Y139.442 E-.01268
;WIPE_END
G17
G3 Z3.1 I.623 J1.045 P1
G1 X140.259 Y130.714 Z3.1
G1 Z2.7
G1 E.8 F1800
;TYPE:Internal solid infill
;WIDTH:0.836541
G1 F5721.952
G1 X140.162 Y130.714 E.00884
G1 X140.114 Y130.798 E.00884
G1 X140.162 Y130.881 E.00884
G1 X140.259 Y130.881 E.00884
G1 X140.277 Y130.85 E.00334
G1 E-.77464 F1800
;WIPE_START
G1 F30000
G1 X140.259 Y130.881 E-.00219
G1 X140.162 Y130.881 E-.00579
G1 X140.114 Y130.798 E-.00579
G1 X140.162 Y130.714 E-.00579
G1 X140.259 Y130.714 E-.00579
;WIPE_END
EXCLUDE_OBJECT_END NAME=japanese_kikko_Top.stl_id_0_copy_0
EXCLUDE_OBJECT_START NAME=japanese_kikko_Bottom.stl_id_1_copy_0
G1 X134.261 Y125.994 Z3.1
G1 X129.148 Y121.969 Z3.1
G1 Z2.7
G1 E.8 F1800
;TYPE:Inner wall
;WIDTH:0.62
G1 F7951.957
G1 X129.052 Y121.831 E.01104
G3 X129.413 Y121.233 I.4 J-.167 E.05351
G1 X129.466 Y121.231 E.00355
G3 X129.19 Y122.009 I-.015 J.433 E.10714
SET_VELOCITY_LIMIT ACCEL=5000
G1 X128.684 Y122.277 F30000
;TYPE:Outer wall
G1 F7951.957
G1 X128.627 Y122.217 E.00541
G3 X129.358 Y120.679 I.82 J-.553 E.13515
G3 X129.494 Y120.677 I.082 J.687 E.00896
G3 X128.752 Y122.368 I-.047 J.988 E.25233
G1 X128.72 Y122.325 E.00351
G1 E-.692 F1800
;WIPE_START
G1 F30000
G1 X128.627 Y122.217 E-.00852
G1 X128.541 Y122.043 E-.01168
G1 X128.484 Y121.857 E-.01164
G1 X128.465 Y121.664 E-.01164
G1 X128.484 Y121.471 E-.01164
G1 X128.541 Y121.286 E-.01164
G1 X128.632 Y121.114 E-.01164
G1 X128.755 Y120.964 E-.01164
G1 X128.905 Y120.841 E-.01164
G1 X128.998 Y120.792 E-.00632
;WIPE_END
G1 X121.377 Y121.199 Z3.1
G1 X117.078 Y121.428 Z3.1
G1 Z2.7
G1 E.8 F1800
SET_VELOCITY_LIMIT ACCEL=10000
;TYPE:Inner wall
G1 F7951.957
G1 X117.122 Y121.5 E.00553
G3 X116.682 Y121.233 I-.401 J.165 E.14295
G1 X116.736 Y121.231 E.00355
G3 X117.029 Y121.36 I-.015 J.433 E.02159
G1 X117.043 Y121.379 E.00159
SET_VELOCITY_LIMIT ACCEL=5000
G1 X117.548 Y121.115 F30000
;TYPE:Outer wall
G1 F7951.957
G1 X117.631 Y121.289 E.01267
G3 X116.627 Y120.679 I-.915 J.376 E.3265
G3 X116.763 Y120.677 I.082 J.687 E.00896
G3 X117.511 Y121.076 I-.047 J.988 E.05771
G1 E-.692 F1800
;WIPE_START
G1 F30000
G1 X117.631 Y121.289 E-.01467
G1 X117.695 Y121.471 E-.0116
G1 X117.714 Y121.664 E-.01164
G1 X117.695 Y121.857 E-.01164
G1 X117.639 Y122.043 E-.01164
G1 X117.547 Y122.214 E-.01164
G1 X117.424 Y122.364 E-.01164
G1 X117.274 Y122.487 E-.01164
G1 X117.103 Y122.579 E-.01164
G1 X117.099 Y122.58 E-.00025
;WIPE_END
G1 X117.12 Y114.947 Z3.1
G1 X117.122 Y114.479 Z3.1
G1 Z2.7
G1 E.8 F1800
SET_VELOCITY_LIMIT ACCEL=10000
;TYPE:Inner wall
G1 F7951.957
G3 X116.682 Y113.883 I-.401 J-.165 E.12072
G1 X116.736 Y113.881 E.00355
G3 X117.141 Y114.422 I-.015 J.433 E.05099
SET_VELOCITY_LIMIT ACCEL=5000
G1 X117.638 Y114.694 F30000
;TYPE:Outer wall
G1 F7951.957
G1 X117.541 Y114.86 E.01268
G3 X116.627 Y113.329 I-.825 J-.546 E.26306
M73 P94 R0
G3 X116.763 Y113.327 I.082 J.687 E.00896
G3 X117.649 Y114.642 I-.047 J.988 E.1212
;LAYER_CHANGE
;Z:3
;HEIGHT:0.3
;BEFORE_LAYER_CHANGE
;3
G92 E0

G1 E-.692 F1800
;WIPE_START
G1 F30000
G1 X117.541 Y114.86 E-.01462
G1 X117.424 Y115.014 E-.0116
G1 X117.274 Y115.137 E-.01164
G1 X117.103 Y115.229 E-.01164
G1 X116.918 Y115.285 E-.01164
G1 X116.724 Y115.304 E-.01164
G1 X116.531 Y115.285 E-.01164
G1 X116.346 Y115.229 E-.01164
G1 X116.175 Y115.137 E-.01164
G1 X116.171 Y115.134 E-.00029
;WIPE_END
EXCLUDE_OBJECT_END NAME=japanese_kikko_Bottom.stl_id_1_copy_0
M73 L10
;LAYER:10
SET_PRINT_STATS_INFO TOTAL_LAYER=12 CURRENT_LAYER=10
;_SET_FAN_SPEED_CHANGING_LAYER
EXCLUDE_OBJECT_START NAME=japanese_kikko_Top.stl_id_0_copy_0
G17
G3 Z3.4 I-.877 J.844 P1
G1 X140.536 Y140.444 Z3.4
G1 Z3
G1 E.8 F1800
G1 F7951.957
G1 X133.44 Y144.541 E.53978
G1 X133.095 Y144.693 E.02482
G1 X132.766 Y144.7 E.02172
G1 X132.422 Y144.562 E.02436
G1 X124.923 Y140.232 E.57044
G1 X124.619 Y140.009 E.02483
G1 X124.448 Y139.727 E.02172
G1 X124.396 Y139.361 E.02436
G1 X124.396 Y130.702 E.57044
G1 X124.437 Y130.328 E.02481
G1 X124.597 Y130.039 E.02173
G1 X124.887 Y129.81 E.02436
G1 X132.386 Y125.48 E.57043
G1 X132.731 Y125.329 E.02482
G1 X133.061 Y125.322 E.02172
G1 X133.404 Y125.46 E.02436
G1 X140.903 Y129.789 E.57044
G1 X141.207 Y130.012 E.02483
G1 X141.378 Y130.294 E.02172
G1 X141.43 Y130.66 E.02436
G1 X141.43 Y139.319 E.57044
G1 X141.389 Y139.694 E.02481
G1 X141.23 Y139.983 E.02173
G1 X140.939 Y140.212 E.02436
G1 X140.588 Y140.414 E.0267
G1 X140.037 Y140.411 F30000
SET_VELOCITY_LIMIT ACCEL=2000
;TYPE:Top surface
;WIDTH:0.635766
G1 F7732.548
G1 X141.152 Y139.296 E.10684
G1 X141.152 Y138.488 F30000
G1 F7732.548
G1 X138.125 Y141.515 E.29001
G1 E-.692 F1800
;WIPE_START
G1 F30000
G1 X139.398 Y140.242 E-.108
;WIPE_END
G17
G3 Z3.4 I-.728 J-.975 P1
G1 X136.214 Y142.619 Z3.4
G1 Z3
G1 E.8 F1800
G1 F7732.548
G1 X141.152 Y137.68 E.47318
G1 X141.152 Y136.872 F30000
G1 F7732.548
G1 X134.302 Y143.723 E.65635
G1 E-.692 F1800
;WIPE_START
G1 F30000
G1 X135.574 Y142.45 E-.108
;WIPE_END
G1 X132.802 Y144.415 Z3.4
G1 Z3
G1 E.8 F1800
G1 F7732.548
G1 X141.152 Y136.064 E.80005
G1 X141.152 Y135.256 F30000
G1 F7732.548
G1 X132.261 Y144.148 E.8519
G1 X131.748 Y143.852 F30000
G1 F7732.548
G1 X141.152 Y134.448 E.90098
G1 X141.152 Y133.64 F30000
G1 F7732.548
G1 X131.236 Y143.556 E.95006
G1 X130.724 Y143.261 F30000
M73 P95 R0
G1 F7732.548
G1 X141.152 Y132.832 E.99914
G1 X141.152 Y132.024 F30000
G1 F7732.548
G1 X130.211 Y142.965 E1.04822
G1 X129.699 Y142.669 F30000
G1 F7732.548
G1 X141.152 Y131.216 E1.0973
G1 X141.118 Y130.442 F30000
G1 F7732.548
G1 X129.187 Y142.373 E1.14312
G1 X128.675 Y142.077 F30000
G1 F7732.548
G1 X140.738 Y130.014 E1.15573
G1 X140.225 Y129.719 F30000
G1 F7732.548
G1 X128.162 Y141.782 E1.15573
G1 X127.65 Y141.486 F30000
G1 F7732.548
G1 X139.713 Y129.423 E1.15573
G1 X139.201 Y129.127 F30000
G1 F7732.548
G1 X127.138 Y141.19 E1.15573
G1 X126.625 Y140.894 F30000
G1 F7732.548
G1 X138.689 Y128.831 E1.15573
G1 X138.176 Y128.536 F30000
G1 F7732.548
G1 X126.113 Y140.599 E1.15573
G1 X125.601 Y140.303 F30000
G1 F7732.548
G1 X137.664 Y128.24 E1.15573
G1 X137.152 Y127.944 F30000
G1 F7732.548
G1 X125.089 Y140.007 E1.15573
G1 X124.708 Y139.58 F30000
G1 F7732.548
G1 X136.639 Y127.648 E1.14311
G1 X136.127 Y127.352 F30000
G1 F7732.548
G1 X124.674 Y138.806 E1.0973
G1 X124.674 Y137.998 F30000
M73 P96 R0
G1 F7732.548
G1 X135.615 Y127.057 E1.04822
G1 X135.102 Y126.761 F30000
G1 F7732.548
G1 X124.674 Y137.19 E.99914
G1 X124.674 Y136.381 F30000
G1 F7732.548
G1 X134.59 Y126.465 E.95006
G1 X134.078 Y126.169 F30000
G1 F7732.548
G1 X124.674 Y135.573 E.90097
G1 X124.674 Y134.765 F30000
G1 F7732.548
G1 X133.566 Y125.874 E.85189
G1 X133.024 Y125.607 F30000
G1 F7732.548
G1 X124.674 Y133.957 E.80004
G1 X124.674 Y133.149 F30000
G1 F7732.548
G1 X131.524 Y126.299 E.65632
G1 E-.692 F1800
;WIPE_START
G1 F30000
G1 X130.252 Y127.572 E-.108
;WIPE_END
G1 X129.612 Y127.403 Z3.4
G1 Z3
G1 E.8 F1800
G1 F7732.548
G1 X124.674 Y132.341 E.47315
G1 X124.674 Y131.533 F30000
G1 F7732.548
G1 X127.701 Y128.506 E.28998
G1 E-.692 F1800
;WIPE_START
G1 F30000
G1 X126.428 Y129.779 E-.108
;WIPE_END
G1 X125.789 Y129.61 Z3.4
G1 Z3
G1 E.8 F1800
G1 F7732.548
G1 X124.674 Y130.725 E.10681
G1 E-.7054 F1800
;WIPE_START
G1 F30000
G1 X125.789 Y129.61 E-.0946
;WIPE_END
EXCLUDE_OBJECT_END NAME=japanese_kikko_Top.stl_id_0_copy_0
EXCLUDE_OBJECT_START NAME=japanese_kikko_Bottom.stl_id_1_copy_0
G1 X128.832 Y122.611 Z3.4
G1 X129.126 Y121.935 Z3.4
G1 Z3
G1 E.8 F1800
SET_VELOCITY_LIMIT ACCEL=10000
;TYPE:Inner wall
;WIDTH:0.62
G1 F7951.957
G3 X129.473 Y121.232 I.338 J-.27 E.0646
G1 X129.498 Y121.233 E.00164
G3 X129.166 Y121.979 I-.034 J.432 E.109
SET_VELOCITY_LIMIT ACCEL=5000
G1 X128.708 Y122.31 F30000
;TYPE:Outer wall
G1 F7951.957
G1 X128.691 Y122.291 E.0017
G3 X129.552 Y120.679 I.765 J-.627 E.15348
G3 X129.648 Y122.635 I-.098 J.985 E.18547
G3 X128.828 Y122.429 I-.192 J-.971 E.05758
G1 X128.751 Y122.353 E.00712
G1 E-.692 F1800
;WIPE_START
G1 F30000
G1 X128.691 Y122.291 E-.00514
G1 X128.582 Y122.131 E-.01164
G1 X128.484 Y121.857 E-.01742
G1 X128.465 Y121.664 E-.01164
G1 X128.484 Y121.471 E-.01164
G1 X128.541 Y121.286 E-.01164
G1 X128.632 Y121.114 E-.01164
G1 X128.755 Y120.964 E-.01164
G1 X128.964 Y120.81 E-.0156
;WIPE_END
G1 X121.342 Y121.206 Z3.4
G1 X117.078 Y121.428 Z3.4
G1 Z3
G1 E.8 F1800
SET_VELOCITY_LIMIT ACCEL=10000
;TYPE:Inner wall
G1 F7951.957
G1 X117.124 Y121.499 E.00556
G3 X116.809 Y122.089 I-.401 J.166 E.0504
M73 P97 R0
G3 X116.767 Y121.233 I-.084 J-.425 E.09802
G3 X117.031 Y121.358 I-.043 J.431 E.01961
G1 X117.044 Y121.378 E.00161
SET_VELOCITY_LIMIT ACCEL=5000
G1 X117.546 Y121.113 F30000
;TYPE:Outer wall
G1 F7951.957
G1 X117.546 Y121.115 E.00015
G3 X116.918 Y122.635 I-.823 J.549 E.12789
G3 X116.821 Y120.679 I-.192 J-.971 E.22384
G3 X117.424 Y120.965 I-.098 J.985 E.04478
G1 X117.508 Y121.067 E.00869
G1 E-.692 F1800
;WIPE_START
G1 F30000
G1 X117.546 Y121.115 E-.00372
G1 X117.639 Y121.286 E-.01163
G1 X117.695 Y121.471 E-.01164
G1 X117.714 Y121.664 E-.01164
G1 X117.695 Y121.857 E-.01164
G1 X117.639 Y122.043 E-.01164
G1 X117.489 Y122.292 E-.01742
G1 X117.274 Y122.487 E-.01742
G1 X117.109 Y122.575 E-.01124
;WIPE_END
G1 X117.113 Y114.943 Z3.4
G1 X117.113 Y114.522 Z3.4
G1 Z3
G1 E.8 F1800
SET_VELOCITY_LIMIT ACCEL=10000
;TYPE:Inner wall
G1 F7951.957
G3 X116.742 Y113.882 I-.38 J-.207 E.12073
G1 X116.767 Y113.883 E.00164
G3 X117.138 Y114.468 I-.034 J.432 E.0529
SET_VELOCITY_LIMIT ACCEL=5000
G1 X117.637 Y114.696 F30000
;TYPE:Outer wall
G1 F7951.957
G1 X117.489 Y114.942 E.01885
G3 X116.918 Y115.285 I-.766 J-.627 E.04478
G3 X116.821 Y113.329 I-.192 J-.971 E.22384
G3 X117.658 Y114.64 I-.098 J.985 E.11782
M106 S127
;LAYER_CHANGE
;Z:3.3
;HEIGHT:0.3
;BEFORE_LAYER_CHANGE
;3.3
G92 E0

G1 E-.692 F1800
;WIPE_START
G1 F30000
G1 X117.489 Y114.942 E-.02072
G1 X117.274 Y115.137 E-.01742
G1 X117.103 Y115.229 E-.01164
G1 X116.918 Y115.285 E-.01164
G1 X116.724 Y115.304 E-.01164
G1 X116.437 Y115.261 E-.01742
G1 X116.258 Y115.187 E-.01164
G1 X116.177 Y115.133 E-.00588
;WIPE_END
EXCLUDE_OBJECT_END NAME=japanese_kikko_Bottom.stl_id_1_copy_0
M73 L11
;LAYER:11
SET_PRINT_STATS_INFO TOTAL_LAYER=12 CURRENT_LAYER=11
;_SET_FAN_SPEED_CHANGING_LAYER
EXCLUDE_OBJECT_START NAME=japanese_kikko_Bottom.stl_id_1_copy_0
G17
G3 Z3.7 I-.567 J1.077 P1
G1 X129.168 Y121.978 Z3.7
G1 Z3.3
G1 E.8 F1800
SET_VELOCITY_LIMIT ACCEL=10000
;TYPE:Inner wall
G1 F1200
G1 X129.12 Y121.939 E.00407
G3 X129.455 Y121.231 I.335 J-.275 E.06443
G1 X129.498 Y121.233 E.0028
G3 X129.251 Y122.046 I-.042 J.431 E.10082
G1 X129.214 Y122.016 E.0031
SET_VELOCITY_LIMIT ACCEL=5000
G1 X128.813 Y122.411 F30000
;TYPE:Outer wall
G1 F1200
G1 X128.753 Y122.366 E.00492
G3 X129.358 Y120.679 I.696 J-.702 E.14775
G3 X129.525 Y120.678 I.09 J.846 E.011
G3 X128.904 Y122.489 I-.075 J.986 E.23774
G1 X128.858 Y122.45 E.00395
G1 E-.692 F1800
;WIPE_START
G1 F30000
G1 X128.753 Y122.366 E-.00808
G1 X128.632 Y122.214 E-.01166
G1 X128.541 Y122.043 E-.01164
G1 X128.484 Y121.857 E-.01164
G1 X128.465 Y121.664 E-.01164
G1 X128.484 Y121.471 E-.01164
G1 X128.541 Y121.286 E-.01164
G1 X128.632 Y121.114 E-.01164
G1 X128.755 Y120.964 E-.01164
G1 X128.843 Y120.893 E-.00678
;WIPE_END
G1 X121.217 Y121.214 Z3.7
G1 X117.059 Y121.389 Z3.7
G1 Z3.3
G1 E.8 F1800
SET_VELOCITY_LIMIT ACCEL=10000
;TYPE:Inner wall
G1 F1200
G3 X116.724 Y121.231 I-.335 J.275 E.15403
G1 X116.767 Y121.233 E.0028
G3 X117.018 Y121.346 I-.042 J.431 E.01846
SET_VELOCITY_LIMIT ACCEL=5000
G1 X117.545 Y121.111 F30000
;TYPE:Outer wall
G1 F1200
G1 X117.543 Y121.117 E.00043
G3 X116.627 Y120.679 I-.824 J.547 E.33913
G3 X116.794 Y120.678 I.09 J.846 E.011
G3 X117.421 Y120.968 I-.075 J.986 E.04646
G1 X117.505 Y121.066 E.00852
G1 E-.692 F1800
;WIPE_START
G1 F30000
G1 X117.543 Y121.117 E-.00383
G1 X117.639 Y121.286 E-.01161
G1 X117.695 Y121.471 E-.01164
G1 X117.714 Y121.664 E-.01164
G1 X117.695 Y121.857 E-.01164
G1 X117.639 Y122.043 E-.01164
G1 X117.547 Y122.214 E-.01164
G1 X117.424 Y122.364 E-.01164
G1 X117.274 Y122.487 E-.01164
G1 X117.112 Y122.574 E-.01107
;WIPE_END
G1 X117.124 Y114.942 Z3.7
G1 X117.125 Y114.48 Z3.7
G1 Z3.3
G1 E.8 F1800
SET_VELOCITY_LIMIT ACCEL=10000
;TYPE:Inner wall
G1 F1200
G3 X116.724 Y113.881 I-.4 J-.166 E.12322
G1 X116.767 Y113.883 E.0028
G3 X117.144 Y114.423 I-.042 J.431 E.04927
SET_VELOCITY_LIMIT ACCEL=5000
G1 X117.637 Y114.697 F30000
;TYPE:Outer wall
G1 F1200
G1 X117.543 Y114.861 E.01246
G3 X116.627 Y113.329 I-.824 J-.547 E.26279
G3 X116.794 Y113.328 I.09 J.846 E.011
G3 X117.652 Y114.641 I-.075 J.986 E.11932
M73 P98 R0
;LAYER_CHANGE
;Z:3.6
;HEIGHT:0.3
;BEFORE_LAYER_CHANGE
;3.6
G92 E0

G1 E-.692 F1800
;WIPE_START
G1 F30000
G1 X117.543 Y114.861 E-.01473
G1 X117.424 Y115.014 E-.01161
G1 X117.274 Y115.137 E-.01164
G1 X117.103 Y115.229 E-.01164
G1 X116.918 Y115.285 E-.01164
G1 X116.724 Y115.304 E-.01164
G1 X116.531 Y115.285 E-.01164
G1 X116.346 Y115.229 E-.01164
G1 X116.175 Y115.137 E-.01164
G1 X116.172 Y115.135 E-.00018
;WIPE_END
EXCLUDE_OBJECT_END NAME=japanese_kikko_Bottom.stl_id_1_copy_0
M73 L12
;LAYER:12
SET_PRINT_STATS_INFO TOTAL_LAYER=12 CURRENT_LAYER=12
;_SET_FAN_SPEED_CHANGING_LAYER
EXCLUDE_OBJECT_START NAME=japanese_kikko_Bottom.stl_id_1_copy_0
G17
G3 Z4 I-.589 J1.065 P1
G1 X128.926 Y122.193 Z4
G1 Z3.6
G1 E.8 F1800
G1 F1200
G3 X129.382 Y120.923 I.523 J-.529 E.11137
G3 X129.49 Y120.921 I.063 J.547 E.00713
G3 X128.97 Y122.234 I-.041 J.743 E.18553
G1 X129.26 Y122.085 F30000
SET_VELOCITY_LIMIT ACCEL=2000
;TYPE:Top surface
;WIDTH:0.731124
G1 F1200
G1 X129.876 Y121.469 E.06886
G1 E-.74773 F1800
;WIPE_START
G1 F30000
G1 X129.26 Y122.085 E-.05227
;WIPE_END
G1 X121.646 Y121.554 Z4
G1 X117.339 Y121.254 Z4
G1 Z3.6
G1 E.8 F1800
SET_VELOCITY_LIMIT ACCEL=5000
;TYPE:Outer wall
;WIDTH:0.62
G1 F1200
G3 X116.651 Y120.923 I-.621 J.411 E.25522
G3 X116.759 Y120.921 I.063 J.547 E.00713
G3 X117.304 Y121.205 I-.041 J.743 E.04168
G1 X116.53 Y122.085 F30000
SET_VELOCITY_LIMIT ACCEL=2000
;TYPE:Top surface
;WIDTH:0.731124
G1 F1200
G1 X117.146 Y121.469 E.06886
G1 E-.74773 F1800
;WIPE_START
G1 F30000
G1 X116.53 Y122.085 E-.05227
;WIPE_END
G1 X117.407 Y114.597 Z4
G1 Z3.6
G1 E.8 F1800
SET_VELOCITY_LIMIT ACCEL=5000
;TYPE:Outer wall
;WIDTH:0.62
G1 F1200
G3 X116.651 Y113.573 I-.688 J-.283 E.20748
G3 X116.759 Y113.571 I.063 J.547 E.00713
G3 X117.427 Y114.54 I-.041 J.743 E.08942
G1 X116.53 Y114.735 F30000
SET_VELOCITY_LIMIT ACCEL=2000
;TYPE:Top surface
;WIDTH:0.731124
G1 F1200
G1 X117.146 Y114.119 E.06886
G1 E-.74773 F1800
;WIPE_START
G1 F30000
G1 X116.53 Y114.735 E-.05227
;WIPE_END
EXCLUDE_OBJECT_END NAME=japanese_kikko_Bottom.stl_id_1_copy_0
M106 S0
M106 P2 S0
;TYPE:Custom
; filament end gcode 
;===== CC2_END_GCODE ================
;===== date: 2026-01-16-001 =====================


M140 S0 ;Turn-off bed
M83
G92 E0 ; zero the extruder
G1 E-1.5 F1800
G2 I0 J1 Z4.1 F3000 ; lower z a little
M106 S0
M106 P2 S0
G90
G1 Z80 F20000 ; Move print head up 
G180 S9
M104 S0
M84
M73 P100 R0
; EXECUTABLE_BLOCK_END

; filament used [mm] = 744.55, 0.00, 0.00, 0.00
; filament used [cm3] = 1.79, 0.00, 0.00, 0.00
; filament used [g] = 2.24, 0.00, 0.00, 0.00
; filament cost = 0.04, 0.00, 0.00, 0.00
; total filament used [g] = 2.24
; total filament cost = 0.04
; total layers count = 12
; estimated printing time (normal mode) = 5m 6s
; estimated first layer printing time (normal mode) = 1m 50s

; CONFIG_BLOCK_START
; accel_to_decel_enable = 0
; accel_to_decel_factor = 50%
; activate_air_filtration = 0,0,0,0
; activate_air_filtration_during_print = 1,1,1,1
; activate_air_filtration_on_completion = 1,1,1,1
; activate_chamber_temp_control = 0,0,0,0
; adaptive_bed_mesh_margin = 0
; adaptive_pressure_advance = 0,0,0,0
; adaptive_pressure_advance_bridges = 0,0,0,0
; adaptive_pressure_advance_model = "0,0,0\n0,0,0";"0,0,0\n0,0,0";"0,0,0\n0,0,0";"0,0,0\n0,0,0"
; adaptive_pressure_advance_overhangs = 0,0,0,0
; additional_cooling_fan_speed = 0,0,0,0
; additional_fan_full_speed_layer = 0,0,0,0
; align_infill_direction_to_model = 0
; alternate_extra_wall = 0
; auxiliary_fan = 1
; bbl_calib_mark_logo = 1
; bbl_use_printhost = 0
; bed_custom_model = 
; bed_custom_texture = 
; bed_exclude_area = 246x0,256x0,256x20,246x20
; bed_mesh_max = 243,245
; bed_mesh_min = 10,10
; bed_mesh_probe_distance = 22,22
; bed_temperature_formula = by_highest_temp
; bed_texture_area = 0x-10,256x-10,256x256,0x256
; before_layer_change_gcode = ;BEFORE_LAYER_CHANGE\n;[layer_z]\nG92 E0\n
; best_object_pos = 0.5,0.5
; bottom_shell_layers = 4
; bottom_shell_thickness = 0.8
; bottom_solid_infill_flow_ratio = 1
; bottom_surface_density = 100%
; bottom_surface_filament_id = 0
; bottom_surface_pattern = monotonic
; bridge_acceleration = 50%
; bridge_angle = 0
; bridge_density = 100%
; bridge_flow = 1
; bridge_line_width = 100%
; bridge_no_support = 0
; bridge_speed = 30
; brim_ears_detection_length = 1
; brim_ears_max_angle = 125
; brim_flow_ratio = 1
; brim_object_gap = 0.1
; brim_type = outer_only
; brim_use_efc_outline = 0
; brim_width = 8
; calib_flowrate_topinfill_special_order = 0
; chamber_minimal_temperature = 0,0,0,0
; chamber_temperature = 0,0,0,0
; change_extrusion_role_gcode = 
; change_filament_gcode = \n;==========CC2_CHANGE_FILAMENT_GCODE==========\n;===== date: 2026-01-16-001 =====================\nM106 S0\nM106 P2 S0\nG1 Z{min(max_layer_z+3, printable_height+0.5)} F1200\nM6211 T[next_extruder] L[flush_length] M{old_filament_e_feedrate} N{new_filament_e_feedrate} Q[old_filament_temp] R[nozzle_temperature_range_high] S[new_filament_temp]\nT[next_extruder]\n
; close_additional_fan_first_x_layers = 1,1,1,1
; close_fan_the_first_x_layers = 3,3,3,3
; combine_brims = 0
; complete_print_exhaust_fan_speed = 70,70,70,70
; cool_plate_temp = 85,85,85,85
; cool_plate_temp_initial_layer = 85,85,85,85
; cooling_tube_length = 5
; cooling_tube_retraction = 90
; counterbore_hole_bridging = none
; curr_bed_type = Textured PEI Plate
; default_acceleration = 10000
; default_bed_type = 4
; default_filament_colour = ;;;
; default_filament_profile = "Elegoo PLA @ECC2"
; default_jerk = 0
; default_junction_deviation = 0
; default_nozzle_volume_type = Standard
; default_print_profile = 0.30mm Standard @Elegoo CC2 0.6 nozzle
; deretraction_speed = 30
; detect_narrow_internal_solid_infill = 1
; detect_overhang_wall = 1
; detect_thin_wall = 0
; different_settings_to_system = ;;;;;
; disable_m73 = 0
; dont_filter_internal_bridges = disabled
; dont_slow_down_outer_wall = 0,0,0,0
; draft_shield = disabled
; during_print_exhaust_fan_speed = 70,70,70,70
; elefant_foot_compensation = 0.15
; elefant_foot_compensation_layers = 1
; elefant_foot_layers_density = 100%
; emit_machine_limits_to_gcode = 1
; enable_arc_fitting = 1
; enable_extra_bridge_layer = disabled
; enable_filament_ramming = 0
; enable_long_retraction_when_cut = 0
; enable_overhang_bridge_fan = 1,1,1,1
; enable_overhang_speed = 1
; enable_power_loss_recovery = printer_configuration
; enable_pressure_advance = 1,1,1,1
; enable_prime_tower = 0
; enable_support = 0
; enable_tower_interface_cooldown_during_tower = 0
; enable_tower_interface_features = 0
; enable_wrapping_detection = 0
; enforce_support_layers = 0
; eng_plate_temp = 85,85,85,85
; eng_plate_temp_initial_layer = 85,85,85,85
; ensure_vertical_shell_thickness = ensure_all
; exclude_object = 1
; extra_loading_move = -2
; extra_perimeters_on_overhangs = 0
; extra_solid_infills = 
; extruder_ams_count = 1#0|4#0;1#0|4#0
; extruder_clearance_height_to_lid = 90
; extruder_clearance_height_to_rod = 36
; extruder_clearance_radius = 68
; extruder_colour = #80FF80;#FF0000;#FFFFFF;#0000FF
; extruder_offset = 0x1.5
; extruder_printable_area = 
; extruder_printable_height = 0
; extruder_type = Direct Drive
; extruder_variant_list = "Direct Drive Standard"
; extrusion_rate_smoothing_external_perimeter_only = 0
; fan_cooling_layer_time = 80,80,80,80
; fan_kickstart = 0
; fan_max_speed = 50,50,50,50
; fan_min_speed = 30,30,30,30
; fan_speedup_overhangs = 1
; fan_speedup_time = 0.5
; filament_adaptive_volumetric_speed = 0,0,0,0
; filament_adhesiveness_category = 0,0,0,0
; filament_change_extrusion_role_gcode = ;;;
; filament_change_length = 10,10,10,10
; filament_colour = #80FF80;#FF0000;#FFFFFF;#0000FF
; filament_colour_type = 1;1;1;1
; filament_cooling_before_tower = 10,10,10,10
; filament_cooling_final_speed = 3.4,3.4,3.4,3.4
; filament_cooling_initial_speed = 2.2,2.2,2.2,2.2
; filament_cooling_moves = 4,4,4,4
; filament_cost = 20,20,20,20
; filament_density = 1.25,1.25,1.25,1.25
; filament_diameter = 1.75,1.75,1.75,1.75
; filament_end_gcode = "; filament end gcode \n";"; filament end gcode \n";"; filament end gcode \n";"; filament end gcode \n"
; filament_extruder_variant = "Direct Drive Standard";"Direct Drive Standard";"Direct Drive Standard";"Direct Drive Standard"
; filament_flow_ratio = 0.98,0.98,0.98,0.98
; filament_flush_temp = 0,0,0,0
; filament_flush_volumetric_speed = 0,0,0,0
; filament_ids = EPLAB00;EPLAB00;EPLAB00;EPLAB00
; filament_is_support = 0,0,0,0
; filament_loading_speed = 28,28,28,28
; filament_loading_speed_start = 3,3,3,3
; filament_map = 1,1,1,1
; filament_map_mode = Auto For Flush
; filament_max_volumetric_speed = 21,21,21,21
; filament_minimal_purge_on_wipe_tower = 15,15,15,15
; filament_multi_colour = #80FF80;#FF0000;#FFFFFF;#0000FF
; filament_multitool_ramming = 0,0,0,0
; filament_multitool_ramming_flow = 10,10,10,10
; filament_multitool_ramming_volume = 10,10,10,10
; filament_notes = ;;;
; filament_printable = 3,3,3,3
; filament_ramming_parameters = "120 100 6.6 6.8 7.2 7.6 7.9 8.2 8.7 9.4 9.9 10.0| 0.05 6.6 0.45 6.8 0.95 7.8 1.45 8.3 1.95 9.7 2.45 10 2.95 7.6 3.45 7.6 3.95 7.6 4.45 7.6 4.95 7.6";"120 100 6.6 6.8 7.2 7.6 7.9 8.2 8.7 9.4 9.9 10.0| 0.05 6.6 0.45 6.8 0.95 7.8 1.45 8.3 1.95 9.7 2.45 10 2.95 7.6 3.45 7.6 3.95 7.6 4.45 7.6 4.95 7.6";"120 100 6.6 6.8 7.2 7.6 7.9 8.2 8.7 9.4 9.9 10.0| 0.05 6.6 0.45 6.8 0.95 7.8 1.45 8.3 1.95 9.7 2.45 10 2.95 7.6 3.45 7.6 3.95 7.6 4.45 7.6 4.95 7.6";"120 100 6.6 6.8 7.2 7.6 7.9 8.2 8.7 9.4 9.9 10.0| 0.05 6.6 0.45 6.8 0.95 7.8 1.45 8.3 1.95 9.7 2.45 10 2.95 7.6 3.45 7.6 3.95 7.6 4.45 7.6 4.95 7.6"
; filament_self_index = 1,2,3,4
; filament_settings_id = "Prusament PETG Ultraglow @ECC2 0.6(g06-japanese_kikko-petg.3mf)(g06-japanese_kikko-petg.3mf)";"Prusament PETG Ultraglow @ECC2 0.6(g06-japanese_kikko-petg.3mf)(g06-japanese_kikko-petg.3mf)";"Prusament PETG Ultraglow @ECC2 0.6(g06-japanese_kikko-petg.3mf)(g06-japanese_kikko-petg.3mf)";"Prusament PETG Ultraglow @ECC2 0.6(g06-japanese_kikko-petg.3mf)(g06-japanese_kikko-petg.3mf)"
; filament_shrink = 100%,100%,100%,100%
; filament_shrinkage_compensation_z = 100%,100%,100%,100%
; filament_soluble = 0,0,0,0
; filament_stamping_distance = 0,0,0,0
; filament_stamping_loading_speed = 0,0,0,0
; filament_start_gcode = "; filament start gcode\n{if  (bed_temperature[current_extruder] >55)||(bed_temperature_initial_layer[current_extruder] >55)}M106 P3 S200\n{elsif(bed_temperature[current_extruder] >50)||(bed_temperature_initial_layer[current_extruder] >50)}M106 P3 S150\n{elsif(bed_temperature[current_extruder] >45)||(bed_temperature_initial_layer[current_extruder] >45)}M106 P3 S50\n{endif}\n\n{if activate_air_filtration[current_extruder] && support_air_filtration}\nM106 P3 S{during_print_exhaust_fan_speed_num[current_extruder]} \n{endif}";"; filament start gcode\n{if  (bed_temperature[current_extruder] >55)||(bed_temperature_initial_layer[current_extruder] >55)}M106 P3 S200\n{elsif(bed_temperature[current_extruder] >50)||(bed_temperature_initial_layer[current_extruder] >50)}M106 P3 S150\n{elsif(bed_temperature[current_extruder] >45)||(bed_temperature_initial_layer[current_extruder] >45)}M106 P3 S50\n{endif}\n\n{if activate_air_filtration[current_extruder] && support_air_filtration}\nM106 P3 S{during_print_exhaust_fan_speed_num[current_extruder]} \n{endif}";"; filament start gcode\n{if  (bed_temperature[current_extruder] >55)||(bed_temperature_initial_layer[current_extruder] >55)}M106 P3 S200\n{elsif(bed_temperature[current_extruder] >50)||(bed_temperature_initial_layer[current_extruder] >50)}M106 P3 S150\n{elsif(bed_temperature[current_extruder] >45)||(bed_temperature_initial_layer[current_extruder] >45)}M106 P3 S50\n{endif}\n\n{if activate_air_filtration[current_extruder] && support_air_filtration}\nM106 P3 S{during_print_exhaust_fan_speed_num[current_extruder]} \n{endif}";"; filament start gcode\n{if  (bed_temperature[current_extruder] >55)||(bed_temperature_initial_layer[current_extruder] >55)}M106 P3 S200\n{elsif(bed_temperature[current_extruder] >50)||(bed_temperature_initial_layer[current_extruder] >50)}M106 P3 S150\n{elsif(bed_temperature[current_extruder] >45)||(bed_temperature_initial_layer[current_extruder] >45)}M106 P3 S50\n{endif}\n\n{if activate_air_filtration[current_extruder] && support_air_filtration}\nM106 P3 S{during_print_exhaust_fan_speed_num[current_extruder]} \n{endif}"
; filament_toolchange_delay = 0,0,0,0
; filament_tower_interface_pre_extrusion_dist = 10,10,10,10
; filament_tower_interface_pre_extrusion_length = 0,0,0,0
; filament_tower_interface_print_temp = -1,-1,-1,-1
; filament_tower_interface_purge_volume = 20,20,20,20
; filament_tower_ironing_area = 4,4,4,4
; filament_type = PETG;PETG;PETG;PETG
; filament_unloading_speed = 90,90,90,90
; filament_unloading_speed_start = 100,100,100,100
; filament_vendor = Elegoo;Elegoo;Elegoo;Elegoo
; file_start_gcode = 
; filename_format = ECC2_{nozzle_diameter[0]}_{input_filename_base}_{filament_name}_{layer_height}_{print_time}.gcode
; fill_multiline = 1
; filter_out_gap_fill = 1
; first_layer_flow_ratio = 1
; first_layer_print_sequence = 0
; first_x_layer_fan_speed = 0,0,0,0
; flashforge_serial_number = 
; flush_into_infill = 0
; flush_into_objects = 0
; flush_into_support = 1
; flush_multiplier = 1
; flush_volumes_matrix = 0,359,368,368,643,0,693,344,230,369,0,379,723,500,768,0
; flush_volumes_vector = 140,140,140,140,140,140,140,140
; full_fan_speed_layer = 5,5,5,5
; fuzzy_skin = disabled_fuzzy
; fuzzy_skin_first_layer = 0
; fuzzy_skin_layers_between_ripple_offset = 1
; fuzzy_skin_mode = displacement
; fuzzy_skin_noise_type = classic
; fuzzy_skin_octaves = 4
; fuzzy_skin_persistence = 0.5
; fuzzy_skin_point_distance = 0.3
; fuzzy_skin_ripple_offset = 50%
; fuzzy_skin_ripples_per_layer = 15
; fuzzy_skin_scale = 1
; fuzzy_skin_thickness = 0.2
; gap_fill_flow_ratio = 1
; gap_fill_target = everywhere
; gap_infill_speed = 80
; gcode_add_line_number = 0
; gcode_comments = 0
; gcode_flavor = klipper
; gcode_label_objects = 0
; grab_length = 0
; gyroid_optimized = 0
; has_scarf_joint_seam = 0
; head_wrap_detect_zone = 
; high_current_on_filament_swap = 0
; hole_to_polyhole = 0
; hole_to_polyhole_threshold = 0.01
; hole_to_polyhole_twisted = 1
; host_type = elegoolink
; hot_plate_temp = 85,85,85,85
; hot_plate_temp_initial_layer = 85,85,85,85
; idle_temperature = 0,0,0,0
; independent_support_layer_height = 1
; infill_anchor = 400%
; infill_anchor_max = 40
; infill_combination = 0
; infill_combination_max_layer_height = 100%
; infill_direction = 45
; infill_jerk = 9
; infill_lock_depth = 1
; infill_overhang_angle = 60
; infill_shift_step = 0.4
; infill_wall_overlap = 15%
; inherits_group = "0.30mm Standard @Elegoo CC2 0.6 nozzle";;;;;
; initial_layer_acceleration = 500
; initial_layer_infill_speed = 55
; initial_layer_jerk = 9
; initial_layer_line_width = 0.8
; initial_layer_min_bead_width = 85%
; initial_layer_print_height = 0.3
; initial_layer_speed = 35
; initial_layer_travel_acceleration = 100%
; initial_layer_travel_jerk = 100%
; initial_layer_travel_speed = 100%
; inner_wall_acceleration = 0
; inner_wall_filament_id = 0
; inner_wall_flow_ratio = 1
; inner_wall_jerk = 9
; inner_wall_line_width = 0.62
; inner_wall_speed = 150
; input_shaping_damp_x = 0.1
; input_shaping_damp_y = 0.1
; input_shaping_emit = 0
; input_shaping_freq_x = 0
; input_shaping_freq_y = 0
; input_shaping_type = Default
; interface_shells = 0
; interlocking_beam = 0
; interlocking_beam_layer_count = 2
; interlocking_beam_width = 0.8
; interlocking_boundary_avoidance = 2
; interlocking_depth = 2
; interlocking_orientation = 22.5
; internal_bridge_angle = 0
; internal_bridge_density = 100%
; internal_bridge_fan_speed = -1,-1,-1,-1
; internal_bridge_flow = 0.95
; internal_bridge_speed = 150%
; internal_solid_filament_id = 0
; internal_solid_infill_acceleration = 100%
; internal_solid_infill_flow_ratio = 1
; internal_solid_infill_line_width = 0.62
; internal_solid_infill_pattern = monotonic
; internal_solid_infill_speed = 150
; ironing_angle = 0
; ironing_angle_fixed = 0
; ironing_expansion = 0
; ironing_fan_speed = -1,-1,-1,-1
; ironing_flow = 10%
; ironing_inset = 0
; ironing_pattern = rectilinear
; ironing_spacing = 0.15
; ironing_speed = 30
; ironing_type = no ironing
; is_infill_first = 0
; lateral_lattice_angle_1 = -45
; lateral_lattice_angle_2 = 45
; layer_change_gcode = M73 L{layer_num+1}\n;LAYER:{layer_num+1}\nSET_PRINT_STATS_INFO TOTAL_LAYER=[total_layer_count] CURRENT_LAYER={layer_num+1}
; layer_height = 0.3
; lightning_overhang_angle = 45
; lightning_prune_angle = 45
; lightning_straightening_angle = 45
; line_width = 0.62
; long_retractions_when_cut = 0
; long_retractions_when_ec = 0,0,0,0
; machine_end_gcode = ;===== CC2_END_GCODE ================\n;===== date: 2026-01-16-001 =====================\n\n\nM140 S0 ;Turn-off bed\nM83\nG92 E0 ; zero the extruder\nG1 E-1.5 F1800\nG2 I0 J1 Z{max_layer_z+0.5} F3000 ; lower z a little\nM106 S0\nM106 P2 S0\nG90\n{if max_layer_z > 75}G1 Z{min(max_layer_z+5, printable_height+0.5)} F20000{else}G1 Z80 F20000 {endif}; Move print head up \nG180 S9\nM104 S0\nM84\n
; machine_load_filament_time = 51
; machine_max_acceleration_e = 5000,5000
; machine_max_acceleration_extruding = 20000,20000
; machine_max_acceleration_retracting = 5000,5000
; machine_max_acceleration_travel = 20000,20000
; machine_max_acceleration_x = 20000,20000
; machine_max_acceleration_y = 20000,20000
; machine_max_acceleration_z = 500,500
; machine_max_jerk_e = 1,1
; machine_max_jerk_x = 9,9
; machine_max_jerk_y = 9,9
; machine_max_jerk_z = 3,3
; machine_max_junction_deviation = 0.01
; machine_max_speed_e = 30,30
; machine_max_speed_x = 500,200
; machine_max_speed_y = 500,200
; machine_max_speed_z = 20,20
; machine_min_extruding_rate = 0,0
; machine_min_travel_rate = 0,0
; machine_pause_gcode = M600
; machine_start_gcode = ;===== CC2_START_GCODE ================\n;===== date: 2026-01-16-001 =====================\n\nG90\nM104 S140\nM140 S[bed_temperature_initial_layer_single]\nM190 S[bed_temperature_initial_layer_single] A\nM106 S0\nBED_MESH_CALIBRATE mesh_min={adaptive_bed_mesh_min[0]},{adaptive_bed_mesh_min[1]} mesh_max={adaptive_bed_mesh_max[0]},{adaptive_bed_mesh_max[1]} ALGORITHM=[bed_mesh_algo] PROBE_COUNT={bed_mesh_probe_count[0]},{bed_mesh_probe_count[1]} ADAPTIVE=0 ADAPTIVE_MARGIN=0 FROM_SLICER=1\nM204 S{min(20000,max(1000,outer_wall_acceleration))} ;Call exterior wall print acceleration\nG28\nM109 S[nozzle_temperature_initial_layer]\nM6211 A1 L200 T[initial_no_support_extruder] Q[nozzle_temperature_initial_layer] R[nozzle_temperature_initial_layer] S[nozzle_temperature_initial_layer]\nT[initial_no_support_extruder]\n\n{if first_layer_print_min[1] > 0.5}\nG180 S7\nG1 X{print_bed_max[0]*0.5-1} Y-1.2 F20000\nG1 Z0.5 F900\nM109 S[nozzle_temperature_initial_layer]\nM83\nG92 E0 ;Reset Extruder\nG1 E6 F{min(1200, max(120, filament_max_volumetric_speed[initial_no_support_extruder]*60/2/2.5043))} \nM106 S200\nG1 X{print_bed_max[0]*0.5-41} E20 F{min(12000, max(1200, filament_max_volumetric_speed[initial_no_support_extruder]*60/2/2.5043))} \nG1 F6000\nG1 X{print_bed_max[0]*0.5-46} E0.8\n{else}\nG1 E30 F{min(1200, max(120, filament_max_volumetric_speed[initial_no_support_extruder]*60/2/2.5043))}\n{endif}\nM106 S0\nG180 S8\nG1 F20000\nG92 E0 ;Reset Extruder\nSET_PRINT_STATS_INFO TOTAL_LAYER=[total_layer_count] CURRENT_LAYER=0\n;LAYER_COUNT:[total_layer_count]\n;LAYER:0
; machine_tool_change_time = 0
; machine_unload_filament_time = 0
; make_overhang_printable = 0
; make_overhang_printable_angle = 55
; make_overhang_printable_hole_size = 0
; manual_filament_change = 0
; master_extruder_id = 1
; max_bridge_length = 10
; max_layer_height = 0.42
; max_resonance_avoidance_speed = 120
; max_travel_detour_distance = 0
; max_volumetric_extrusion_rate_slope = 0
; max_volumetric_extrusion_rate_slope_segment_length = 3
; min_bead_width = 85%
; min_feature_size = 25%
; min_layer_height = 0.12
; min_length_factor = 0.5
; min_resonance_avoidance_speed = 70
; min_skirt_length = 0
; min_width_top_surface = 50%
; minimum_sparse_infill_area = 15
; mmu_segmented_region_interlocking_depth = 0
; mmu_segmented_region_max_width = 0
; notes = 
; nozzle_diameter = 0.6
; nozzle_flush_dataset = 0
; nozzle_height = 2.5
; nozzle_hrc = 0
; nozzle_temperature = 260,260,260,260
; nozzle_temperature_initial_layer = 260,260,260,260
; nozzle_temperature_range_high = 260,260,260,260
; nozzle_temperature_range_low = 250,250,250,250
; nozzle_type = hardened_steel
; nozzle_volume = 107
; nozzle_volume_type = Standard
; only_one_wall_first_layer = 0
; only_one_wall_top = 1
; ooze_prevention = 0
; other_layers_print_sequence = 0
; other_layers_print_sequence_nums = 0
; outer_wall_acceleration = 5000
; outer_wall_filament_id = 0
; outer_wall_flow_ratio = 1
; outer_wall_jerk = 9
; outer_wall_line_width = 0.62
; outer_wall_speed = 160
; overhang_1_4_speed = 0
; overhang_2_4_speed = 50
; overhang_3_4_speed = 25
; overhang_4_4_speed = 10
; overhang_fan_speed = 100,100,100,100
; overhang_fan_threshold = 50%,50%,50%,50%
; overhang_flow_ratio = 1
; overhang_reverse = 0
; overhang_reverse_internal_only = 0
; overhang_reverse_threshold = 50%
; parallel_printheads_bed_exclude_areas = 
; parallel_printheads_count = 1
; parking_pos_retraction = 90
; part_cooling_fan_min_pwm = 0
; pellet_flow_coefficient = 0.4157,0.4157,0.4157,0.4157
; pellet_modded_printer = 0
; physical_extruder_map = 0
; post_process = 
; precise_outer_wall = 0
; precise_z_height = 0
; preferred_orientation = 0
; preheat_steps = 1
; preheat_time = 30
; pressure_advance = 0.04,0.04,0.04,0.04
; prime_tower_brim_width = 3
; prime_tower_enable_framework = 0
; prime_tower_flat_ironing = 0
; prime_tower_infill_gap = 150%
; prime_tower_skip_points = 1
; prime_tower_width = 35
; prime_volume = 45
; print_compatible_printers = "Elegoo Centauri Carbon 2 0.6 nozzle"
; print_extruder_id = 1
; print_extruder_variant = "Direct Drive Standard"
; print_flow_ratio = 0.97
; print_order = default
; print_sequence = by layer
; print_settings_id = 0.30mm Standard @Elegoo CC2 0.6 nozzle - Copy
; printable_area = 0x0,256x0,256x256,0x256
; printable_height = 256
; printer_agent = 
; printer_extruder_id = 1
; printer_extruder_variant = "Direct Drive Standard"
; printer_model = Elegoo Centauri Carbon 2
; printer_notes = 
; printer_settings_id = Elegoo Centauri Carbon 2 0.6 nozzle
; printer_structure = corexy
; printer_technology = FFF
; printer_variant = 0.6
; printhost_authorization_type = key
; printhost_ssl_ignore_revoke = 0
; printing_by_object_gcode = 
; process_change_extrusion_role_gcode = 
; purge_in_prime_tower = 0
; raft_contact_distance = 0.1
; raft_expansion = 1.5
; raft_first_layer_density = 90%
; raft_first_layer_expansion = 2
; raft_layers = 0
; reduce_crossing_wall = 0
; reduce_fan_stop_start_freq = 1,1,1,1
; reduce_infill_retraction = 0
; relative_bridge_angle = 0
; required_nozzle_HRC = 3,3,3,3
; resolution = 0.012
; resonance_avoidance = 0
; retract_before_wipe = 0%
; retract_length_toolchange = 2
; retract_lift_above = 0
; retract_lift_below = 255
; retract_lift_enforce = All Surfaces
; retract_restart_extra = 0
; retract_restart_extra_toolchange = 0.5
; retract_when_changing_layer = 1
; retraction_distances_when_cut = 18
; retraction_distances_when_ec = 10,10,10,10
; retraction_length = 0.8
; retraction_minimum_travel = 1.2
; retraction_speed = 30
; role_based_wipe_speed = 0
; scan_first_layer = 1
; scarf_angle_threshold = 155
; scarf_joint_flow_ratio = 1
; scarf_joint_speed = 100%
; scarf_overhang_threshold = 40%
; seam_gap = 10%
; seam_position = aligned
; seam_slope_conditional = 1
; seam_slope_entire_loop = 0
; seam_slope_inner_walls = 1
; seam_slope_min_length = 0
; seam_slope_start_height = 0
; seam_slope_steps = 10
; seam_slope_type = none
; set_other_flow_ratios = 0
; silent_mode = 0
; single_extruder_multi_material = 1
; single_extruder_multi_material_priming = 0
; single_loop_draft_shield = 0
; skeleton_infill_density = 25%
; skeleton_infill_line_width = 100%
; skin_infill_density = 25%
; skin_infill_depth = 2
; skin_infill_line_width = 100%
; skirt_distance = 3
; skirt_height = 1
; skirt_loops = 2
; skirt_speed = 50
; skirt_start_angle = -135
; skirt_type = combined
; slice_closing_radius = 0.049
; slicing_mode = regular
; slow_down_for_layer_cooling = 1,1,1,1
; slow_down_layer_time = 4,4,4,4
; slow_down_layers = 0
; slow_down_min_speed = 20,20,20,20
; slowdown_for_curled_perimeters = 0
; small_area_infill_flow_compensation = 0
; small_area_infill_flow_compensation_model = 0,0;"\n0.2,0.4444";"\n0.4,0.6145";"\n0.6,0.7059";"\n0.8,0.7619";"\n1.5,0.8571";"\n2,0.8889";"\n3,0.9231";"\n5,0.9520";"\n10,1"
; small_perimeter_speed = 50%
; small_perimeter_threshold = 0
; solid_infill_direction = 45
; solid_infill_rotate_template = 
; sparse_infill_acceleration = 100%
; sparse_infill_density = 15%
; sparse_infill_filament_id = 0
; sparse_infill_flow_ratio = 1
; sparse_infill_line_width = 0.62
; sparse_infill_pattern = rectilinear
; sparse_infill_rotate_template = 
; sparse_infill_speed = 200
; spiral_finishing_flow_ratio = 0
; spiral_mode = 0
; spiral_mode_max_xy_smoothing = 200%
; spiral_mode_smooth = 0
; spiral_starting_flow_ratio = 0
; staggered_inner_seams = 0
; standby_temperature_delta = -5
; start_end_points = 30x-3,54x245
; supertack_plate_temp = 85,85,85,85
; supertack_plate_temp_initial_layer = 85,85,85,85
; support_air_filtration = 0
; support_angle = 0
; support_base_pattern = rectilinear
; support_base_pattern_spacing = 2.5
; support_bottom_interface_spacing = 0.5
; support_bottom_z_distance = 0.2
; support_chamber_temp_control = 0
; support_critical_regions_only = 0
; support_expansion = 0
; support_filament = 0
; support_flow_ratio = 1
; support_interface_bottom_layers = 2
; support_interface_filament = 0
; support_interface_flow_ratio = 1
; support_interface_loop_pattern = 0
; support_interface_not_for_body = 1
; support_interface_pattern = auto
; support_interface_spacing = 0.5
; support_interface_speed = 80
; support_interface_top_layers = 2
; support_ironing = 0
; support_ironing_flow = 10%
; support_ironing_pattern = rectilinear
; support_ironing_spacing = 0.1
; support_line_width = 0.62
; support_material_interface_fan_speed = -1,-1,-1,-1
; support_mms = 1
; support_multi_bed_types = 1
; support_object_first_layer_gap = 0.2
; support_object_skip_flush = 0
; support_object_xy_distance = 0.35
; support_on_build_plate_only = 0
; support_parallel_printheads = 0
; support_remove_small_overhang = 1
; support_speed = 150
; support_style = default
; support_threshold_angle = 30
; support_threshold_overlap = 50%
; support_top_z_distance = 0.2
; support_type = normal(auto)
; support_wan_network = 1
; symmetric_infill_y_axis = 0
; temperature_vitrification = 45,45,45,45
; template_custom_gcode = 
; textured_cool_plate_temp = 85,85,85,85
; textured_cool_plate_temp_initial_layer = 85,85,85,85
; textured_plate_temp = 85,85,85,85
; textured_plate_temp_initial_layer = 85,85,85,85
; thick_bridges = 0
; thick_internal_bridges = 1
; thumbnails = 144x144/PNG
; thumbnails_format = PNG
; time_cost = 0
; time_lapse_gcode = 
; timelapse_type = 0
; tool_change_on_wipe_tower = 0
; top_bottom_infill_wall_overlap = 5%
; top_shell_layers = 3
; top_shell_thickness = 0.8
; top_solid_infill_flow_ratio = 1
; top_surface_acceleration = 2000
; top_surface_density = 100%
; top_surface_filament_id = 0
; top_surface_jerk = 9
; top_surface_line_width = 0.62
; top_surface_pattern = monotonicline
; top_surface_speed = 150
; travel_acceleration = 0
; travel_jerk = 12
; travel_slope = 3
; travel_speed = 500
; travel_speed_z = 0
; tree_support_angle_slow = 30
; tree_support_auto_brim = 1
; tree_support_branch_angle = 45
; tree_support_branch_angle_organic = 45
; tree_support_branch_diameter = 2
; tree_support_branch_diameter_angle = 5
; tree_support_branch_diameter_organic = 2
; tree_support_branch_distance = 5
; tree_support_branch_distance_organic = 5
; tree_support_brim_width = 3
; tree_support_tip_diameter = 2
; tree_support_top_rate = 30%
; tree_support_wall_count = 0
; upward_compatible_machine = 
; use_3mf = 0
; use_firmware_retraction = 0
; use_relative_e_distances = 1
; volumetric_speed_coefficients = ;;;
; wall_direction = ccw
; wall_distribution_count = 1
; wall_generator = classic
; wall_loops = 2
; wall_maximum_deviation = 0.025
; wall_maximum_resolution = 0.5
; wall_sequence = inner wall/outer wall
; wall_transition_angle = 10
; wall_transition_filter_deviation = 25%
; wall_transition_length = 100%
; wipe = 1
; wipe_before_external_loop = 0
; wipe_distance = 1.8
; wipe_on_loops = 0
; wipe_speed = 100%
; wipe_tower_bridging = 10
; wipe_tower_cone_angle = 30
; wipe_tower_extra_flow = 100%
; wipe_tower_extra_rib_length = 0
; wipe_tower_extra_spacing = 100%
; wipe_tower_filament = 0
; wipe_tower_fillet_wall = 1
; wipe_tower_max_purge_speed = 90
; wipe_tower_no_sparse_layers = 0
; wipe_tower_rib_width = 8
; wipe_tower_rotation_angle = 0
; wipe_tower_type = type2
; wipe_tower_wall_type = rib
; wipe_tower_x = 165.000
; wipe_tower_x = 165
; wipe_tower_y = 220.500
; wipe_tower_y = 220.5
; wiping_volumes_extruders = 70,70,70,70,70,70,70,70,70,70
; wrapping_detection_gcode = 
; wrapping_detection_layers = 20
; wrapping_exclude_area = 
; xy_contour_compensation = 0
; xy_hole_compensation = 0
; z_hop = 0.4
; z_hop_types = Auto Lift
; z_offset = 0
; zaa_dont_alternate_fill_direction = 0
; zaa_enabled = 0
; zaa_min_z = 0.05
; zaa_minimize_perimeter_height = 35
; first_layer_bed_temperature = 85
; bed_shape = 0x0,256x0,256x256,0x256
; first_layer_temperature = 260
; first_layer_height = 0.300
; CONFIG_BLOCK_END


