; HEADER_BLOCK_START
; generated by ElegooSlicer 1.5.3.5 on 2026-09-04 at 01:28:40
; total layer number: 16
; filament_density: 1.25,1.25,1.25,1.25
; filament_diameter: 1.75,1.75,1.75,1.75
; max_z_height: 3.20
; HEADER_BLOCK_END

; filament: 1
; HEADER_BLOCK_END

; external perimeters extrusion width = 0.42mm
; perimeters extrusion width = 0.45mm
; infill extrusion width = 0.45mm
; solid infill extrusion width = 0.42mm
; top infill extrusion width = 0.42mm
; first layer extrusion width = 0.50mm

; external perimeters extrusion width = 0.42mm
; perimeters extrusion width = 0.45mm
; infill extrusion width = 0.45mm
; solid infill extrusion width = 0.42mm
; top infill extrusion width = 0.42mm
; first layer extrusion width = 0.50mm

; EXECUTABLE_BLOCK_START
M73 P0 R13
M106 S0
M106 P2 S0
;TYPE:Custom
;===== CC2_START_GCODE ================
;===== date: 2026-01-16-001 =====================

G90
M104 S140
M140 S60
M190 S60 A
M106 S0
BED_MESH_CALIBRATE mesh_min=93.3355,111.603 mesh_max=162.665,144.391 ALGORITHM=bicubic PROBE_COUNT=5,4 ADAPTIVE=0 ADAPTIVE_MARGIN=0 FROM_SLICER=1
M204 S1000 ;Call exterior wall print acceleration
G28
M109 S210
M6211 A1 L200 T0 Q210 R210 S210
T0


G180 S7
G1 X127 Y-1.2 F20000
G1 Z0.5 F900
M73 P13 R11
M109 S210
M83
G92 E0 ;Reset Extruder
G1 E6 F251.567 
M106 S200
G1 X87 E20 F1200 
G1 F6000
M73 P14 R11
G1 X82 E0.8

M106 S0
G180 S8
G1 F20000
G92 E0 ;Reset Extruder
SET_PRINT_STATS_INFO TOTAL_LAYER=16 CURRENT_LAYER=0
;LAYER_COUNT:16
;LAYER:0
G90
G21
M83 ; use relative distances for extrusion
; filament start gcode
M106 P3 S200


SET_PRESSURE_ADVANCE ADVANCE=0.04; Override pressure advance value
T0
M106 P2 S0
;LAYER_CHANGE
;Z:0.2
;HEIGHT:0.2
;BEFORE_LAYER_CHANGE
;0.2
G92 E0

G1 E-.8 F1800
M73 L1
;LAYER:1
SET_PRINT_STATS_INFO TOTAL_LAYER=16 CURRENT_LAYER=1
;_SET_FAN_SPEED_CHANGING_LAYER
SET_VELOCITY_LIMIT ACCEL=500
SET_VELOCITY_LIMIT ACCEL=3000
G1 X136.306 Y114.647 F30000
G1 Z.6
G1 Z.2
G1 E.8 F1800
SET_VELOCITY_LIMIT ACCEL=500
;TYPE:Brim
;WIDTH:0.5
G1 F6300
G1 X136.751 Y114.185 E.02318
G1 X137.273 Y113.779 E.02389
G1 X137.676 Y113.51 E.01751
G1 X138.2 Y113.212 E.02177
G1 X138.733 Y112.992 E.02084
G1 X139.197 Y112.836 E.0177
G1 X139.552 Y112.733 E.01336
G1 X140.623 Y112.481 E.03971
G1 X141.182 Y112.393 E.02045
G1 X141.68 Y112.347 E.01809
G1 X142.269 Y112.331 E.02129
G1 X142.753 Y112.35 E.01749
G1 X143.322 Y112.41 E.02067
G1 X143.832 Y112.496 E.01868
G1 X144.424 Y112.639 E.02201
G1 X144.902 Y112.79 E.0181
G1 X145.452 Y113.004 E.02132
G1 X145.906 Y113.216 E.01811
G1 X146.101 Y113.215 E.00705
G1 X146.529 Y113.011 E.01711
G1 X146.994 Y112.826 E.01809
G1 X147.555 Y112.644 E.02133
G1 X148.041 Y112.522 E.01809
G1 X148.622 Y112.416 E.02135
G1 X149.12 Y112.36 E.01809
G1 X149.709 Y112.332 E.0213
G1 X150.209 Y112.341 E.01809
G1 X150.795 Y112.391 E.02122
G1 X151.729 Y112.555 E.0343
G1 X152.695 Y112.802 E.03601
G1 X153.442 Y113.065 E.0286
G1 X153.897 Y113.273 E.01808
G1 X154.485 Y113.598 E.02428
G1 X155.031 Y114.015 E.02483
G1 X155.393 Y114.339 E.01754
G1 X155.756 Y114.705 E.01863
G1 X156.089 Y115.128 E.01944
G1 X156.486 Y115.71 E.02549
G1 X156.86 Y116.318 E.02578
G1 X157.103 Y116.75 E.01789
G1 X157.354 Y117.276 E.02108
G1 X157.54 Y117.741 E.01809
G1 X157.722 Y118.301 E.02127
G1 X157.845 Y118.787 E.01809
G1 X157.952 Y119.367 E.02133
G1 X158.01 Y119.865 E.01809
G1 X158.039 Y120.455 E.02136
G1 X158.03 Y120.956 E.01809
G1 X157.94 Y121.815 E.03122
G1 X157.998 Y122.004 E.00713
G1 X158.473 Y122.522 E.02539
G1 X158.782 Y122.914 E.01805
G1 X159.114 Y123.4 E.02126
G1 X159.369 Y123.831 E.01809
G1 X159.636 Y124.358 E.02134
G1 X159.831 Y124.819 E.01809
G1 X160.025 Y125.375 E.02129
G1 X160.158 Y125.858 E.01809
G1 X160.277 Y126.435 E.0213
G1 X160.377 Y127.242 E.02936
G1 X160.438 Y128.36 E.04046
G1 X160.379 Y129.282 E.0334
G1 X160.295 Y129.777 E.01812
G1 X160.129 Y130.439 E.02467
G1 X159.862 Y131.079 E.02505
G1 X159.642 Y131.507 E.01738
G1 X159.166 Y132.246 E.03175
G1 X158.782 Y132.726 E.02223
G1 X158.234 Y133.363 E.03035
G1 X157.889 Y133.718 E.01791
G1 X157.454 Y134.11 E.02114
G1 X157.061 Y134.421 E.01809
G1 X156.575 Y134.754 E.0213
G1 X156.145 Y135.01 E.01809
G1 X155.617 Y135.278 E.02139
G1 X155.156 Y135.474 E.01809
G1 X154.601 Y135.669 E.02127
G1 X154.119 Y135.802 E.01806
G1 X153.473 Y135.932 E.02382
G1 X153.315 Y136.05 E.0071
G1 X153.166 Y136.333 E.01157
G1 X152.857 Y136.837 E.02134
G1 X152.567 Y137.245 E.01809
G1 X152.196 Y137.701 E.02124
G1 X151.856 Y138.068 E.01809
G1 X151.426 Y138.473 E.02132
G1 X151.04 Y138.791 E.01809
G1 X150.56 Y139.136 E.02133
G1 X150.135 Y139.4 E.01809
G1 X149.616 Y139.678 E.02127
G1 X148.996 Y139.954 E.0245
G1 X148.285 Y140.235 E.02764
G1 X147.815 Y140.394 E.0179
G1 X147.271 Y140.541 E.02036
G1 X146.739 Y140.617 E.01944
G1 X146.255 Y140.657 E.01754
G1 X145.603 Y140.662 E.02355
G1 X144.928 Y140.569 E.0246
G1 X144.456 Y140.466 E.01746
G1 X143.753 Y140.252 E.02654
G1 X142.818 Y139.879 E.03638
G1 X141.957 Y139.454 E.0347
G1 X141.454 Y139.146 E.02127
G1 X141.045 Y138.857 E.01809
G1 X140.588 Y138.487 E.02127
G1 X140.221 Y138.146 E.01809
G1 X139.815 Y137.716 E.02137
G1 X139.496 Y137.33 E.01809
G1 X139.151 Y136.852 E.0213
G1 X138.886 Y136.427 E.01809
G1 X138.683 Y136.049 E.01552
G1 X138.525 Y135.932 E.00709
G1 X137.985 Y135.828 E.01987
G1 X137.416 Y135.674 E.0213
G1 X136.942 Y135.513 E.01809
G1 X136.4 Y135.286 E.02124
G1 X135.951 Y135.063 E.01809
G1 X135.44 Y134.765 E.02139
G1 X135.025 Y134.485 E.01809
G1 X134.558 Y134.123 E.02134
G1 X134.184 Y133.79 E.0181
G1 X133.788 Y133.39 E.02033
G1 X133.089 Y132.577 E.03872
G1 X132.54 Y131.82 E.03378
G1 X132.236 Y131.31 E.02148
G1 X131.992 Y130.74 E.02238
G1 X131.833 Y130.283 E.0175
G1 X131.665 Y129.655 E.02349
G1 X131.589 Y129.037 E.02249
G1 X131.564 Y128.551 E.01759
G1 X131.569 Y128.006 E.01968
G1 X131.646 Y126.973 E.03742
G1 X131.717 Y126.454 E.01895
G1 X131.815 Y125.963 E.01807
G1 X131.967 Y125.394 E.02128
G1 X132.128 Y124.92 E.01809
G1 X132.354 Y124.375 E.02131
G1 X132.577 Y123.927 E.01809
G1 X132.873 Y123.417 E.02131
G1 X133.153 Y123.002 E.01809
G1 X133.513 Y122.537 E.02124
G1 X134.002 Y122.006 E.02607
G1 X134.061 Y121.825 E.00687
G1 X133.974 Y121.061 E.02781
G1 X133.959 Y120.473 E.02124
G1 X133.98 Y119.972 E.01809
G1 X134.043 Y119.387 E.02127
G1 X134.13 Y118.894 E.01809
G1 X134.27 Y118.321 E.02131
G1 X134.421 Y117.844 E.01809
G1 X134.636 Y117.294 E.02134
G1 X134.849 Y116.84 E.01812
G1 X135.097 Y116.384 E.01873
G1 X135.625 Y115.532 E.03623
G1 X135.986 Y115.031 E.02231
G1 X136.28 Y114.678 E.0166
SET_VELOCITY_LIMIT ACCEL=3000
G1 X136.632 Y114.97 F30000
SET_VELOCITY_LIMIT ACCEL=500
G1 F6300
G1 X136.65 Y114.949 E.00102
G1 X137.051 Y114.533 E.02087
G1 X137.545 Y114.147 E.02263
G1 X137.921 Y113.897 E.01631
G1 X138.393 Y113.628 E.01966
G1 X138.889 Y113.422 E.01939
G1 X139.337 Y113.271 E.01708
G1 X139.672 Y113.174 E.01261
G1 X140.706 Y112.931 E.03835
G1 X141.234 Y112.848 E.01933
G1 X141.703 Y112.804 E.01701
G1 X142.271 Y112.789 E.02052
G1 X142.724 Y112.807 E.01641
G1 X143.264 Y112.864 E.01961
G1 X143.744 Y112.945 E.01759
G1 X144.297 Y113.079 E.02054
G1 X144.754 Y113.223 E.01732
G1 X145.268 Y113.422 E.0199
G1 X145.698 Y113.624 E.01718
G1 X145.923 Y113.673 E.0083
G1 X146.088 Y113.672 E.00596
G1 X146.312 Y113.621 E.0083
G1 X146.716 Y113.429 E.01618
G1 X147.145 Y113.258 E.01667
G1 X147.677 Y113.085 E.02024
G1 X148.142 Y112.968 E.01732
G1 X148.685 Y112.87 E.01992
G1 X149.161 Y112.815 E.01732
G1 X149.72 Y112.789 E.0202
G1 X150.19 Y112.798 E.017
G1 X150.729 Y112.844 E.01955
G1 X151.638 Y113.004 E.03334
G1 X152.556 Y113.238 E.03424
G1 X153.265 Y113.488 E.02713
G1 X153.696 Y113.684 E.01713
G1 X154.226 Y113.977 E.02186
G1 X154.735 Y114.364 E.02313
G1 X155.075 Y114.668 E.01646
G1 X155.408 Y115.003 E.01706
G1 X155.723 Y115.402 E.01838
G1 X156.105 Y115.962 E.02448
G1 X156.465 Y116.547 E.02484
G1 X156.699 Y116.965 E.01728
G1 X156.937 Y117.464 E.02
G1 X157.112 Y117.901 E.01701
G1 X157.284 Y118.433 E.02018
G1 X157.399 Y118.889 E.01699
G1 X157.5 Y119.44 E.02023
G1 X157.554 Y119.907 E.01699
G1 X157.581 Y120.467 E.02026
G1 X157.573 Y120.934 E.01687
G1 X157.487 Y121.754 E.02978
G1 X157.507 Y121.962 E.00755
G1 X157.556 Y122.123 E.00607
G1 X157.671 Y122.324 E.00839
G1 X158.121 Y122.814 E.02402
G1 X158.416 Y123.189 E.01723
G1 X158.726 Y123.642 E.01984
G1 X158.97 Y124.054 E.01732
G1 X159.219 Y124.546 E.01992
G1 X159.406 Y124.988 E.01732
G1 X159.59 Y125.516 E.02019
G1 X159.715 Y125.969 E.01699
G1 X159.825 Y126.504 E.01973
G1 X159.922 Y127.287 E.0285
G1 X159.98 Y128.366 E.03903
G1 X159.923 Y129.237 E.03153
G1 X159.846 Y129.688 E.01655
G1 X159.697 Y130.285 E.02223
G1 X159.449 Y130.881 E.02333
G1 X159.249 Y131.272 E.01586
G1 X158.798 Y131.973 E.03009
G1 X157.894 Y133.057 E.05102
G1 X157.568 Y133.392 E.01689
G1 X157.163 Y133.758 E.01973
G1 X156.793 Y134.05 E.017
G1 X156.333 Y134.366 E.0202
G1 X155.92 Y134.611 E.01732
G1 X155.428 Y134.861 E.01996
G1 X154.987 Y135.049 E.01732
G1 X154.468 Y135.231 E.01985
G1 X154.018 Y135.356 E.0169
G1 X153.398 Y135.481 E.02285
G1 X153.186 Y135.575 E.00835
G1 X153.054 Y135.675 E.00599
G1 X152.904 Y135.851 E.00835
G1 X152.766 Y136.111 E.01064
G1 X152.473 Y136.588 E.02025
G1 X152.2 Y136.972 E.017
G1 X151.848 Y137.404 E.02015
G1 X151.528 Y137.749 E.01699
G1 X151.12 Y138.132 E.02023
G1 X150.757 Y138.431 E.01699
G1 X150.302 Y138.758 E.02023
G1 X149.902 Y139.006 E.017
G1 X149.419 Y139.264 E.0198
G1 X148.822 Y139.531 E.02362
G1 X148.124 Y139.806 E.02711
G1 X147.678 Y139.957 E.01701
G1 X147.171 Y140.093 E.01898
G1 X146.691 Y140.162 E.01749
G1 X146.239 Y140.2 E.01639
G1 X145.642 Y140.205 E.02156
G1 X145.013 Y140.12 E.02293
G1 X144.577 Y140.025 E.01613
G1 X143.9 Y139.818 E.02559
G1 X143.009 Y139.463 E.03465
G1 X142.183 Y139.056 E.03327
G1 X141.702 Y138.762 E.02036
G1 X141.318 Y138.49 E.017
G1 X140.884 Y138.138 E.02018
G1 X140.539 Y137.818 E.017
G1 X140.16 Y137.417 E.01994
G1 X139.855 Y137.047 E.01732
G1 X139.533 Y136.601 E.01988
G1 X139.284 Y136.202 E.017
G1 X139.093 Y135.846 E.01458
G1 X138.942 Y135.672 E.00834
G1 X138.808 Y135.574 E.00598
G1 X138.597 Y135.481 E.00834
G1 X138.083 Y135.381 E.01891
G1 X137.545 Y135.236 E.02015
G1 X137.1 Y135.083 E.01699
G1 X136.585 Y134.868 E.02015
G1 X136.164 Y134.658 E.017
G1 X135.687 Y134.38 E.01996
G1 X135.297 Y134.117 E.01699
G1 X134.854 Y133.774 E.02024
G1 X134.496 Y133.455 E.01735
G1 X134.121 Y133.076 E.01924
G1 X133.452 Y132.298 E.03708
G1 X132.919 Y131.563 E.03279
G1 X132.641 Y131.093 E.01974
G1 X132.42 Y130.579 E.0202
G1 X132.269 Y130.144 E.01666
G1 X132.114 Y129.558 E.02189
G1 X132.045 Y128.992 E.02059
G1 X132.021 Y128.537 E.01647
G1 X132.026 Y128.021 E.01865
G1 X132.101 Y127.017 E.03637
G1 X132.168 Y126.533 E.01765
G1 X132.261 Y126.062 E.01735
G1 X132.403 Y125.531 E.01986
G1 X132.554 Y125.086 E.017
G1 X132.769 Y124.569 E.02021
G1 X132.982 Y124.139 E.01732
G1 X133.258 Y123.663 E.01988
G1 X133.526 Y123.266 E.01732
G1 X133.866 Y122.828 E.02004
G1 X134.328 Y122.327 E.02461
G1 X134.441 Y122.134 E.00807
G1 X134.491 Y121.981 E.0058
G1 X134.513 Y121.759 E.00807
G1 X134.43 Y121.023 E.02676
G1 X134.416 Y120.481 E.01958
G1 X134.436 Y120.011 E.01699
G1 X134.496 Y119.456 E.02018
G1 X134.577 Y118.992 E.01699
G1 X134.709 Y118.449 E.02021
G1 X134.854 Y117.992 E.01732
G1 X135.058 Y117.47 E.02025
G1 X135.259 Y117.042 E.01707
G1 X135.494 Y116.61 E.01777
G1 X136.003 Y115.79 E.03486
G1 X136.345 Y115.315 E.02116
G1 X136.606 Y115.001 E.01475
SET_VELOCITY_LIMIT ACCEL=3000
G1 X136.958 Y115.294 F30000
SET_VELOCITY_LIMIT ACCEL=500
G1 F6300
G1 X136.994 Y115.25 E.00205
G1 X137.351 Y114.88 E.01858
G1 X137.817 Y114.515 E.02137
G1 X138.165 Y114.284 E.01508
G1 X138.587 Y114.043 E.01757
G1 X139.045 Y113.852 E.01793
G1 X139.476 Y113.707 E.01645
G1 X139.792 Y113.616 E.01186
G1 X140.789 Y113.381 E.03701
G1 X141.287 Y113.302 E.01822
G1 X141.726 Y113.261 E.01592
G1 X142.272 Y113.246 E.01975
G1 X142.696 Y113.264 E.01532
G1 X143.206 Y113.317 E.01855
G1 X143.657 Y113.394 E.01651
G1 X144.17 Y113.518 E.01908
G1 X144.607 Y113.656 E.01654
G1 X145.084 Y113.841 E.01848
G1 X145.494 Y114.032 E.01635
G1 X145.929 Y114.13 E.0161
G1 X146.201 Y114.115 E.00984
G1 X146.401 Y114.07 E.00743
G1 X147.293 Y113.691 E.03498
G1 X147.799 Y113.526 E.01925
G1 X148.244 Y113.415 E.01655
G1 X148.747 Y113.323 E.0185
G1 X149.202 Y113.271 E.01655
G1 X149.731 Y113.246 E.0191
G1 X150.171 Y113.255 E.01591
G1 X150.664 Y113.297 E.01789
G1 X151.547 Y113.452 E.03238
G1 X152.418 Y113.675 E.03248
G1 X153.088 Y113.91 E.02566
G1 X153.495 Y114.095 E.01617
G1 X153.967 Y114.356 E.01947
G1 X154.44 Y114.714 E.02143
G1 X155.057 Y115.298 E.03069
G1 X155.357 Y115.677 E.01745
G1 X155.723 Y116.213 E.02346
G1 X156.069 Y116.777 E.0239
G1 X156.295 Y117.179 E.01667
G1 X156.52 Y117.652 E.01892
G1 X156.683 Y118.061 E.01592
G1 X156.846 Y118.564 E.01909
G1 X156.953 Y118.991 E.0159
G1 X157.048 Y119.512 E.01914
G1 X157.099 Y119.949 E.0159
G1 X157.124 Y120.479 E.01916
G1 X157.116 Y120.91 E.01559
G1 X157.033 Y121.81 E.03267
G1 X157.051 Y121.995 E.00669
M73 P15 R11
G1 X157.117 Y122.247 E.0094
G1 X157.27 Y122.541 E.01198
G1 X157.771 Y123.108 E.02735
G1 X158.05 Y123.463 E.01631
G1 X158.338 Y123.884 E.01842
G1 X158.571 Y124.278 E.01656
G1 X158.802 Y124.735 E.01849
G1 X158.981 Y125.157 E.01656
G1 X159.154 Y125.656 E.01909
G1 X159.271 Y126.08 E.0159
G1 X159.372 Y126.573 E.01818
G1 X159.467 Y127.332 E.02763
G1 X159.521 Y128.371 E.03759
G1 X159.467 Y129.19 E.02966
G1 X159.397 Y129.599 E.01499
G1 X159.264 Y130.131 E.01981
G1 X159.036 Y130.684 E.02161
G1 X158.856 Y131.038 E.01434
G1 X158.434 Y131.694 E.0282
G1 X157.551 Y132.755 E.04986
G1 X157.248 Y133.066 E.01568
G1 X156.871 Y133.405 E.01833
G1 X156.525 Y133.679 E.01592
G1 X156.09 Y133.979 E.0191
G1 X155.696 Y134.213 E.01655
G1 X155.239 Y134.445 E.01853
G1 X154.817 Y134.624 E.01655
G1 X154.336 Y134.793 E.01844
G1 X153.916 Y134.91 E.01574
G1 X153.198 Y135.069 E.02655
G1 X153.011 Y135.153 E.00742
G1 X152.788 Y135.304 E.00973
G1 X152.562 Y135.548 E.012
G1 X152.089 Y136.34 E.03334
G1 X151.834 Y136.699 E.0159
G1 X151.5 Y137.107 E.01906
G1 X151.2 Y137.429 E.0159
G1 X150.814 Y137.792 E.01913
G1 X150.474 Y138.072 E.0159
G1 X150.044 Y138.38 E.01914
G1 X149.67 Y138.612 E.01591
G1 X149.222 Y138.851 E.01834
G1 X148.648 Y139.108 E.02274
G1 X147.964 Y139.378 E.02657
G1 X147.541 Y139.521 E.01611
G1 X147.071 Y139.646 E.0176
G1 X146.644 Y139.707 E.01558
G1 X146.223 Y139.742 E.01525
G1 X145.681 Y139.748 E.01959
G1 X145.098 Y139.67 E.02125
G1 X144.698 Y139.584 E.01478
G1 X144.046 Y139.384 E.02463
G1 X143.2 Y139.047 E.03292
G1 X142.409 Y138.658 E.03184
G1 X141.95 Y138.377 E.01945
G1 X141.591 Y138.123 E.0159
G1 X141.181 Y137.79 E.01908
G1 X140.858 Y137.49 E.0159
G1 X140.506 Y137.117 E.01852
G1 X140.214 Y136.764 E.01655
G1 X139.916 Y136.349 E.01846
G1 X139.431 Y135.538 E.03416
G1 X139.295 Y135.382 E.00748
G1 X139.087 Y135.212 E.00971
G1 X138.791 Y135.067 E.0119
G1 X138.188 Y134.936 E.02226
G1 X137.674 Y134.797 E.01924
G1 X137.258 Y134.654 E.0159
G1 X136.772 Y134.45 E.01906
G1 X136.378 Y134.254 E.01591
G1 X135.934 Y133.995 E.01855
G1 X135.569 Y133.749 E.0159
G1 X135.15 Y133.425 E.01914
G1 X134.807 Y133.12 E.01659
G1 X134.454 Y132.762 E.01815
G1 X133.815 Y132.018 E.03544
G1 X133.298 Y131.306 E.03177
G1 X133.045 Y130.878 E.01798
G1 X132.849 Y130.419 E.01804
G1 X132.705 Y130.005 E.01582
G1 X132.563 Y129.462 E.02028
G1 X132.5 Y128.948 E.01871
G1 X132.479 Y128.523 E.01536
G1 X132.484 Y128.036 E.01762
G1 X132.557 Y127.061 E.03532
G1 X132.62 Y126.605 E.01664
G1 X132.708 Y126.161 E.01633
G1 X132.84 Y125.668 E.01845
G1 X132.981 Y125.251 E.01591
G1 X133.183 Y124.763 E.01911
G1 X133.387 Y124.352 E.01655
G1 X133.644 Y123.91 E.01846
G1 X133.894 Y123.538 E.01622
G1 X134.219 Y123.119 E.01916
G1 X134.656 Y122.645 E.02327
G1 X134.876 Y122.272 E.01567
G1 X134.946 Y122.016 E.00959
G1 X134.966 Y121.819 E.00717
G1 X134.886 Y120.985 E.03024
G1 X134.874 Y120.489 E.01793
G1 X134.892 Y120.05 E.0159
G1 X134.948 Y119.524 E.01909
G1 X135.023 Y119.091 E.0159
G1 X135.149 Y118.577 E.01911
G1 X135.287 Y118.14 E.01655
G1 X135.48 Y117.647 E.01914
G1 X135.669 Y117.245 E.01603
G1 X135.892 Y116.837 E.01681
G1 X136.381 Y116.049 E.0335
G1 X136.704 Y115.599 E.02001
G1 X136.932 Y115.325 E.0129
SET_VELOCITY_LIMIT ACCEL=3000
G1 X137.284 Y115.617 F30000
SET_VELOCITY_LIMIT ACCEL=500
G1 F6300
G1 X137.338 Y115.552 E.00307
G1 X137.652 Y115.227 E.01631
G1 X138.08 Y114.889 E.01971
G1 X138.408 Y114.671 E.01424
G1 X138.781 Y114.458 E.01552
G1 X139.213 Y114.278 E.0169
G1 X139.911 Y114.057 E.02645
G1 X140.872 Y113.831 E.03567
G1 X141.349 Y113.755 E.01743
G1 X141.758 Y113.717 E.01485
G1 X142.273 Y113.704 E.01863
G1 X142.667 Y113.72 E.01423
G1 X143.139 Y113.77 E.01717
G1 X143.56 Y113.842 E.01541
G1 X144.043 Y113.958 E.01796
G1 X144.451 Y114.086 E.01543
G1 X145.406 Y114.481 E.03734
G1 X145.82 Y114.574 E.01533
G1 X145.962 Y114.586 E.00516
G1 X146.215 Y114.572 E.00915
G1 X146.494 Y114.517 E.01026
G1 X147.459 Y114.118 E.03773
G1 X147.921 Y113.967 E.01758
G1 X148.345 Y113.861 E.01578
G1 X148.81 Y113.776 E.01707
G1 X149.234 Y113.727 E.01544
G1 X149.732 Y113.704 E.018
G1 X150.142 Y113.712 E.01482
G1 X150.611 Y113.752 E.017
G1 X151.445 Y113.898 E.03061
G1 X152.279 Y114.111 E.0311
G1 X152.923 Y114.337 E.02463
G1 X153.294 Y114.507 E.01476
G1 X153.709 Y114.735 E.01711
G1 X154.149 Y115.068 E.01995
G1 X154.725 Y115.615 E.02868
G1 X154.991 Y115.952 E.01551
G1 X155.337 Y116.459 E.02219
G1 X155.885 Y117.383 E.03878
G1 X156.099 Y117.831 E.01795
G1 X156.254 Y118.221 E.01516
G1 X156.407 Y118.695 E.018
G1 X156.507 Y119.092 E.01481
G1 X156.595 Y119.574 E.01772
G1 X156.643 Y119.99 E.01513
G1 X156.667 Y120.49 E.01806
G1 X156.659 Y120.888 E.0144
G1 X156.58 Y121.865 E.03539
G1 X156.611 Y122.119 E.00926
G1 X156.671 Y122.349 E.0086
G1 X156.861 Y122.746 E.0159
G1 X156.933 Y122.85 E.00455
G1 X157.417 Y123.398 E.02643
G1 X157.678 Y123.73 E.01527
G1 X157.949 Y124.126 E.01732
G1 X158.168 Y124.494 E.01546
G1 X158.385 Y124.924 E.0174
G1 X158.552 Y125.317 E.01545
G1 X158.716 Y125.787 E.01799
G1 X158.825 Y126.183 E.01482
G1 X158.922 Y126.653 E.01734
G1 X159.011 Y127.368 E.02602
G1 X159.063 Y128.36 E.03591
G1 X159.013 Y129.129 E.02785
G1 X158.951 Y129.5 E.01357
G1 X158.825 Y129.997 E.01853
G1 X158.623 Y130.488 E.01918
G1 X158.455 Y130.815 E.01329
G1 X158.059 Y131.43 E.02642
G1 X157.214 Y132.444 E.0477
G1 X156.927 Y132.739 E.01486
G1 X156.579 Y133.053 E.01695
G1 X156.257 Y133.308 E.01483
G1 X155.847 Y133.591 E.018
G1 X155.472 Y133.814 E.01578
G1 X155.049 Y134.028 E.0171
G1 X154.648 Y134.199 E.01579
G1 X154.203 Y134.355 E.01703
G1 X153.003 Y134.657 E.0447
G1 X152.747 Y134.78 E.01025
G1 X152.539 Y134.92 E.00908
G1 X152.448 Y134.998 E.0043
G1 X152.163 Y135.324 E.01564
G1 X151.703 Y136.094 E.03243
G1 X151.467 Y136.425 E.01466
G1 X151.153 Y136.81 E.01797
G1 X150.873 Y137.11 E.01481
G1 X150.509 Y137.452 E.01804
G1 X150.192 Y137.711 E.0148
G1 X149.794 Y137.997 E.01771
G1 X149.438 Y138.218 E.01514
G1 X149.025 Y138.438 E.01689
G1 X148.473 Y138.686 E.02185
G1 X147.803 Y138.95 E.02602
G1 X147.405 Y139.084 E.01519
G1 X146.987 Y139.195 E.01564
G1 X146.197 Y139.286 E.02871
G1 X145.7 Y139.289 E.01797
G1 X145.171 Y139.218 E.01926
G1 X144.808 Y139.139 E.01343
G1 X144.204 Y138.954 E.02283
G1 X143.391 Y138.631 E.03161
G1 X142.635 Y138.259 E.03041
G1 X142.205 Y137.998 E.01819
G1 X141.864 Y137.756 E.01512
G1 X141.477 Y137.441 E.01799
G1 X141.177 Y137.162 E.01481
G1 X140.852 Y136.818 E.01711
G1 X140.574 Y136.481 E.01579
G1 X140.301 Y136.103 E.01683
G1 X139.77 Y135.232 E.03688
G1 X139.576 Y135.021 E.01033
G1 X139.386 Y134.866 E.00887
G1 X138.996 Y134.659 E.01595
G1 X138.88 Y134.619 E.00443
G1 X138.294 Y134.491 E.02169
G1 X137.813 Y134.361 E.018
G1 X137.425 Y134.228 E.01481
G1 X136.966 Y134.036 E.01797
G1 X136.599 Y133.853 E.01482
G1 X136.181 Y133.61 E.01747
G1 X135.833 Y133.376 E.01514
G1 X135.439 Y133.07 E.01804
G1 X135.119 Y132.785 E.0155
G1 X134.794 Y132.456 E.01671
G1 X134.177 Y131.739 E.03415
G1 X133.678 Y131.05 E.03075
G1 X133.451 Y130.663 E.01623
G1 X133.277 Y130.258 E.01591
G1 X133.141 Y129.867 E.01496
G1 X133.011 Y129.367 E.01866
G1 X132.956 Y128.914 E.01649
G1 X132.936 Y128.518 E.01429
G1 X132.941 Y128.051 E.01689
G1 X133.011 Y127.114 E.03396
G1 X133.071 Y126.677 E.01593
G1 X133.154 Y126.261 E.01532
G1 X133.276 Y125.805 E.01705
G1 X133.408 Y125.417 E.01482
G1 X133.598 Y124.956 E.01801
G1 X133.788 Y124.573 E.01545
G1 X134.029 Y124.157 E.01738
G1 X134.268 Y123.802 E.01544
G1 X134.571 Y123.412 E.01785
G1 X135.056 Y122.866 E.02639
G1 X135.265 Y122.512 E.01486
G1 X135.319 Y122.384 E.00502
G1 X135.385 Y122.146 E.00891
G1 X135.42 Y121.875 E.00987
G1 X135.343 Y120.961 E.03315
G1 X135.331 Y120.497 E.01676
G1 X135.348 Y120.079 E.01514
G1 X135.4 Y119.592 E.01767
G1 X135.472 Y119.18 E.01514
G1 X135.591 Y118.695 E.01801
M73 P15 R10
G1 X135.72 Y118.288 E.01544
G1 X135.899 Y117.832 E.01771
G1 X136.289 Y117.063 E.03115
G1 X136.758 Y116.307 E.03215
G1 X137.063 Y115.883 E.01886
G1 X137.258 Y115.648 E.01105
SET_VELOCITY_LIMIT ACCEL=3000
G1 X137.61 Y115.94 F30000
SET_VELOCITY_LIMIT ACCEL=500
G1 F6300
G1 X137.676 Y115.861 E.00372
G1 X137.953 Y115.573 E.01442
G1 X138.344 Y115.263 E.01804
G1 X138.972 Y114.876 E.02668
G1 X139.376 Y114.706 E.01583
G1 X140.038 Y114.497 E.02506
G1 X140.956 Y114.281 E.03407
G1 X141.401 Y114.21 E.01631
G1 X141.78 Y114.174 E.01375
G1 X142.265 Y114.161 E.01752
G1 X142.629 Y114.176 E.01316
G1 X143.073 Y114.223 E.01612
G1 X143.473 Y114.291 E.01465
G1 X143.917 Y114.398 E.01651
G1 X144.289 Y114.514 E.01409
G1 X145.317 Y114.93 E.04007
G1 X145.711 Y115.018 E.01458
G1 X145.994 Y115.041 E.01027
G1 X146.312 Y115.019 E.01153
G1 X146.57 Y114.968 E.00949
G1 X147.622 Y114.545 E.04096
G1 X148.044 Y114.408 E.01602
G1 X148.446 Y114.307 E.015
G1 X148.873 Y114.229 E.01565
G1 X149.267 Y114.184 E.01434
G1 X149.734 Y114.161 E.0169
G1 X150.114 Y114.168 E.01373
G1 X150.558 Y114.207 E.0161
G1 X151.344 Y114.345 E.02884
G1 X152.141 Y114.548 E.02971
G1 X152.757 Y114.764 E.02359
G1 X153.093 Y114.918 E.01334
G1 X153.451 Y115.115 E.01476
G1 X153.859 Y115.423 E.01847
G1 X154.392 Y115.932 E.02664
G1 X154.625 Y116.227 E.01358
G1 X154.949 Y116.701 E.02075
G1 X155.478 Y117.593 E.03746
G1 X155.678 Y118.01 E.01671
G1 X155.825 Y118.38 E.01439
G1 X155.969 Y118.825 E.0169
G1 X156.061 Y119.193 E.01371
G1 X156.142 Y119.637 E.0163
G1 X156.187 Y120.032 E.01436
G1 X156.209 Y120.501 E.01695
G1 X156.202 Y120.868 E.01327
G1 X156.128 Y121.934 E.0386
G1 X156.156 Y122.167 E.00849
G1 X156.226 Y122.453 E.01064
G1 X156.49 Y123.012 E.02234
G1 X157.307 Y123.998 E.04624
G1 X157.561 Y124.368 E.01623
G1 X157.764 Y124.71 E.01437
G1 X157.968 Y125.112 E.0163
G1 X158.124 Y125.478 E.01434
G1 X158.278 Y125.919 E.01689
G1 X158.379 Y126.285 E.01373
G1 X158.471 Y126.733 E.0165
G1 X158.554 Y127.403 E.0244
G1 X158.605 Y128.349 E.03424
G1 X158.559 Y129.069 E.02606
G1 X158.504 Y129.4 E.01211
G1 X158.386 Y129.862 E.01724
G1 X158.209 Y130.291 E.01676
G1 X158.055 Y130.593 E.01223
G1 X157.685 Y131.165 E.02464
G1 X156.878 Y132.134 E.04555
G1 X156.607 Y132.412 E.01404
G1 X156.287 Y132.701 E.01557
G1 X155.989 Y132.938 E.01375
G1 X155.604 Y133.203 E.01688
G1 X155.247 Y133.415 E.015
G1 X154.86 Y133.611 E.01568
G1 X154.478 Y133.774 E.01502
G1 X154.077 Y133.915 E.01535
G1 X152.903 Y134.21 E.04374
G1 X152.555 Y134.365 E.01377
G1 X152.289 Y134.538 E.01143
G1 X152.098 Y134.704 E.00916
G1 X151.827 Y135.014 E.01488
G1 X151.317 Y135.849 E.03534
G1 X151.101 Y136.151 E.01342
G1 X150.805 Y136.513 E.01688
G1 X150.546 Y136.79 E.01371
G1 X150.204 Y137.111 E.01695
G1 X149.91 Y137.351 E.01371
G1 X149.543 Y137.614 E.0163
G1 X149.205 Y137.824 E.01438
G1 X148.819 Y138.03 E.01579
G1 X148.293 Y138.265 E.02084
G1 X147.65 Y138.519 E.02499
G1 X147.269 Y138.647 E.01451
G1 X146.892 Y138.746 E.01408
G1 X146.162 Y138.829 E.02653
G1 X145.719 Y138.83 E.01601
G1 X145.245 Y138.766 E.01729
G1 X144.918 Y138.695 E.01209
G1 X144.361 Y138.524 E.02106
G1 X143.581 Y138.215 E.0303
G1 X142.861 Y137.861 E.02899
G1 X142.461 Y137.618 E.01692
G1 X142.137 Y137.389 E.01433
G1 X141.774 Y137.093 E.01689
G1 X141.496 Y136.834 E.01373
G1 X141.198 Y136.518 E.01571
G1 X140.933 Y136.198 E.01502
G1 X140.685 Y135.854 E.0153
G1 X140.098 Y134.913 E.04008
G1 X139.919 Y134.718 E.00956
G1 X139.684 Y134.519 E.01112
G1 X139.141 Y134.227 E.02229
G1 X137.942 Y133.922 E.04468
G1 X137.583 Y133.799 E.01372
G1 X137.16 Y133.622 E.01655
G1 X136.82 Y133.453 E.01374
G1 X136.428 Y133.225 E.01639
G1 X136.098 Y133.003 E.01437
G1 X135.728 Y132.715 E.01693
G1 X135.43 Y132.45 E.0144
G1 X135.133 Y132.149 E.01528
G1 X134.54 Y131.46 E.03286
G1 X134.057 Y130.794 E.0297
G1 X133.856 Y130.448 E.01446
G1 X133.702 Y130.088 E.01416
G1 X133.578 Y129.729 E.01374
G1 X133.46 Y129.272 E.01702
G1 X133.412 Y128.879 E.01431
G1 X133.393 Y128.505 E.01353
G1 X133.398 Y128.066 E.01586
G1 X133.465 Y127.166 E.0326
G1 X133.523 Y126.749 E.01523
G1 X133.601 Y126.361 E.0143
G1 X133.713 Y125.942 E.01567
G1 X133.834 Y125.582 E.01373
G1 X134.013 Y125.149 E.0169
G1 X134.189 Y124.793 E.01435
G1 X134.415 Y124.403 E.01628
G1 X134.641 Y124.066 E.01466
G1 X134.924 Y123.702 E.01666
G1 X135.456 Y123.088 E.02936
G1 X135.654 Y122.752 E.01409
G1 X135.762 Y122.498 E.00999
M73 P16 R10
G1 X135.839 Y122.197 E.01122
G1 X135.871 Y121.948 E.00907
G1 X135.8 Y120.938 E.03656
G1 X135.789 Y120.505 E.01565
G1 X135.805 Y120.108 E.01438
G1 X135.853 Y119.661 E.01625
G1 X135.921 Y119.269 E.01437
G1 X136.032 Y118.814 E.0169
G1 X136.152 Y118.437 E.01432
G1 X136.314 Y118.025 E.01596
G1 X136.691 Y117.283 E.03009
G1 X137.136 Y116.565 E.03051
G1 X137.422 Y116.167 E.0177
G1 X137.584 Y115.971 E.0092
SET_VELOCITY_LIMIT ACCEL=3000
G1 X137.948 Y116.255 F30000
SET_VELOCITY_LIMIT ACCEL=500
G1 F6300
G1 X138.027 Y116.154 E.00461
G1 X138.394 Y115.803 E.01835
G1 X138.883 Y115.455 E.02168
G1 X139.389 Y115.195 E.02056
G1 X140.115 Y114.949 E.02768
G1 X141.096 Y114.718 E.03644
G1 X141.84 Y114.628 E.02708
G1 X142.913 Y114.663 E.03877
G1 X143.627 Y114.794 E.02622
G1 X144.307 Y115.007 E.02577
G1 X145.16 Y115.411 E.03408
G1 X145.688 Y115.754 E.02275
G1 X145.913 Y115.935 E.01045
G1 X146.024 Y115.964 E.00413
G1 X146.667 Y115.514 E.02834
G1 X147.286 Y115.178 E.02544
G1 X147.942 Y114.917 E.02552
G1 X148.746 Y114.714 E.02993
G1 X149.514 Y114.625 E.02795
G1 X150.333 Y114.641 E.02958
G1 X151.084 Y114.755 E.02746
G1 X152.404 Y115.118 E.04945
G1 X153.027 Y115.405 E.0248
G1 X153.31 Y115.574 E.01188
G1 X154.087 Y116.293 E.03827
G1 X154.559 Y116.942 E.029
G1 X155.107 Y117.873 E.03904
G1 X155.462 Y118.732 E.03357
G1 X155.656 Y119.502 E.02866
G1 X155.741 Y120.196 E.02528
G1 X155.74 Y120.957 E.0275
G1 X155.6 Y121.9 E.03442
G1 X155.362 Y122.68 E.02949
G1 X155.41 Y122.83 E.00567
G1 X156.098 Y123.351 E.03119
G1 X156.6 Y123.851 E.02559
G1 X157.029 Y124.394 E.02502
G1 X157.492 Y125.174 E.03277
G1 X157.765 Y125.823 E.02542
G1 X157.961 Y126.503 E.02557
G1 X158.096 Y127.4 E.03276
G1 X158.151 Y128.382 E.03557
G1 X158.003 Y129.525 E.04163
G1 X157.84 Y129.98 E.01745
G1 X157.447 Y130.708 E.02989
G1 X156.667 Y131.689 E.04527
G1 X156.165 Y132.2 E.0259
G1 X155.524 Y132.708 E.02953
G1 X154.903 Y133.081 E.0262
G1 X154.265 Y133.367 E.02526
G1 X153.55 Y133.588 E.02702
G1 X152.782 Y133.719 E.02814
G1 X151.859 Y133.744 E.03339
G1 X151.729 Y133.847 E.00596
G1 X151.678 Y134.046 E.00744
G1 X151.463 Y134.629 E.02247
G1 X151.091 Y135.352 E.02935
G1 X150.607 Y136.039 E.03038
G1 X150.083 Y136.604 E.02783
G1 X149.446 Y137.126 E.02974
G1 X148.76 Y137.546 E.02908
G1 X147.737 Y137.998 E.04041
G1 X146.871 Y138.282 E.03292
G1 X146.599 Y138.325 E.00996
G1 X145.744 Y138.371 E.03092
G1 X145.427 Y138.334 E.01154
G1 X144.941 Y138.23 E.01793
G1 X143.705 Y137.771 E.04766
G1 X142.769 Y137.274 E.03826
G1 X142.26 Y136.905 E.02273
G1 X141.766 Y136.458 E.02406
G1 X141.16 Y135.737 E.03405
G1 X140.761 Y135.097 E.02724
G1 X140.465 Y134.458 E.02546
G1 X140.264 Y133.832 E.02372
G1 X140.187 Y133.748 E.00413
G1 X139.784 Y133.752 E.01456
G1 X139.112 Y133.707 E.02434
G1 X138.211 Y133.525 E.03322
G1 X137.481 Y133.264 E.02801
G1 X136.817 Y132.927 E.02688
G1 X136.229 Y132.531 E.02564
G1 X135.642 Y132.018 E.02816
G1 X134.863 Y131.134 E.04255
G1 X134.444 Y130.554 E.02586
G1 X134.259 Y130.222 E.01373
G1 X133.94 Y129.323 E.03447
G1 X133.89 Y129.02 E.01111
G1 X133.851 Y128.453 E.02052
G1 X133.931 Y127.123 E.04815
G1 X134.093 Y126.279 E.03102
G1 X134.361 Y125.493 E.03002
G1 X134.71 Y124.797 E.02813
G1 X135.126 Y124.181 E.02685
G1 X135.621 Y123.614 E.02719
G1 X136.188 Y123.112 E.02736
G1 X136.593 Y122.838 E.01767
G1 X136.653 Y122.74 E.00413
G1 X136.645 Y122.677 E.00228
G1 X136.491 Y122.255 E.01626
G1 X136.316 Y121.476 E.02882
G1 X136.247 Y120.675 E.02904
G1 X136.275 Y119.966 E.02566
G1 X136.397 Y119.229 E.02698
G1 X136.617 Y118.495 E.02768
G1 X136.966 Y117.725 E.03056
G1 X137.548 Y116.768 E.04046
G1 X137.924 Y116.286 E.02207
SET_VELOCITY_LIMIT ACCEL=3000
G1 X138.282 Y116.568 F30000
SET_VELOCITY_LIMIT ACCEL=500
G1 F6300
G1 X138.391 Y116.43 E.00639
G1 X138.711 Y116.132 E.01579
G1 X139.151 Y115.824 E.0194
G1 X139.528 Y115.631 E.0153
G1 X140.213 Y115.396 E.02615
G1 X141.208 Y115.162 E.03695
G1 X141.903 Y115.081 E.02526
G1 X142.824 Y115.111 E.03331
G1 X143.482 Y115.227 E.02414
G1 X144.18 Y115.446 E.02642
G1 X144.904 Y115.789 E.02894
G1 X145.445 Y116.141 E.02334
G1 X145.913 Y116.53 E.02198
G1 X146.024 Y116.56 E.00413
G1 X146.094 Y116.525 E.00282
G1 X146.246 Y116.385 E.00745
G1 X146.878 Y115.92 E.02837
G1 X147.511 Y115.575 E.02605
G1 X148.116 Y115.34 E.02343
G1 X148.863 Y115.155 E.02783
G1 X149.499 Y115.082 E.02313
G1 X150.258 Y115.092 E.02742
G1 X150.959 Y115.195 E.02558
G1 X152.202 Y115.528 E.04652
G1 X152.843 Y115.823 E.02547
G1 X153.082 Y115.97 E.01012
G1 X153.782 Y116.633 E.03484
G1 X154.189 Y117.209 E.0255
G1 X154.717 Y118.112 E.03781
G1 X155.017 Y118.838 E.02837
G1 X155.201 Y119.549 E.02652
G1 X155.289 Y120.26 E.0259
G1 X155.283 Y120.962 E.02536
G1 X155.164 Y121.764 E.0293
G1 X154.971 Y122.428 E.02499
G1 X154.788 Y122.863 E.01704
G1 X154.791 Y122.977 E.00413
G1 X154.846 Y123.035 E.00288
G1 X155.238 Y123.259 E.01632
G1 X155.772 Y123.671 E.02433
G1 X156.236 Y124.128 E.02356
G1 X156.677 Y124.685 E.02565
G1 X157.067 Y125.344 E.02767
G1 X157.347 Y126.008 E.02606
G1 X157.523 Y126.634 E.02349
G1 X157.644 Y127.471 E.03055
G1 X157.695 Y128.419 E.03432
G1 X157.548 Y129.475 E.03852
G1 X157.442 Y129.754 E.01075
G1 X157.039 Y130.502 E.03071
G1 X156.343 Y131.366 E.04008
G1 X155.885 Y131.839 E.02379
G1 X155.294 Y132.313 E.0274
G1 X154.724 Y132.661 E.02411
G1 X154.07 Y132.953 E.02586
G1 X153.41 Y133.152 E.0249
G1 X152.699 Y133.27 E.02605
G1 X151.938 Y133.292 E.02749
G1 X151.526 Y133.247 E.015
G1 X151.417 Y133.283 E.00413
G1 X151.377 Y133.351 E.00286
G1 X151.251 Y133.881 E.01968
G1 X151.031 Y134.479 E.02302
G1 X150.682 Y135.148 E.02726
G1 X150.23 Y135.781 E.02809
G1 X149.797 Y136.247 E.023
G1 X149.212 Y136.733 E.02747
G1 X148.584 Y137.124 E.02674
G1 X147.546 Y137.582 E.04098
G1 X146.803 Y137.83 E.02829
G1 X146.575 Y137.869 E.00836
G1 X145.803 Y137.918 E.02797
G1 X145.529 Y137.889 E.00993
G1 X145.028 Y137.781 E.01853
G1 X143.858 Y137.34 E.04518
G1 X143.045 Y136.91 E.03322
G1 X142.522 Y136.531 E.02334
G1 X142.069 Y136.115 E.02221
G1 X141.551 Y135.501 E.02904
G1 X141.18 Y134.912 E.02513
G1 X140.876 Y134.258 E.02607
G1 X140.662 Y133.571 E.026
G1 X140.623 Y133.371 E.00735
G1 X140.557 Y133.278 E.00413
G1 X140.481 Y133.26 E.00281
G1 X139.822 Y133.296 E.02384
G1 X139.133 Y133.251 E.02494
G1 X138.37 Y133.096 E.02814
G1 X137.695 Y132.861 E.0258
G1 X137.017 Y132.516 E.0275
G1 X136.48 Y132.149 E.02349
G1 X135.991 Y131.722 E.02346
G1 X135.202 Y130.827 E.04311
G1 X134.811 Y130.282 E.02424
G1 X134.692 Y130.074 E.00865
G1 X134.392 Y129.256 E.03148
G1 X134.346 Y128.994 E.00958
G1 X134.306 Y128.413 E.02107
G1 X134.388 Y127.143 E.04595
G1 X134.543 Y126.359 E.02888
G1 X134.795 Y125.636 E.02768
G1 X135.121 Y124.997 E.02589
G1 X135.466 Y124.485 E.02233
G1 X135.918 Y123.962 E.02495
G1 X136.498 Y123.449 E.02799
G1 X137.149 Y123.019 E.02818
G1 X137.209 Y122.921 E.00413
G1 X137.201 Y122.856 E.00239
G1 X136.938 Y122.159 E.02691
G1 X136.772 Y121.446 E.02644
G1 X136.701 Y120.627 E.02969
G1 X136.732 Y119.98 E.02342
G1 X136.849 Y119.298 E.02499
G1 X137.056 Y118.621 E.02559
G1 X137.353 Y117.969 E.02586
G1 X137.943 Y116.999 E.04105
G1 X138.257 Y116.6 E.01834
SET_VELOCITY_LIMIT ACCEL=3000
G1 X138.613 Y116.884 F30000
SET_VELOCITY_LIMIT ACCEL=500
G1 F6300
G1 X138.755 Y116.707 E.00818
G1 X138.965 Y116.512 E.01037
G1 X139.421 Y116.193 E.02009
G1 X139.67 Y116.065 E.01011
G1 X140.311 Y115.842 E.02453
G1 X141.321 Y115.605 E.03748
G1 X141.962 Y115.534 E.02331
G1 X142.735 Y115.56 E.02794
G1 X143.411 Y115.679 E.02481
G1 X144.048 Y115.884 E.02417
G1 X144.651 Y116.17 E.0241
G1 X145.147 Y116.487 E.02129
G1 X145.661 Y116.914 E.02412
G1 X145.893 Y117.163 E.0123
G1 X145.999 Y117.206 E.00413
G1 X146.089 Y117.167 E.00353
G1 X146.51 Y116.758 E.02123
G1 X147.156 Y116.283 E.02898
G1 X147.674 Y116.003 E.02125
G1 X148.217 Y115.786 E.02113
G1 X148.982 Y115.597 E.02847
G1 X149.556 Y115.535 E.02086
G1 X150.186 Y115.544 E.02279
G1 X150.837 Y115.635 E.02373
G1 X152.001 Y115.938 E.04345
G1 X152.659 Y116.242 E.02619
G1 X152.845 Y116.361 E.008
G1 X153.472 Y116.969 E.03154
G1 X153.793 Y117.438 E.02052
G1 X154.293 Y118.283 E.03548
G1 X154.573 Y118.943 E.02591
G1 X154.761 Y119.672 E.02719
G1 X154.836 Y120.32 E.02357
G1 X154.831 Y120.89 E.02058
G1 X154.727 Y121.628 E.02693
G1 X154.53 Y122.309 E.02561
G1 X154.307 Y122.823 E.02024
G1 X154.185 Y123.032 E.00876
G1 X154.174 Y123.146 E.00413
G1 X154.237 Y123.221 E.00355
G1 X154.955 Y123.618 E.02963
G1 X155.445 Y123.991 E.02225
G1 X155.922 Y124.46 E.02416
G1 X156.321 Y124.972 E.02348
G1 X156.644 Y125.516 E.02284
G1 X156.906 Y126.128 E.02404
G1 X157.069 Y126.693 E.02124
G1 X157.187 Y127.489 E.02909
G1 X157.24 Y128.457 E.03502
G1 X157.123 Y129.31 E.03109
G1 X157.044 Y129.529 E.00841
G1 X156.631 Y130.296 E.03148
G1 X156.017 Y131.046 E.03503
G1 X155.603 Y131.48 E.02165
G1 X155.063 Y131.918 E.02512
G1 X154.478 Y132.275 E.02475
G1 X153.879 Y132.538 E.02364
G1 X153.274 Y132.716 E.0228
G1 X152.619 Y132.82 E.02394
G1 X151.92 Y132.835 E.02527
G1 X151.146 Y132.739 E.02817
G1 X151.037 Y132.773 E.00413
G1 X150.993 Y132.861 E.00354
G1 X150.97 Y133.08 E.00796
G1 X150.825 Y133.715 E.02354
G1 X150.599 Y134.329 E.02363
M73 P17 R10
G1 X150.274 Y134.941 E.02504
G1 X149.855 Y135.519 E.02578
G1 X149.459 Y135.939 E.02088
G1 X148.975 Y136.343 E.02278
G1 X148.408 Y136.702 E.02423
G1 X147.356 Y137.166 E.04156
G1 X146.728 Y137.379 E.02393
G1 X146.547 Y137.413 E.00665
G1 X145.854 Y137.464 E.02513
G1 X145.633 Y137.444 E.00802
G1 X145.114 Y137.332 E.01916
G1 X144.014 Y136.911 E.04258
G1 X143.318 Y136.543 E.02843
G1 X142.837 Y136.199 E.02138
G1 X142.371 Y135.772 E.02282
G1 X141.94 Y135.261 E.02417
G1 X141.598 Y134.728 E.02286
G1 X141.287 Y134.057 E.02671
G1 X141.097 Y133.431 E.02364
G1 X140.998 Y132.846 E.02146
G1 X140.934 Y132.751 E.00413
G1 X140.839 Y132.734 E.00349
G1 X140.439 Y132.805 E.01468
G1 X139.861 Y132.841 E.02091
G1 X139.155 Y132.794 E.02557
G1 X138.455 Y132.647 E.02581
G1 X137.842 Y132.428 E.02355
G1 X137.279 Y132.141 E.02282
G1 X136.787 Y131.81 E.02142
G1 X136.285 Y131.372 E.02408
G1 X135.542 Y130.522 E.04079
G1 X135.18 Y130.012 E.02258
G1 X135.087 Y129.844 E.00693
G1 X134.843 Y129.182 E.02551
G1 X134.803 Y128.97 E.00777
G1 X134.762 Y128.372 E.02165
G1 X134.844 Y127.166 E.04367
G1 X134.972 Y126.515 E.02397
G1 X135.2 Y125.848 E.02547
G1 X135.495 Y125.26 E.02377
G1 X135.85 Y124.734 E.02293
G1 X136.267 Y124.257 E.02289
G1 X136.805 Y123.787 E.0258
G1 X137.35 Y123.429 E.02356
G1 X137.754 Y123.23 E.01627
G1 X137.826 Y123.141 E.00413
G1 X137.814 Y123.043 E.00355
G1 X137.608 Y122.648 E.0161
G1 X137.363 Y121.991 E.02533
G1 X137.216 Y121.338 E.0242
G1 X137.158 Y120.658 E.02464
G1 X137.189 Y119.993 E.02405
G1 X137.3 Y119.371 E.02285
G1 X137.495 Y118.75 E.0235
G1 X137.739 Y118.214 E.02129
G1 X138.338 Y117.229 E.04164
G1 X138.588 Y116.915 E.0145
SET_VELOCITY_LIMIT ACCEL=3000
G1 X138.942 Y117.202 F30000
SET_VELOCITY_LIMIT ACCEL=500
G1 F6300
G1 X139.115 Y116.988 E.00996
G1 X139.219 Y116.892 E.0051
G1 X139.69 Y116.563 E.02076
G1 X139.813 Y116.499 E.00501
G1 X140.408 Y116.289 E.0228
G1 X141.433 Y116.048 E.03804
G1 X142.017 Y115.988 E.0212
G1 X142.651 Y116.009 E.02289
G1 X143.267 Y116.113 E.02258
G1 X143.848 Y116.294 E.02199
G1 X144.397 Y116.551 E.0219
G1 X144.908 Y116.877 E.02191
G1 X145.372 Y117.268 E.02191
G1 X145.78 Y117.718 E.02195
G1 X145.888 Y117.866 E.00662
G1 X145.987 Y117.922 E.00413
G1 X146.106 Y117.871 E.00466
G1 X146.402 Y117.5 E.01716
G1 X146.778 Y117.129 E.01908
G1 X147.365 Y116.689 E.02652
G1 X147.898 Y116.401 E.02188
G1 X148.391 Y116.209 E.0191
G1 X149.021 Y116.052 E.02347
G1 X149.613 Y115.989 E.0215
G1 X150.185 Y116.001 E.02067
G1 X150.777 Y116.088 E.02162
G1 X151.895 Y116.383 E.0418
G1 X152.469 Y116.657 E.02295
G1 X152.597 Y116.745 E.00563
G1 X153.088 Y117.217 E.02459
G1 X153.397 Y117.667 E.01974
G1 X153.905 Y118.524 E.03597
G1 X154.154 Y119.126 E.02355
G1 X154.32 Y119.791 E.02476
G1 X154.382 Y120.375 E.02123
G1 X154.374 Y120.891 E.01863
G1 X154.274 Y121.57 E.02479
G1 X154.114 Y122.119 E.02067
G1 X153.884 Y122.649 E.02085
G1 X153.513 Y123.252 E.02561
G1 X153.499 Y123.366 E.00413
G1 X153.579 Y123.451 E.00423
G1 X154.131 Y123.672 E.02149
G1 X154.674 Y123.978 E.02252
G1 X155.121 Y124.313 E.0202
G1 X155.558 Y124.737 E.02199
G1 X155.926 Y125.201 E.0214
G1 X156.222 Y125.693 E.02071
G1 X156.465 Y126.246 E.02184
G1 X156.633 Y126.828 E.02189
G1 X156.731 Y127.507 E.02479
G1 X156.784 Y128.495 E.03573
G1 X156.691 Y129.161 E.0243
G1 X156.643 Y129.31 E.00565
G1 X156.285 Y129.996 E.02796
G1 X155.659 Y130.761 E.0357
G1 X155.268 Y131.169 E.02042
G1 X154.771 Y131.567 E.02301
G1 X154.237 Y131.887 E.02248
G1 X153.692 Y132.121 E.02143
G1 X153.14 Y132.279 E.02071
G1 X152.543 Y132.369 E.02183
G1 X151.905 Y132.378 E.02307
G1 X151.287 Y132.302 E.02249
G1 X150.749 Y132.163 E.02008
G1 X150.636 Y132.183 E.00413
G1 X150.578 Y132.286 E.00426
G1 X150.526 Y132.97 E.02481
G1 X150.378 Y133.622 E.02416
G1 X150.169 Y134.175 E.02134
G1 X149.907 Y134.669 E.0202
G1 X149.529 Y135.199 E.02352
G1 X149.121 Y135.632 E.02149
G1 X148.678 Y135.995 E.02067
G1 X148.158 Y136.319 E.02215
G1 X147.169 Y136.749 E.03899
G1 X146.642 Y136.931 E.02012
G1 X146.516 Y136.957 E.00465
G1 X145.891 Y137.009 E.02265
G1 X145.737 Y136.999 E.00558
G1 X145.2 Y136.883 E.01984
G1 X144.173 Y136.482 E.03984
G1 X143.591 Y136.177 E.02374
G1 X143.096 Y135.822 E.02201
G1 X142.676 Y135.432 E.02069
G1 X142.287 Y134.963 E.02204
G1 X141.98 Y134.477 E.02075
G1 X141.726 Y133.929 E.02184
G1 X141.549 Y133.364 E.02139
G1 X141.44 Y132.721 E.02354
G1 X141.424 Y132.282 E.01587
G1 X141.372 Y132.18 E.00413
G1 X141.245 Y132.157 E.00467
G1 X140.983 Y132.241 E.00995
G1 X140.419 Y132.349 E.02075
G1 X139.824 Y132.385 E.02152
G1 X139.253 Y132.348 E.02066
G1 X138.614 Y132.218 E.02356
G1 X138.053 Y132.022 E.02149
G1 X137.541 Y131.767 E.02068
G1 X137.035 Y131.426 E.02204
G1 X136.582 Y131.024 E.02188
G1 X135.883 Y130.218 E.03855
G1 X135.55 Y129.743 E.02095
G1 X135.489 Y129.626 E.00477
G1 X135.291 Y129.093 E.02054
G1 X135.259 Y128.947 E.00541
G1 X135.217 Y128.331 E.02229
G1 X135.301 Y127.192 E.04128
G1 X135.422 Y126.598 E.02188
G1 X135.607 Y126.057 E.02067
G1 X135.869 Y125.523 E.0215
G1 X136.234 Y124.982 E.02356
G1 X136.614 Y124.555 E.02068
G1 X137.048 Y124.174 E.02085
G1 X137.608 Y123.806 E.0242
G1 X138.124 Y123.559 E.02067
G1 X138.421 Y123.457 E.01134
G1 X138.504 Y123.379 E.00413
G1 X138.489 Y123.25 E.00469
G1 X138.288 Y122.959 E.01279
G1 X138.038 Y122.492 E.01912
G1 X137.81 Y121.896 E.02307
G1 X137.672 Y121.303 E.02199
G1 X137.614 Y120.685 E.02243
G1 X137.638 Y120.078 E.02195
G1 X137.735 Y119.512 E.02075
G1 X137.907 Y118.947 E.02132
G1 X138.158 Y118.396 E.02189
G1 X138.732 Y117.461 E.03962
G1 X138.917 Y117.233 E.0106
SET_VELOCITY_LIMIT ACCEL=3000
G1 X139.267 Y117.522 F30000
SET_VELOCITY_LIMIT ACCEL=500
G1 F6300
G1 X139.473 Y117.272 E.01172
G1 X139.959 Y116.932 E.02143
G1 X140.513 Y116.734 E.02123
G1 X141.036 Y116.604 E.01948
G1 X141.539 Y116.492 E.01863
G1 X142.069 Y116.442 E.01921
G1 X142.64 Y116.466 E.02065
G1 X143.195 Y116.564 E.02038
G1 X143.715 Y116.732 E.01973
G1 X144.208 Y116.967 E.01972
G1 X144.666 Y117.264 E.01973
G1 X145.08 Y117.62 E.01973
G1 X145.443 Y118.027 E.01972
G1 X145.728 Y118.441 E.01816
G1 X145.927 Y118.817 E.01535
G1 X145.998 Y118.848 E.00281
G1 X146.14 Y118.673 E.00813
G1 X146.408 Y118.227 E.01881
G1 X146.718 Y117.831 E.01816
G1 X147.106 Y117.447 E.01971
G1 X147.578 Y117.094 E.02133
G1 X148.056 Y116.83 E.01972
G1 X148.565 Y116.631 E.01973
G1 X149.066 Y116.507 E.01864
G1 X149.595 Y116.446 E.01924
G1 X150.184 Y116.458 E.0213
G1 X150.712 Y116.541 E.01931
G1 X151.687 Y116.79 E.03634
G1 X152.281 Y117.074 E.02379
G1 X152.704 Y117.465 E.02082
G1 X153.002 Y117.896 E.01891
G1 X153.516 Y118.765 E.03649
G1 X153.733 Y119.304 E.02099
G1 X153.865 Y119.835 E.01974
G1 X153.925 Y120.36 E.01912
G1 X153.917 Y120.893 E.01925
G1 X153.838 Y121.433 E.01971
G1 X153.672 Y121.999 E.02132
G1 X153.463 Y122.471 E.01864
G1 X153.187 Y122.926 E.01924
G1 X152.846 Y123.352 E.01972
G1 X152.606 Y123.605 E.01259
G1 X152.62 Y123.662 E.00213
G1 X153.399 Y123.872 E.02913
G1 X153.903 Y124.068 E.01956
G1 X154.393 Y124.339 E.02022
G1 X154.855 Y124.685 E.02083
G1 X155.243 Y125.068 E.01972
G1 X155.57 Y125.488 E.01923
G1 X155.833 Y125.932 E.01863
G1 X156.048 Y126.434 E.01973
G1 X156.195 Y126.96 E.01972
G1 X156.274 Y127.526 E.02066
G1 X156.328 Y128.533 E.03643
G1 X156.238 Y129.098 E.02069
G1 X155.94 Y129.696 E.02413
G1 X155.302 Y130.476 E.03641
G1 X154.934 Y130.857 E.01914
G1 X154.481 Y131.214 E.02082
G1 X153.999 Y131.497 E.02021
G1 X153.508 Y131.703 E.01923
G1 X153.011 Y131.841 E.01863
G1 X152.47 Y131.918 E.01973
G1 X151.894 Y131.921 E.02083
G1 X151.339 Y131.848 E.02021
G1 X150.854 Y131.718 E.01816
G1 X150.095 Y131.428 E.02936
G1 X150.049 Y131.476 E.00238
G1 X150.101 Y131.848 E.01359
G1 X150.122 Y132.364 E.01864
G1 X150.071 Y132.937 E.0208
G1 X149.952 Y133.457 E.01925
G1 X149.769 Y133.953 E.01911
G1 X149.499 Y134.463 E.02084
G1 X149.199 Y134.882 E.01864
G1 X148.837 Y135.273 E.01923
G1 X148.381 Y135.647 E.02131
G1 X147.912 Y135.934 E.01986
G1 X146.985 Y136.331 E.03646
G1 X146.487 Y136.501 E.019
G1 X145.843 Y136.554 E.02333
G1 X145.286 Y136.434 E.0206
G1 X144.336 Y136.055 E.03694
G1 X143.86 Y135.807 E.01939
G1 X143.413 Y135.494 E.01973
G1 X142.981 Y135.092 E.02132
G1 X142.636 Y134.668 E.01973
G1 X142.365 Y134.23 E.01864
G1 X142.139 Y133.733 E.01973
G1 X141.984 Y133.223 E.01924
G1 X141.89 Y132.641 E.02129
G1 X141.877 Y132.139 E.01816
G1 X141.929 Y131.62 E.01883
G1 X141.922 Y131.445 E.00636
G1 X141.825 Y131.436 E.00349
G1 X141.417 Y131.616 E.01613
G1 X140.9 Y131.791 E.01972
G1 X140.394 Y131.892 E.01864
G1 X139.863 Y131.93 E.01924
G1 X139.274 Y131.891 E.02131
G1 X138.769 Y131.788 E.01864
G1 X138.265 Y131.617 E.01923
G1 X137.737 Y131.354 E.02131
G1 X137.287 Y131.045 E.01973
G1 X136.882 Y130.68 E.0197
G1 X136.226 Y129.915 E.03639
G1 X135.92 Y129.476 E.01935
G1 X135.716 Y128.925 E.02121
G1 X135.672 Y128.29 E.02299
G1 X135.748 Y127.287 E.03636
G1 X135.851 Y126.755 E.01958
G1 X136.042 Y126.196 E.02131
G1 X136.281 Y125.721 E.01924
G1 X136.569 Y125.293 E.01863
G1 X136.961 Y124.852 E.02132
G1 X137.352 Y124.516 E.01864
G1 X137.797 Y124.223 E.01924
G1 X138.329 Y123.968 E.02129
G1 X138.807 Y123.813 E.01816
G1 X139.28 Y123.722 E.01741
G1 X139.377 Y123.661 E.00413
G1 X139.313 Y123.525 E.00543
G1 X138.986 Y123.159 E.01774
G1 X138.694 Y122.75 E.01816
G1 X138.436 Y122.269 E.01971
G1 X138.236 Y121.729 E.02082
G1 X138.116 Y121.195 E.01974
G1 X138.069 Y120.638 E.02022
G1 X138.095 Y120.092 E.01972
G1 X138.186 Y119.585 E.01864
G1 X138.346 Y119.077 E.01924
G1 X138.576 Y118.582 E.01972
G1 X139.125 Y117.694 E.03771
G1 X139.241 Y117.553 E.00661
SET_VELOCITY_LIMIT ACCEL=3000
G1 E-.728 F1800
;WIPE_START
G1 F30000
G1 X139.473 Y117.272 E-.02186
G1 X139.959 Y116.932 E-.03558
G1 X140.188 Y116.85 E-.01456
;WIPE_END
G1 X144.965 Y122.803 Z.6
G1 X150.905 Y130.205 Z.6
G1 Z.2
G1 E.8 F1800
SET_VELOCITY_LIMIT ACCEL=500
;TYPE:Inner wall
;WIDTH:0.499999
G1 F3000
G1 X151.188 Y130.631 E.01848
G1 X150.275 Y130.294 E.03515
M73 P18 R10
G1 X149.939 Y130.226 E.01241
G1 X149.692 Y130.282 E.00914
G1 X149.468 Y130.439 E.00989
G1 X148.968 Y131.003 E.02722
G1 X148.893 Y131.238 E.00893
G1 X148.986 Y132.347 E.04019
G1 X148.907 Y132.935 E.02145
G1 X148.727 Y133.498 E.02134
G1 X148.426 Y134.012 E.02152
G1 X148.043 Y134.459 E.02127
G1 X147.583 Y134.806 E.02082
G1 X147.103 Y135.045 E.01939
G1 X146.336 Y135.353 E.02983
G1 X145.936 Y135.416 E.01465
G1 X145.629 Y135.35 E.01134
G1 X144.797 Y135.016 E.0324
G1 X144.274 Y134.712 E.02185
G1 X143.824 Y134.329 E.02136
G1 X143.467 Y133.855 E.02142
G1 X143.201 Y133.327 E.02136
G1 X143.056 Y132.753 E.0214
G1 X143.014 Y132.162 E.02138
G1 X143.065 Y131.604 E.02026
G1 X143.021 Y130.872 E.02649
G1 X142.888 Y130.601 E.01089
G1 X142.68 Y130.428 E.00977
G1 X142.388 Y130.346 E.01095
G1 X141.606 Y130.307 E.02829
G1 X140.602 Y130.693 E.03887
G1 X140.07 Y130.778 E.01947
G1 X139.458 Y130.765 E.0221
G1 X139.967 Y130.472 E.02122
G1 X140.31 Y130.148 E.01703
G1 X140.592 Y129.755 E.01748
G1 X140.786 Y129.321 E.01718
G1 X140.891 Y128.857 E.01718
G1 X140.904 Y128.382 E.01717
G1 X140.825 Y127.913 E.01717
G1 X140.655 Y127.469 E.01718
G1 X140.402 Y127.067 E.01717
G1 X140.075 Y126.722 E.01717
G1 X139.794 Y126.518 E.01256
G1 X139.253 Y126.253 E.02174
G1 X138.835 Y126.156 E.01553
G1 X138.356 Y126.132 E.0173
G1 X137.856 Y126.212 E.01831
G1 X137.399 Y126.387 E.01766
G1 X137.132 Y126.555 E.01143
G1 X137.208 Y126.401 E.00621
G1 X137.498 Y125.953 E.0193
G1 X137.928 Y125.518 E.02209
G1 X138.444 Y125.169 E.02252
G1 X139.065 Y124.923 E.02413
G1 X139.572 Y124.823 E.01867
G1 X139.815 Y124.728 E.00941
G1 X140.403 Y124.345 E.02535
G1 X140.573 Y124.119 E.01022
G1 X140.636 Y123.855 E.00983
G1 X140.573 Y123.54 E.01158
G1 X140.22 Y122.835 E.0285
G1 X139.884 Y122.462 E.01813
G1 X139.557 Y121.958 E.02169
G1 X139.328 Y121.413 E.02136
G1 X139.223 Y120.83 E.0214
G1 X139.223 Y120.239 E.02138
G1 X139.352 Y119.66 E.02142
G1 X139.583 Y119.108 E.02162
G1 X139.977 Y118.475 E.02692
G1 X140.27 Y118.09 E.01751
G1 X140.501 Y117.936 E.01002
G1 X140.841 Y117.822 E.01294
G1 X141.727 Y117.614 E.03289
G1 X142.335 Y117.587 E.02197
G1 X142.89 Y117.661 E.02024
G1 X143.458 Y117.869 E.02186
G1 X143.983 Y118.174 E.02193
G1 X144.414 Y118.578 E.02134
G1 X144.764 Y119.044 E.02108
G1 X145.049 Y119.572 E.02166
G1 X145.267 Y119.765 E.01053
G1 X145.863 Y120.025 E.0235
G1 X146.14 Y120.081 E.01019
G1 X146.449 Y120.004 E.0115
G1 X146.666 Y119.827 E.01013
G1 X147.043 Y119.363 E.0216
G1 X147.334 Y118.886 E.02021
G1 X147.654 Y118.499 E.01812
G1 X148.189 Y118.053 E.02515
G1 X148.704 Y117.794 E.02086
G1 X148.457 Y118.21 E.01748
G1 X148.324 Y118.598 E.01484
G1 X148.243 Y119.138 E.01971
G1 X148.27 Y119.541 E.01459
G1 X148.402 Y120.071 E.01974
G1 X148.614 Y120.496 E.01717
G1 X148.906 Y120.872 E.01717
G1 X149.265 Y121.183 E.01717
G1 X149.678 Y121.419 E.01717
G1 X150.128 Y121.57 E.01717
G1 X150.6 Y121.629 E.01717
G1 X151.074 Y121.596 E.01717
G1 X151.533 Y121.47 E.01717
G1 X151.958 Y121.258 E.01718
G1 X152.33 Y120.969 E.01703
G1 X152.548 Y120.724 E.01184
G1 X152.784 Y120.36 E.01567
G1 X152.786 Y120.652 E.01055
G1 X152.718 Y121.225 E.02083
G1 X152.526 Y121.785 E.02139
G1 X152.254 Y122.276 E.02029
G1 X151.557 Y123.069 E.03815
G1 X151.432 Y123.373 E.01186
G1 X151.464 Y123.718 E.01253
G1 X151.644 Y124.354 E.02388
G1 X151.853 Y124.587 E.01129
G1 X152.066 Y124.687 E.00852
G1 X152.844 Y124.898 E.02913
G1 X153.387 Y125.086 E.02075
G1 X153.821 Y125.327 E.01794
G1 X154.225 Y125.657 E.01884
G1 X154.606 Y126.096 E.02102
G1 X154.837 Y126.487 E.01639
G1 X155.025 Y126.987 E.01929
G1 X155.154 Y127.85 E.03155
G1 X154.619 Y127.223 E.02981
G1 X154.258 Y126.966 E.016
G1 X153.797 Y126.753 E.01835
G1 X153.333 Y126.648 E.01717
G1 X152.9 Y126.633 E.01567
G1 X152.399 Y126.712 E.0183
G1 X151.945 Y126.884 E.01754
G1 X151.543 Y127.137 E.01717
G1 X151.197 Y127.464 E.01717
G1 X150.943 Y127.822 E.01587
G1 X150.771 Y128.183 E.01446
G1 X150.623 Y128.749 E.02114
G1 X150.61 Y129.224 E.01717
G1 X150.69 Y129.693 E.01718
G1 X150.86 Y130.138 E.01721
G1 X150.883 Y130.172 E.00148
SET_VELOCITY_LIMIT ACCEL=3000
G1 E-.728 F1800
;WIPE_START
G1 F30000
G1 X151.188 Y130.631 E-.03308
G1 X150.579 Y130.407 E-.03892
;WIPE_END
G1 X152.575 Y123.04 Z.6
G1 X153.24 Y120.588 Z.6
G1 Z.2
G1 E.8 F1800
SET_VELOCITY_LIMIT ACCEL=500
;TYPE:Outer wall
G1 F3000
G1 X153.205 Y121.078 E.01773
G1 X153.063 Y121.676 E.02222
G1 X152.883 Y122.108 E.0169
G1 X152.623 Y122.548 E.01849
G1 X151.939 Y123.322 E.03731
G1 X151.882 Y123.489 E.00634
G1 X152.019 Y124.059 E.02118
G1 X152.115 Y124.212 E.00655
G1 X153.38 Y124.591 E.04772
G1 X153.962 Y124.875 E.02339
G1 X154.397 Y125.186 E.01932
G1 X154.766 Y125.559 E.01895
G1 X155.08 Y125.991 E.01931
G1 X155.378 Y126.593 E.02427
G1 X155.523 Y127.076 E.01821
G1 X155.611 Y127.825 E.02726
;WIDTH:0.538453
G1 X155.598 Y127.947 E.00481
;WIDTH:0.576906
G1 X155.586 Y128.069 E.00518
;WIDTH:0.615359
G1 X155.573 Y128.191 E.00555
;WIDTH:0.653812
G1 X155.561 Y128.314 E.00593
G1 X155.578 Y128.494 E.00874
;WIDTH:0.638717
G1 X155.521 Y128.967 E.02247
;WIDTH:0.600803
G1 X155.421 Y129.243 E.01294
;WIDTH:0.556637
G1 X155.32 Y129.519 E.01192
;WIDTH:0.51247
G1 X155.193 Y129.714 E.00863
;WIDTH:0.470571
G1 X155.066 Y129.908 E.00786
;WIDTH:0.428671
G1 X154.878 Y130.141 E.00911
;WIDTH:0.397197
G1 X154.69 Y130.373 E.00837
;WIDTH:0.365723
G1 X154.333 Y130.694 E.01226
;WIDTH:0.365368
G1 X153.778 Y131.035 E.01659
;WIDTH:0.40389
G1 X153.23 Y131.224 E.01654
;WIDTH:0.446066
G1 X152.943 Y131.268 E.00924
;WIDTH:0.488242
G1 X152.656 Y131.312 E.01021
;WIDTH:0.50901
G1 X152.278 Y131.297 E.01394
G1 X151.685 Y131.217 E.02204
;WIDTH:0.499999
G1 X151.067 Y131.073 E.02294
G1 X149.956 Y130.682 E.04254
G1 X149.799 Y130.753 E.00623
G1 X149.356 Y131.253 E.02412
G1 X149.431 Y132.061 E.02933
G1 X149.424 Y132.585 E.01891
G1 X149.303 Y133.256 E.02466
G1 X149.039 Y133.887 E.02472
G1 X148.668 Y134.459 E.02463
G1 X148.169 Y134.948 E.02524
G1 X147.618 Y135.322 E.02403
G1 X146.806 Y135.67 E.03194
G1 X146.309 Y135.844 E.019
G1 X145.905 Y135.877 E.01466
G1 X145.495 Y135.788 E.01518
G1 X144.763 Y135.495 E.02848
G1 X144.196 Y135.217 E.02279
G1 X143.657 Y134.798 E.02467
G1 X143.2 Y134.291 E.02467
G1 X142.866 Y133.696 E.02466
G1 X142.641 Y133.05 E.02469
G1 X142.562 Y132.372 E.02467
G1 X142.608 Y131.658 E.02584
G1 X142.582 Y131.021 E.02303
G1 X142.515 Y130.869 E.00602
G1 X142.348 Y130.801 E.0065
G1 X141.702 Y130.754 E.02341
G1 X141.182 Y130.979 E.02047
G1 X140.693 Y131.141 E.01862
G1 X140.1 Y131.234 E.02166
G1 X139.528 Y131.231 E.02067
G1 X138.946 Y131.116 E.02144
;WIDTH:0.507546
G1 X138.065 Y130.855 E.03374
G1 X137.86 Y130.743 E.0086
;WIDTH:0.477593
G1 X137.655 Y130.63 E.00804
;WIDTH:0.447639
G1 X137.459 Y130.475 E.008
;WIDTH:0.419008
G1 X137.263 Y130.32 E.00743
;WIDTH:0.390377
G1 X136.845 Y129.864 E.01697
;WIDTH:0.378748
G1 X136.636 Y129.568 E.00962
;WIDTH:0.407958
G1 X136.427 Y129.273 E.01045
;WIDTH:0.440873
G1 X136.274 Y128.857 E.01393
;WIDTH:0.467127
G1 X136.235 Y128.33 E.01772
;WIDTH:0.495125
G1 X136.282 Y127.85 E.01726
;WIDTH:0.501266
G1 X136.44 Y127.18 E.02491
G1 X136.584 Y126.687 E.01862
;WIDTH:0.499999
G1 X136.799 Y126.197 E.01934
G1 X137.119 Y125.692 E.02159
G1 X137.46 Y125.318 E.01828
G1 X137.879 Y124.979 E.01949
G1 X138.498 Y124.636 E.02556
G1 X138.994 Y124.465 E.01897
G1 X139.555 Y124.35 E.02068
G1 X140.074 Y124.022 E.02216
G1 X140.158 Y123.926 E.00464
G1 X140.168 Y123.758 E.00609
G1 X139.891 Y123.16 E.02379
G1 X139.527 Y122.749 E.01986
G1 X139.153 Y122.172 E.02483
G1 X138.889 Y121.544 E.02464
G1 X138.768 Y120.871 E.02469
G1 X138.767 Y120.189 E.02466
G1 X138.916 Y119.521 E.0247
G1 X139.181 Y118.889 E.02476
G1 X139.623 Y118.179 E.03022
G1 X139.962 Y117.746 E.01988
G1 X140.298 Y117.522 E.0146
G1 X140.715 Y117.382 E.0159
G1 X141.654 Y117.161 E.03482
G1 X142.353 Y117.13 E.02531
G1 X143.008 Y117.217 E.02386
G1 X143.653 Y117.453 E.02482
G1 X144.248 Y117.8 E.02485
G1 X144.754 Y118.271 E.02499
G1 X145.157 Y118.808 E.02426
G1 X145.397 Y119.268 E.01876
G1 X145.512 Y119.377 E.00573
G1 X146.125 Y119.624 E.02384
G1 X146.291 Y119.562 E.0064
G1 X146.707 Y119.048 E.02389
G1 X146.994 Y118.579 E.01987
G1 X147.335 Y118.173 E.01914
G1 X147.821 Y117.756 E.02314
G1 X148.299 Y117.468 E.02017
G1 X148.78 Y117.275 E.01874
;WIDTH:0.521141
G1 X149.91 Y117.033 E.04365
;WIDTH:0.502752
G1 X150.174 Y117.046 E.00964
;WIDTH:0.460527
G1 X150.439 Y117.059 E.00875
;WIDTH:0.418302
G1 X150.704 Y117.072 E.00787
;WIDTH:0.376076
G1 X151.423 Y117.244 E.01947
;WIDTH:0.385711
G1 X151.93 Y117.47 E.01504
;WIDTH:0.389223
G1 X152.298 Y117.799 E.0135
;WIDTH:0.398075
G1 X152.672 Y118.376 E.01931
;WIDTH:0.433801
G1 X152.773 Y118.582 E.00708
;WIDTH:0.469527
G1 X152.875 Y118.787 E.00773
;WIDTH:0.505253
G1 X152.976 Y118.993 E.00837
;WIDTH:0.512227
G1 X153.202 Y119.96 E.03683
;WIDTH:0.499999
G1 X153.246 Y120.498 E.01951
G1 X153.243 Y120.548 E.00181
SET_VELOCITY_LIMIT ACCEL=3000
G1 E-.728 F1800
;WIPE_START
G1 F30000
G1 X153.205 Y121.078 E-.03185
G1 X153.063 Y121.676 E-.0369
G1 X153.042 Y121.726 E-.00326
;WIPE_END
G1 X151.251 Y129.145 Z.6
G1 X151.139 Y129.608 Z.6
G1 Z.2
G1 E.8 F1800
SET_VELOCITY_LIMIT ACCEL=500
G1 F3000
G1 X151.282 Y129.962 E.01381
G1 X151.52 Y130.314 E.01535
G1 X151.933 Y130.657 E.01938
;WIDTH:0.516048
G1 X152.298 Y130.826 E.01508
G1 X152.643 Y130.875 E.01303
;WIDTH:0.488242
G1 X152.916 Y130.872 E.00961
;WIDTH:0.446066
G1 X153.189 Y130.868 E.0087
;WIDTH:0.40389
G1 X153.567 Y130.774 E.0111
;WIDTH:0.365723
G1 X154.029 Y130.536 E.01327
G1 X154.436 Y130.178 E.01382
;WIDTH:0.397197
G1 X154.584 Y129.956 E.00747
;WIDTH:0.428671
G1 X154.731 Y129.734 E.00813
;WIDTH:0.472109
G1 X154.814 Y129.502 E.00834
;WIDTH:0.515547
G1 X154.896 Y129.271 E.00918
;WIDTH:0.558984
G1 X154.979 Y129.039 E.01003
;WIDTH:0.606398
G1 X154.975 Y128.74 E.01332
;WIDTH:0.653812
G1 X154.971 Y128.441 E.01444
G1 X154.886 Y128.311 E.00752
;WIDTH:0.615359
G1 X154.8 Y128.18 E.00705
;WIDTH:0.576906
G1 X154.715 Y128.05 E.00658
;WIDTH:0.538453
G1 X154.629 Y127.92 E.0061
;WIDTH:0.499999
G1 X154.295 Y127.546 E.01812
G1 X154.004 Y127.346 E.01276
M73 P19 R10
G1 X153.622 Y127.176 E.01512
G1 X153.244 Y127.096 E.01395
G1 X152.897 Y127.09 E.01255
G1 X152.482 Y127.162 E.01521
G1 X152.12 Y127.306 E.01407
G1 X151.797 Y127.517 E.01395
G1 X151.521 Y127.787 E.01395
G1 X151.323 Y128.076 E.01264
G1 X151.193 Y128.358 E.01123
G1 X151.071 Y128.838 E.0179
G1 X151.067 Y129.224 E.01395
G1 X151.131 Y129.568 E.01265
SET_VELOCITY_LIMIT ACCEL=3000
G1 E-.728 F1800
;WIPE_START
G1 F30000
G1 X151.282 Y129.962 E-.0253
G1 X151.52 Y130.314 E-.0255
G1 X151.792 Y130.54 E-.0212
;WIPE_END
G1 X150.245 Y123.066 Z.6
G1 X149.812 Y120.971 Z.6
G1 Z.2
G1 E.8 F1800
SET_VELOCITY_LIMIT ACCEL=500
G1 F3000
G1 X149.893 Y121.016 E.00333
G1 X150.261 Y121.132 E.01395
G1 X150.645 Y121.174 E.01395
G1 X151.029 Y121.141 E.01395
G1 X151.4 Y121.033 E.01395
G1 X151.61 Y120.926 E.00849
G1 X152.04 Y120.616 E.01917
G1 X152.291 Y120.314 E.01417
G1 X152.489 Y119.901 E.01655
;WIDTH:0.516247
G1 X152.58 Y119.356 E.02067
G1 X152.53 Y119.107 E.00954
;WIDTH:0.483856
G1 X152.48 Y118.857 E.00888
;WIDTH:0.451465
G1 X152.409 Y118.676 E.00628
;WIDTH:0.421486
G1 X152.338 Y118.495 E.00581
;WIDTH:0.391506
G1 X152.019 Y118.004 E.01611
;WIDTH:0.389223
G1 X151.75 Y117.759 E.00998
;WIDTH:0.385711
G1 X151.415 Y117.572 E.01038
;WIDTH:0.362197
G1 X151.031 Y117.451 E.01017
;WIDTH:0.376076
G1 X150.649 Y117.399 E.01016
;WIDTH:0.403327
G1 X150.468 Y117.405 E.00515
;WIDTH:0.430578
G1 X150.287 Y117.411 E.00554
;WIDTH:0.477534
G1 X149.971 Y117.489 E.0112
;WIDTH:0.524489
G1 X149.654 Y117.566 E.01241
G1 X149.321 Y117.799 E.01546
;WIDTH:0.499999
G1 X149.053 Y118.086 E.01418
G1 X148.858 Y118.429 E.01426
G1 X148.761 Y118.732 E.01149
G1 X148.697 Y119.198 E.01699
G1 X148.725 Y119.496 E.01082
G1 X148.839 Y119.938 E.0165
G1 X149.018 Y120.281 E.01395
G1 X149.259 Y120.582 E.01395
G1 X149.555 Y120.83 E.01395
G1 X149.777 Y120.952 E.00917
SET_VELOCITY_LIMIT ACCEL=3000
G1 E-.728 F1800
;WIPE_START
G1 F30000
G1 X149.893 Y121.016 E-.00793
G1 X150.261 Y121.132 E-.02316
G1 X150.645 Y121.174 E-.02316
G1 X150.939 Y121.149 E-.01774
;WIPE_END
G1 X144.832 Y125.726 Z.6
G1 X140.362 Y129.075 Z.6
G1 Z.2
G1 E.8 F1800
SET_VELOCITY_LIMIT ACCEL=500
G1 F3000
G1 X140.41 Y128.933 E.00541
G1 X140.447 Y128.382 E.01997
G1 X140.376 Y128.003 E.01395
G1 X140.233 Y127.644 E.01395
G1 X140.022 Y127.321 E.01395
G1 X139.752 Y127.045 E.01395
G1 X139.54 Y126.898 E.00933
G1 X139.079 Y126.675 E.0185
G1 X138.612 Y126.591 E.01711
G1 X137.939 Y126.661 E.02448
G1 X137.577 Y126.808 E.01411
G1 X137.296 Y126.998 E.01226
G1 X136.989 Y127.316 E.01594
;WIDTH:0.508066
G1 X136.803 Y127.664 E.01452
G1 X136.67 Y128.173 E.01934
;WIDTH:0.470557
G1 X136.649 Y128.704 E.01798
;WIDTH:0.448292
G1 X136.73 Y129.066 E.01187
;WIDTH:0.418613
G1 X136.885 Y129.39 E.01066
;WIDTH:0.373785
G1 X137.108 Y129.702 E.01005
;WIDTH:0.390377
G1 X137.491 Y130.062 E.01443
;WIDTH:0.427468
G1 X137.724 Y130.195 E.00815
;WIDTH:0.464558
G1 X137.957 Y130.328 E.00894
;WIDTH:0.48973
G1 X138.228 Y130.403 E.00994
;WIDTH:0.514901
G1 X138.499 Y130.479 E.0105
G1 X139.003 Y130.437 E.01886
;WIDTH:0.499999
G1 X139.293 Y130.336 E.01111
G1 X139.716 Y130.09 E.01766
G1 X139.988 Y129.825 E.01371
G1 X140.233 Y129.461 E.01585
G1 X140.35 Y129.113 E.01326
SET_VELOCITY_LIMIT ACCEL=3000
G1 E-.728 F1800
;WIPE_START
G1 F30000
G1 X140.41 Y128.933 E-.01138
G1 X140.447 Y128.382 E-.03316
G1 X140.376 Y128.003 E-.02316
G1 X140.35 Y127.936 E-.0043
;WIPE_END
G1 X145.132 Y121.987 Z.6
G1 X147.594 Y118.925 Z.6
G1 Z.2
G1 E.8 F1800
SET_VELOCITY_LIMIT ACCEL=500
;TYPE:Bottom surface
;WIDTH:0.511407
G1 F6300
G1 X148.022 Y119.353 E.02243
SET_VELOCITY_LIMIT ACCEL=3000
G1 E-.76366 F1800
;WIPE_START
G1 F30000
G1 X147.594 Y118.925 E-.03634
;WIPE_END
G1 X151.66 Y121.666 Z.6
G1 Z.2
G1 E.8 F1800
SET_VELOCITY_LIMIT ACCEL=500
G1 F6300
G1 X151.944 Y121.95 E.01487
G1 X151.644 Y122.312 E.01743
G1 X151.32 Y121.989 E.01695
G1 X150.92 Y122.048 E.01499
G1 X150.725 Y122.056 E.00722
G1 X151.334 Y122.665 E.03191
G1 X151.205 Y122.813 E.00727
G1 X151.071 Y123.065 E.01055
G1 X149.983 Y121.976 E.057
G1 X149.498 Y121.815 E.01892
G1 X149.076 Y121.585 E.0178
G1 X148.656 Y121.242 E.02008
G1 X148.294 Y120.805 E.02101
G1 X148.066 Y120.392 E.01747
G1 X147.989 Y120.205 E.00748
G1 X147.898 Y119.891 E.01212
G1 X147.481 Y119.475 E.02179
G1 X147.388 Y119.627 E.00662
G1 X147.199 Y119.855 E.01096
G1 X151.291 Y123.947 E.21431
SET_VELOCITY_LIMIT ACCEL=3000
G1 E-.728 F1800
;WIPE_START
G1 F30000
G1 X150.443 Y123.099 E-.072
;WIPE_END
G1 X152.342 Y124.999 Z.6
G1 Z.2
G1 E.8 F1800
SET_VELOCITY_LIMIT ACCEL=500
G1 F6300
G1 X153.608 Y126.265 E.0663
G1 X153.219 Y126.2 E.01462
G1 X152.89 Y126.209 E.01217
G1 X146.897 Y120.216 E.31386
G1 X146.652 Y120.39 E.01112
G1 X146.477 Y120.458 E.00696
G1 X152.307 Y126.288 E.3053
G1 X152.104 Y126.348 E.00786
G1 X151.824 Y126.468 E.01125
G1 X145.816 Y120.459 E.31466
G1 X145.706 Y120.431 E.0042
G1 X145.15 Y120.192 E.02239
G1 X144.948 Y120.077 E.00863
G1 X144.801 Y119.952 E.00713
G1 X144.635 Y119.732 E.01019
G1 X144.392 Y119.269 E.01939
G1 X144.196 Y118.984 E.01281
G1 X143.97 Y118.733 E.01251
G1 X143.731 Y118.53 E.01159
G1 X143.273 Y118.263 E.01963
G1 X142.775 Y118.082 E.01961
G1 X151.403 Y126.709 E.45183
G1 X151.138 Y126.909 E.01229
G1 X151.04 Y127.009 E.00518
G1 X142.051 Y118.02 E.47075
G1 X141.797 Y118.043 E.00947
G1 X141.485 Y118.116 E.01185
G1 X150.73 Y127.362 E.48416
G1 X150.474 Y127.768 E.01778
G1 X140.949 Y118.243 E.49878
G1 X140.694 Y118.329 E.00998
G1 X140.563 Y118.416 E.00582
G1 X140.516 Y118.473 E.00272
G1 X150.288 Y128.245 E.51176
G1 X150.182 Y128.801 E.02096
G1 X140.246 Y118.865 E.52033
G1 X139.992 Y119.273 E.01781
G1 X150.213 Y129.495 E.53529
G1 X150.283 Y129.841 E.0131
G1 X150.218 Y129.818 E.00258
G1 X149.925 Y129.79 E.01087
G1 X149.856 Y129.8 E.00261
G1 X139.785 Y119.729 E.52737
G1 X139.714 Y119.953 E.00869
M73 P20 R10
G1 X139.659 Y120.265 E.01174
G1 X149.368 Y129.975 E.50846
G1 X149.246 Y130.05 E.00529
G1 X149.018 Y130.287 E.0122
G1 X139.669 Y120.938 E.4896
G1 X139.745 Y121.29 E.01334
G1 X139.862 Y121.607 E.01252
G1 X140.02 Y121.906 E.01252
G1 X140.136 Y122.068 E.00736
G1 X148.701 Y130.633 E.44856
G1 X148.585 Y130.794 E.00735
G1 X148.508 Y130.977 E.00736
G1 X148.485 Y131.079 E.00387
G1 X141.052 Y123.646 E.38924
G1 X141.072 Y123.871 E.00836
G1 X141.023 Y124.161 E.01088
G1 X140.986 Y124.242 E.00332
G1 X148.506 Y131.763 E.39384
G1 X148.535 Y131.976 E.00797
G1 X148.551 Y132.337 E.01337
G1 X148.54 Y132.459 E.00454
G1 X140.72 Y124.639 E.40953
G1 X140.327 Y124.909 E.01764
G1 X148.44 Y133.022 E.42486
G1 X148.33 Y133.321 E.01179
G1 X148.242 Y133.487 E.00695
G1 X139.917 Y125.162 E.43597
G1 X139.773 Y125.222 E.0058
G1 X139.39 Y125.296 E.01445
G1 X147.981 Y133.888 E.44992
G1 X147.746 Y134.142 E.01282
G1 X147.65 Y134.22 E.00456
G1 X141.24 Y127.81 E.3357
G1 X141.217 Y127.697 E.00426
G1 X141.019 Y127.22 E.01913
G1 X140.758 Y126.818 E.01772
G1 X140.631 Y126.663 E.00744
G1 X140.366 Y126.398 E.01389
G1 X139.923 Y126.081 E.02014
G1 X139.742 Y125.984 E.00762
G1 X139.22 Y125.79 E.0206
G1 X138.875 Y125.444 E.01811
G1 X138.587 Y125.582 E.01179
G1 X138.444 Y125.676 E.00636
G1 X138.685 Y125.917 E.01263
SET_VELOCITY_LIMIT ACCEL=3000
G1 E-.728 F1800
;WIPE_START
G1 F30000
G1 X138.444 Y125.676 E-.02046
G1 X138.587 Y125.582 E-.01031
G1 X138.875 Y125.444 E-.01911
G1 X139.135 Y125.705 E-.02212
;WIPE_END
G1 X141.128 Y128.36 Z.6
G1 Z.2
G1 E.8 F1800
SET_VELOCITY_LIMIT ACCEL=500
G1 F6300
G1 X147.262 Y134.494 E.32123
G1 X146.806 Y134.7 E.01855
G1 X143.49 Y131.385 E.17362
G1 X143.5 Y131.598 E.00791
G1 X143.463 Y132.02 E.01566
G1 X146.337 Y134.894 E.15052
G1 X146.127 Y134.965 E.0082
G1 X145.965 Y134.978 E.00604
G1 X145.684 Y134.904 E.01074
G1 X143.488 Y132.708 E.11501
G1 X143.511 Y132.851 E.00537
G1 X143.608 Y133.175 E.01251
G1 X143.747 Y133.482 E.01251
G1 X143.926 Y133.77 E.01252
G1 X144.106 Y133.988 E.01048
G1 X144.949 Y134.831 E.04415
SET_VELOCITY_LIMIT ACCEL=3000
G1 E-.728 F1800
;WIPE_START
G1 F30000
G1 X144.106 Y133.988 E-.07154
G1 X144.101 Y133.982 E-.00046
;WIPE_END
G1 X142.213 Y130.107 Z.6
G1 Z.2
G1 E.8 F1800
SET_VELOCITY_LIMIT ACCEL=500
G1 F6300
G1 X141.269 Y129.164 E.04941
G1 X141.248 Y129.29 E.00473
G1 X141.108 Y129.665 E.01483
G1 X141.371 Y129.928 E.01378
G1 X140.907 Y130.126 E.01869
G1 X140.727 Y129.947 E.00939
SET_VELOCITY_LIMIT ACCEL=3000
G1 E-.728 F1800
;WIPE_START
G1 F30000
G1 X140.907 Y130.126 E-.01522
G1 X141.371 Y129.928 E-.03029
G1 X141.108 Y129.665 E-.02233
G1 X141.132 Y129.6 E-.00417
;WIPE_END
G1 X148.545 Y127.781 Z.6
G1 X153.75 Y126.504 Z.6
G1 Z.2
G1 E.8 F1800
SET_VELOCITY_LIMIT ACCEL=500
;TYPE:Gap infill
;WIDTH:0.613594
G1 F6300
G1 X154.15 Y126.349 E.01937
;WIDTH:0.594691
G1 X154.128 Y126.287 E.00289
;WIDTH:0.553517
G1 X154.105 Y126.224 E.00267
;WIDTH:0.512344
G1 X154.082 Y126.162 E.00246
;WIDTH:0.450242
G1 X154.06 Y126.1 E.00213
G1 X153.82 Y125.861 E.01089
;WIDTH:0.419372
G1 X153.562 Y125.638 E.01015
;WIDTH:0.370696
G1 X153.243 Y125.397 E.01034
;WIDTH:0.346631
G1 X152.925 Y125.157 E.00958
SET_VELOCITY_LIMIT ACCEL=3000
G1 E-.77604 F1800
;WIPE_START
G1 F30000
G1 X153.243 Y125.397 E-.02396
;WIPE_END
G1 X145.626 Y125.884 Z.6
G1 X124.377 Y127.242 Z.6
G1 Z.2
G1 E.8 F1800
SET_VELOCITY_LIMIT ACCEL=500
;TYPE:Brim
;WIDTH:0.5
G1 F6300
G1 X124.438 Y128.36 E.04046
G1 X124.379 Y129.282 E.0334
G1 X124.295 Y129.777 E.01812
G1 X124.129 Y130.439 E.02467
G1 X123.862 Y131.079 E.02505
G1 X123.642 Y131.507 E.01738
G1 X123.166 Y132.246 E.03175
G1 X122.782 Y132.726 E.02222
G1 X122.234 Y133.363 E.03035
G1 X121.889 Y133.718 E.01791
G1 X121.454 Y134.11 E.02114
G1 X121.061 Y134.421 E.01809
G1 X120.575 Y134.754 E.0213
G1 X120.145 Y135.01 E.01809
G1 X119.617 Y135.278 E.02139
G1 X119.156 Y135.474 E.01809
G1 X118.601 Y135.669 E.02127
G1 X118.119 Y135.802 E.01806
G1 X117.473 Y135.932 E.02382
G1 X117.315 Y136.05 E.0071
G1 X117.166 Y136.333 E.01157
G1 X116.857 Y136.837 E.02134
G1 X116.567 Y137.245 E.01809
G1 X116.196 Y137.701 E.02124
G1 X115.856 Y138.068 E.01809
G1 X115.426 Y138.473 E.02132
G1 X115.04 Y138.791 E.01809
G1 X114.56 Y139.136 E.02133
G1 X114.135 Y139.4 E.01809
G1 X113.616 Y139.678 E.02127
G1 X112.996 Y139.954 E.0245
G1 X112.285 Y140.235 E.02764
G1 X111.815 Y140.394 E.0179
G1 X111.271 Y140.541 E.02037
G1 X110.739 Y140.617 E.01944
G1 X110.255 Y140.657 E.01754
G1 X109.603 Y140.662 E.02355
G1 X108.928 Y140.569 E.0246
G1 X108.456 Y140.466 E.01746
G1 X107.753 Y140.252 E.02654
G1 X106.818 Y139.879 E.03638
G1 X105.957 Y139.454 E.0347
G1 X105.454 Y139.146 E.02127
G1 X105.045 Y138.857 E.01809
G1 X104.588 Y138.487 E.02127
G1 X104.221 Y138.146 E.01809
G1 X103.815 Y137.716 E.02137
G1 X103.496 Y137.33 E.01809
G1 X103.151 Y136.852 E.0213
G1 X102.886 Y136.427 E.01809
M73 P21 R10
G1 X102.683 Y136.049 E.01552
G1 X102.525 Y135.932 E.00709
G1 X101.985 Y135.828 E.01987
G1 X101.416 Y135.674 E.0213
G1 X100.942 Y135.513 E.01809
G1 X100.4 Y135.286 E.02124
G1 X99.951 Y135.063 E.01809
G1 X99.44 Y134.765 E.02139
G1 X99.025 Y134.485 E.01809
G1 X98.558 Y134.123 E.02134
G1 X98.184 Y133.79 E.0181
G1 X97.788 Y133.39 E.02033
G1 X97.089 Y132.577 E.03872
G1 X96.54 Y131.82 E.03379
G1 X96.236 Y131.31 E.02148
G1 X95.992 Y130.74 E.02238
G1 X95.833 Y130.283 E.0175
G1 X95.665 Y129.655 E.02349
G1 X95.589 Y129.037 E.02249
G1 X95.564 Y128.551 E.01759
G1 X95.569 Y128.006 E.01968
G1 X95.646 Y126.973 E.03742
G1 X95.717 Y126.454 E.01895
G1 X95.815 Y125.963 E.01807
G1 X95.967 Y125.394 E.02128
G1 X96.128 Y124.92 E.01809
G1 X96.354 Y124.375 E.02131
G1 X96.577 Y123.927 E.01809
G1 X96.873 Y123.417 E.02131
G1 X97.153 Y123.002 E.01809
G1 X97.513 Y122.537 E.02124
G1 X98.002 Y122.006 E.02607
G1 X98.061 Y121.825 E.00687
G1 X97.974 Y121.061 E.02781
G1 X97.959 Y120.473 E.02124
G1 X97.98 Y119.972 E.01809
G1 X98.043 Y119.387 E.02127
G1 X98.13 Y118.894 E.01809
G1 X98.27 Y118.321 E.02131
G1 X98.421 Y117.844 E.01809
G1 X98.636 Y117.294 E.02134
G1 X98.849 Y116.84 E.01812
G1 X99.097 Y116.384 E.01873
G1 X99.625 Y115.532 E.03623
G1 X99.987 Y115.031 E.02231
G1 X100.306 Y114.647 E.01804
G1 X100.751 Y114.185 E.02318
G1 X101.273 Y113.779 E.0239
G1 X101.676 Y113.51 E.01751
G1 X102.2 Y113.212 E.02177
G1 X102.733 Y112.992 E.02084
G1 X103.197 Y112.836 E.0177
G1 X103.552 Y112.733 E.01336
G1 X104.623 Y112.481 E.03971
G1 X105.182 Y112.393 E.02045
G1 X105.68 Y112.347 E.01809
G1 X106.269 Y112.331 E.02128
G1 X106.736 Y112.35 E.01689
G1 X107.357 Y112.414 E.02255
G1 X107.85 Y112.499 E.01808
G1 X108.425 Y112.639 E.02137
G1 X108.902 Y112.79 E.01809
G1 X109.452 Y113.004 E.0213
G1 X109.906 Y113.216 E.01811
G1 X110.101 Y113.215 E.00705
G1 X110.529 Y113.011 E.01711
G1 X110.994 Y112.826 E.01809
G1 X111.555 Y112.644 E.02133
G1 X112.041 Y112.522 E.01809
G1 X112.622 Y112.416 E.02135
G1 X113.12 Y112.36 E.01809
G1 X113.709 Y112.332 E.0213
G1 X114.209 Y112.341 E.01809
G1 X114.795 Y112.391 E.02122
G1 X115.729 Y112.555 E.0343
G1 X116.695 Y112.802 E.03601
G1 X117.442 Y113.065 E.0286
G1 X117.897 Y113.273 E.01808
G1 X118.485 Y113.598 E.02428
G1 X119.031 Y114.015 E.02483
G1 X119.393 Y114.339 E.01754
G1 X119.756 Y114.705 E.01863
G1 X120.089 Y115.128 E.01944
G1 X120.486 Y115.71 E.02549
G1 X120.86 Y116.318 E.02578
G1 X121.103 Y116.75 E.01789
G1 X121.354 Y117.276 E.02108
G1 X121.54 Y117.741 E.01809
G1 X121.722 Y118.301 E.02128
G1 X121.845 Y118.787 E.01809
G1 X121.952 Y119.367 E.02133
G1 X122.01 Y119.865 E.01809
G1 X122.039 Y120.455 E.02136
G1 X122.03 Y120.956 E.01809
G1 X121.94 Y121.815 E.03122
G1 X121.998 Y122.004 E.00713
G1 X122.473 Y122.522 E.02539
G1 X122.782 Y122.914 E.01805
G1 X123.114 Y123.4 E.02126
G1 X123.369 Y123.831 E.01809
G1 X123.636 Y124.358 E.02134
G1 X123.831 Y124.819 E.01809
G1 X124.025 Y125.375 E.02129
G1 X124.158 Y125.858 E.01809
G1 X124.277 Y126.435 E.0213
G1 X124.373 Y127.202 E.02792
SET_VELOCITY_LIMIT ACCEL=3000
G1 X123.919 Y127.258 F30000
SET_VELOCITY_LIMIT ACCEL=500
G1 F6300
G1 X123.922 Y127.287 E.00104
G1 X123.98 Y128.366 E.03903
G1 X123.923 Y129.237 E.03153
G1 X123.846 Y129.688 E.01655
G1 X123.697 Y130.285 E.02223
G1 X123.449 Y130.881 E.02333
G1 X123.249 Y131.272 E.01586
G1 X122.798 Y131.973 E.03009
G1 X121.894 Y133.057 E.05102
G1 X121.568 Y133.392 E.01688
G1 X121.163 Y133.758 E.01973
G1 X120.793 Y134.05 E.017
G1 X120.333 Y134.366 E.0202
G1 X119.92 Y134.611 E.01732
G1 X119.428 Y134.861 E.01996
G1 X118.987 Y135.049 E.01732
G1 X118.468 Y135.231 E.01985
G1 X118.018 Y135.356 E.0169
G1 X117.398 Y135.481 E.02285
G1 X117.186 Y135.575 E.00835
G1 X117.054 Y135.675 E.00599
G1 X116.904 Y135.851 E.00835
G1 X116.766 Y136.111 E.01064
G1 X116.473 Y136.588 E.02025
G1 X116.2 Y136.972 E.017
G1 X115.848 Y137.404 E.02015
G1 X115.528 Y137.749 E.01699
G1 X115.12 Y138.132 E.02023
G1 X114.757 Y138.431 E.01699
G1 X114.302 Y138.758 E.02023
G1 X113.902 Y139.006 E.017
G1 X113.419 Y139.264 E.0198
G1 X112.822 Y139.531 E.02362
G1 X112.124 Y139.806 E.02711
G1 X111.678 Y139.957 E.01701
G1 X111.171 Y140.093 E.01898
G1 X110.691 Y140.162 E.01749
G1 X110.239 Y140.2 E.01639
G1 X109.642 Y140.205 E.02156
G1 X109.013 Y140.12 E.02293
G1 X108.577 Y140.025 E.01613
G1 X107.9 Y139.818 E.02559
G1 X107.009 Y139.463 E.03465
G1 X106.183 Y139.056 E.03327
G1 X105.702 Y138.762 E.02036
G1 X105.318 Y138.49 E.017
G1 X104.884 Y138.138 E.02018
G1 X104.539 Y137.818 E.017
G1 X104.16 Y137.417 E.01994
G1 X103.855 Y137.047 E.01732
G1 X103.533 Y136.601 E.01988
G1 X103.284 Y136.202 E.017
G1 X103.093 Y135.846 E.01458
G1 X102.942 Y135.672 E.00834
G1 X102.808 Y135.574 E.00598
G1 X102.597 Y135.481 E.00834
G1 X102.083 Y135.381 E.01891
G1 X101.545 Y135.236 E.02015
G1 X101.1 Y135.083 E.017
G1 X100.585 Y134.868 E.02015
G1 X100.164 Y134.658 E.017
G1 X99.687 Y134.38 E.01996
G1 X99.297 Y134.117 E.01699
G1 X98.854 Y133.774 E.02024
G1 X98.495 Y133.455 E.01735
G1 X98.121 Y133.076 E.01924
G1 X97.452 Y132.298 E.03708
G1 X96.919 Y131.563 E.03279
G1 X96.641 Y131.093 E.01973
G1 X96.42 Y130.579 E.0202
G1 X96.269 Y130.144 E.01667
G1 X96.114 Y129.558 E.02189
G1 X96.045 Y128.992 E.02059
G1 X96.021 Y128.537 E.01647
G1 X96.026 Y128.021 E.01865
G1 X96.101 Y127.017 E.03637
G1 X96.168 Y126.533 E.01765
G1 X96.261 Y126.062 E.01735
G1 X96.403 Y125.531 E.01986
G1 X96.554 Y125.086 E.017
G1 X96.769 Y124.569 E.02021
G1 X96.982 Y124.139 E.01732
G1 X97.258 Y123.663 E.01988
G1 X97.526 Y123.266 E.01732
G1 X97.866 Y122.828 E.02004
G1 X98.328 Y122.327 E.02461
G1 X98.441 Y122.134 E.00807
G1 X98.491 Y121.981 E.0058
G1 X98.513 Y121.759 E.00807
G1 X98.43 Y121.023 E.02676
G1 X98.416 Y120.481 E.01958
G1 X98.436 Y120.011 E.01699
G1 X98.496 Y119.456 E.02018
G1 X98.577 Y118.992 E.017
G1 X98.709 Y118.449 E.02021
G1 X98.854 Y117.992 E.01732
G1 X99.058 Y117.47 E.02025
G1 X99.259 Y117.042 E.01707
G1 X99.494 Y116.61 E.01777
G1 X100.003 Y115.79 E.03486
G1 X100.345 Y115.315 E.02116
G1 X100.65 Y114.949 E.01722
G1 X101.051 Y114.533 E.02087
G1 X101.545 Y114.147 E.02264
G1 X101.921 Y113.897 E.01631
G1 X102.393 Y113.628 E.01965
G1 X102.889 Y113.422 E.01939
G1 X103.337 Y113.271 E.01708
G1 X103.672 Y113.174 E.01261
G1 X104.706 Y112.931 E.03835
G1 X105.234 Y112.848 E.01933
G1 X105.703 Y112.804 E.01701
G1 X106.27 Y112.789 E.02051
G1 X106.708 Y112.806 E.01582
G1 X107.29 Y112.866 E.02113
G1 X107.761 Y112.948 E.01729
G1 X108.297 Y113.079 E.01994
G1 X108.746 Y113.22 E.017
G1 X109.268 Y113.422 E.02021
G1 X109.698 Y113.624 E.01718
G1 X109.923 Y113.673 E.0083
G1 X110.088 Y113.672 E.00596
G1 X110.312 Y113.621 E.0083
G1 X110.716 Y113.429 E.01618
G1 X111.145 Y113.258 E.01667
G1 X111.677 Y113.085 E.02024
G1 X112.142 Y112.968 E.01732
G1 X112.685 Y112.87 E.01992
G1 X113.161 Y112.815 E.01732
G1 X113.72 Y112.789 E.0202
G1 X114.19 Y112.798 E.017
G1 X114.729 Y112.844 E.01955
G1 X115.638 Y113.004 E.03334
G1 X116.556 Y113.238 E.03424
G1 X117.265 Y113.488 E.02713
G1 X117.696 Y113.684 E.01713
G1 X118.226 Y113.977 E.02186
G1 X118.735 Y114.364 E.02313
G1 X119.075 Y114.668 E.01646
G1 X119.408 Y115.003 E.01706
G1 X119.723 Y115.402 E.01838
G1 X120.105 Y115.962 E.02448
G1 X120.465 Y116.547 E.02484
G1 X120.699 Y116.965 E.01728
G1 X120.937 Y117.464 E.02
G1 X121.112 Y117.901 E.01701
G1 X121.284 Y118.433 E.02018
G1 X121.399 Y118.889 E.01699
G1 X121.5 Y119.44 E.02023
G1 X121.554 Y119.907 E.017
G1 X121.581 Y120.467 E.02026
G1 X121.573 Y120.934 E.01687
G1 X121.487 Y121.754 E.02978
G1 X121.507 Y121.962 E.00755
G1 X121.556 Y122.123 E.00607
G1 X121.671 Y122.324 E.00839
G1 X122.121 Y122.814 E.02402
G1 X122.416 Y123.189 E.01722
G1 X122.726 Y123.642 E.01984
G1 X122.97 Y124.054 E.01732
G1 X123.219 Y124.546 E.01992
G1 X123.406 Y124.988 E.01732
G1 X123.59 Y125.516 E.02019
G1 X123.715 Y125.969 E.01699
G1 X123.825 Y126.504 E.01973
G1 X123.914 Y127.219 E.02601
SET_VELOCITY_LIMIT ACCEL=3000
G1 X123.46 Y127.275 F30000
SET_VELOCITY_LIMIT ACCEL=500
G1 F6300
G1 X123.467 Y127.332 E.00208
G1 X123.521 Y128.371 E.03759
G1 X123.467 Y129.19 E.02966
G1 X123.397 Y129.599 E.01499
G1 X123.264 Y130.131 E.01981
G1 X123.036 Y130.684 E.02161
G1 X122.856 Y131.038 E.01434
G1 X122.434 Y131.694 E.0282
G1 X121.551 Y132.755 E.04986
G1 X121.248 Y133.066 E.01568
G1 X120.871 Y133.405 E.01833
G1 X120.525 Y133.679 E.01592
G1 X120.09 Y133.979 E.0191
G1 X119.696 Y134.213 E.01655
G1 X119.239 Y134.445 E.01853
G1 X118.817 Y134.624 E.01656
G1 X118.335 Y134.793 E.01844
G1 X117.916 Y134.91 E.01574
G1 X117.198 Y135.069 E.02655
G1 X117.011 Y135.153 E.00742
G1 X116.788 Y135.304 E.00973
G1 X116.562 Y135.548 E.012
G1 X116.089 Y136.34 E.03334
G1 X115.834 Y136.699 E.0159
G1 X115.5 Y137.107 E.01906
G1 X115.2 Y137.429 E.0159
G1 X114.814 Y137.792 E.01913
G1 X114.474 Y138.072 E.0159
G1 X114.044 Y138.38 E.01914
G1 X113.67 Y138.612 E.0159
G1 X113.222 Y138.851 E.01834
G1 X112.648 Y139.108 E.02274
G1 X111.964 Y139.378 E.02656
G1 X111.541 Y139.521 E.01611
G1 X111.071 Y139.646 E.0176
G1 X110.644 Y139.707 E.01558
G1 X110.223 Y139.742 E.01525
G1 X109.681 Y139.748 E.01959
G1 X109.098 Y139.67 E.02125
G1 X108.698 Y139.584 E.01478
G1 X108.046 Y139.384 E.02463
G1 X107.2 Y139.047 E.03292
G1 X106.409 Y138.658 E.03184
G1 X105.95 Y138.377 E.01945
G1 X105.591 Y138.123 E.0159
G1 X105.181 Y137.79 E.01908
G1 X104.858 Y137.49 E.0159
G1 X104.506 Y137.117 E.01852
G1 X104.214 Y136.764 E.01656
G1 X103.916 Y136.349 E.01846
G1 X103.431 Y135.538 E.03416
G1 X103.295 Y135.382 E.00748
G1 X103.087 Y135.212 E.00971
G1 X102.791 Y135.067 E.0119
G1 X102.188 Y134.936 E.02226
G1 X101.674 Y134.797 E.01924
G1 X101.258 Y134.654 E.0159
G1 X100.772 Y134.45 E.01906
G1 X100.378 Y134.254 E.01591
G1 X99.934 Y133.995 E.01855
G1 X99.569 Y133.749 E.0159
G1 X99.15 Y133.425 E.01914
G1 X98.807 Y133.12 E.01659
G1 X98.454 Y132.762 E.01815
G1 X97.815 Y132.018 E.03544
G1 X97.298 Y131.306 E.03177
G1 X97.045 Y130.878 E.01798
G1 X96.849 Y130.419 E.01804
G1 X96.705 Y130.005 E.01582
G1 X96.563 Y129.462 E.02028
G1 X96.5 Y128.948 E.01871
G1 X96.479 Y128.523 E.01536
G1 X96.484 Y128.036 E.01762
G1 X96.557 Y127.061 E.03532
G1 X96.62 Y126.605 E.01664
G1 X96.708 Y126.161 E.01633
G1 X96.84 Y125.668 E.01845
G1 X96.981 Y125.251 E.0159
G1 X97.183 Y124.763 E.01911
G1 X97.387 Y124.352 E.01656
G1 X97.644 Y123.91 E.01846
G1 X97.894 Y123.538 E.01622
G1 X98.219 Y123.119 E.01916
G1 X98.656 Y122.645 E.02327
G1 X98.876 Y122.272 E.01567
G1 X98.946 Y122.016 E.00959
G1 X98.966 Y121.819 E.00717
G1 X98.886 Y120.985 E.03024
G1 X98.874 Y120.489 E.01793
G1 X98.892 Y120.05 E.0159
G1 X98.948 Y119.524 E.01909
G1 X99.023 Y119.091 E.0159
G1 X99.149 Y118.577 E.01911
G1 X99.287 Y118.14 E.01655
G1 X99.48 Y117.647 E.01914
G1 X99.669 Y117.245 E.01603
G1 X99.892 Y116.837 E.01681
G1 X100.381 Y116.049 E.0335
G1 X100.704 Y115.599 E.02001
G1 X100.994 Y115.25 E.01639
G1 X101.351 Y114.88 E.01858
G1 X101.817 Y114.515 E.02137
G1 X102.165 Y114.284 E.01508
G1 X102.587 Y114.043 E.01757
G1 X103.045 Y113.852 E.01793
G1 X103.476 Y113.707 E.01644
G1 X103.792 Y113.616 E.01186
G1 X104.789 Y113.381 E.03701
G1 X105.287 Y113.302 E.01822
G1 X105.726 Y113.261 E.01592
G1 X106.272 Y113.246 E.01974
G1 X106.679 Y113.263 E.01474
G1 X107.222 Y113.319 E.01971
G1 X107.672 Y113.397 E.0165
G1 X108.17 Y113.518 E.01852
G1 X108.59 Y113.65 E.0159
G1 X109.084 Y113.841 E.01912
G1 X109.494 Y114.033 E.01635
G1 X109.929 Y114.13 E.0161
G1 X110.201 Y114.115 E.00984
G1 X110.401 Y114.07 E.00743
G1 X111.293 Y113.691 E.03498
G1 X111.799 Y113.526 E.01925
G1 X112.244 Y113.415 E.01655
G1 X112.747 Y113.323 E.0185
G1 X113.202 Y113.271 E.01655
G1 X113.731 Y113.246 E.0191
G1 X114.171 Y113.255 E.01591
G1 X114.664 Y113.297 E.01789
G1 X115.547 Y113.452 E.03238
G1 X116.418 Y113.675 E.03248
G1 X117.088 Y113.91 E.02566
G1 X117.495 Y114.095 E.01617
G1 X117.967 Y114.356 E.01947
G1 X118.44 Y114.714 E.02143
G1 X119.057 Y115.298 E.03069
G1 X119.357 Y115.677 E.01745
G1 X119.723 Y116.213 E.02346
G1 X120.069 Y116.777 E.0239
G1 X120.295 Y117.179 E.01667
G1 X120.52 Y117.652 E.01891
G1 X120.683 Y118.061 E.01592
G1 X120.846 Y118.564 E.01909
G1 X120.953 Y118.991 E.0159
M73 P22 R10
G1 X121.048 Y119.512 E.01914
G1 X121.099 Y119.949 E.0159
G1 X121.124 Y120.479 E.01916
G1 X121.116 Y120.91 E.01559
G1 X121.033 Y121.81 E.03267
G1 X121.051 Y121.995 E.00669
G1 X121.117 Y122.247 E.0094
G1 X121.27 Y122.541 E.01198
G1 X121.771 Y123.108 E.02735
G1 X122.05 Y123.463 E.01631
G1 X122.338 Y123.884 E.01842
G1 X122.571 Y124.278 E.01656
G1 X122.802 Y124.735 E.01849
G1 X122.981 Y125.157 E.01655
G1 X123.154 Y125.656 E.01909
G1 X123.271 Y126.08 E.0159
G1 X123.372 Y126.573 E.01818
G1 X123.455 Y127.235 E.02411
SET_VELOCITY_LIMIT ACCEL=3000
G1 X123.001 Y127.292 F30000
SET_VELOCITY_LIMIT ACCEL=500
G1 F6300
G1 X123.011 Y127.368 E.00275
G1 X123.063 Y128.36 E.03591
G1 X123.013 Y129.129 E.02785
G1 X122.951 Y129.5 E.01357
G1 X122.825 Y129.997 E.01853
G1 X122.623 Y130.488 E.01918
G1 X122.455 Y130.815 E.01329
G1 X122.059 Y131.43 E.02642
G1 X121.214 Y132.444 E.0477
G1 X120.927 Y132.739 E.01486
G1 X120.579 Y133.053 E.01695
G1 X120.257 Y133.308 E.01483
G1 X119.847 Y133.591 E.018
G1 X119.472 Y133.814 E.01578
G1 X119.05 Y134.028 E.0171
G1 X118.648 Y134.199 E.01579
G1 X118.203 Y134.355 E.01703
G1 X117.003 Y134.657 E.0447
G1 X116.747 Y134.78 E.01026
G1 X116.539 Y134.92 E.00908
G1 X116.448 Y134.998 E.0043
G1 X116.163 Y135.324 E.01564
G1 X115.703 Y136.094 E.03243
G1 X115.467 Y136.425 E.01466
G1 X115.153 Y136.81 E.01797
G1 X114.873 Y137.11 E.01481
G1 X114.509 Y137.452 E.01804
G1 X114.192 Y137.711 E.0148
G1 X113.794 Y137.997 E.01771
G1 X113.438 Y138.218 E.01515
G1 X113.025 Y138.438 E.01689
G1 X112.473 Y138.686 E.02185
G1 X111.803 Y138.95 E.02602
G1 X111.405 Y139.084 E.01519
G1 X110.987 Y139.195 E.01564
G1 X110.197 Y139.286 E.02871
G1 X109.7 Y139.289 E.01797
G1 X109.171 Y139.218 E.01926
G1 X108.808 Y139.139 E.01343
G1 X108.204 Y138.954 E.02283
G1 X107.391 Y138.631 E.03161
G1 X106.635 Y138.26 E.03041
G1 X106.205 Y137.998 E.01819
G1 X105.864 Y137.756 E.01512
G1 X105.477 Y137.441 E.01799
G1 X105.177 Y137.162 E.01482
G1 X104.852 Y136.818 E.01711
G1 X104.574 Y136.481 E.01579
G1 X104.301 Y136.103 E.01683
G1 X103.77 Y135.232 E.03688
G1 X103.576 Y135.021 E.01033
G1 X103.386 Y134.866 E.00887
G1 X102.996 Y134.659 E.01595
G1 X102.88 Y134.619 E.00443
G1 X102.294 Y134.491 E.02169
G1 X101.813 Y134.361 E.018
G1 X101.425 Y134.228 E.01481
G1 X100.966 Y134.036 E.01797
G1 X100.599 Y133.853 E.01482
G1 X100.181 Y133.61 E.01747
G1 X99.833 Y133.376 E.01514
G1 X99.439 Y133.07 E.01804
G1 X99.119 Y132.785 E.0155
G1 X98.794 Y132.456 E.01671
G1 X98.177 Y131.739 E.03415
G1 X97.678 Y131.05 E.03075
G1 X97.451 Y130.663 E.01623
G1 X97.277 Y130.258 E.01591
G1 X97.141 Y129.867 E.01496
G1 X97.011 Y129.367 E.01866
G1 X96.956 Y128.914 E.01649
G1 X96.936 Y128.518 E.01429
G1 X96.941 Y128.051 E.01689
G1 X97.011 Y127.114 E.03396
G1 X97.071 Y126.677 E.01593
G1 X97.154 Y126.261 E.01532
G1 X97.276 Y125.805 E.01705
G1 X97.408 Y125.417 E.01482
G1 X97.598 Y124.956 E.01801
G1 X97.788 Y124.573 E.01545
G1 X98.029 Y124.157 E.01738
G1 X98.268 Y123.802 E.01544
G1 X98.571 Y123.412 E.01785
G1 X99.056 Y122.866 E.02639
G1 X99.265 Y122.512 E.01486
G1 X99.319 Y122.384 E.00502
G1 X99.385 Y122.146 E.00891
G1 X99.42 Y121.875 E.00987
G1 X99.343 Y120.961 E.03315
G1 X99.331 Y120.497 E.01676
G1 X99.348 Y120.079 E.01514
G1 X99.4 Y119.592 E.01767
G1 X99.472 Y119.18 E.01514
G1 X99.591 Y118.695 E.01801
G1 X99.72 Y118.288 E.01544
G1 X99.899 Y117.832 E.01771
G1 X100.289 Y117.063 E.03115
G1 X100.758 Y116.307 E.03215
G1 X101.063 Y115.883 E.01886
G1 X101.338 Y115.552 E.01556
G1 X101.652 Y115.227 E.0163
G1 X102.08 Y114.889 E.01971
G1 X102.408 Y114.671 E.01424
G1 X102.781 Y114.458 E.01552
G1 X103.213 Y114.278 E.0169
G1 X103.911 Y114.057 E.02645
G1 X104.872 Y113.831 E.03567
G1 X105.349 Y113.755 E.01743
G1 X105.758 Y113.717 E.01485
G1 X106.273 Y113.704 E.01862
G1 X106.651 Y113.719 E.01366
G1 X107.155 Y113.771 E.0183
G1 X107.574 Y113.844 E.01538
G1 X108.043 Y113.958 E.01744
G1 X108.435 Y114.08 E.01481
G1 X109.406 Y114.481 E.03795
G1 X109.82 Y114.574 E.01533
G1 X109.962 Y114.586 E.00516
G1 X110.215 Y114.572 E.00915
G1 X110.494 Y114.517 E.01026
G1 X111.459 Y114.118 E.03773
G1 X111.921 Y113.967 E.01758
G1 X112.345 Y113.861 E.01578
G1 X112.81 Y113.776 E.01707
G1 X113.234 Y113.727 E.01544
G1 X113.732 Y113.704 E.018
G1 X114.142 Y113.712 E.01482
G1 X114.611 Y113.752 E.017
G1 X115.445 Y113.898 E.0306
G1 X116.279 Y114.111 E.0311
G1 X116.923 Y114.337 E.02463
G1 X117.294 Y114.507 E.01475
G1 X117.709 Y114.735 E.01711
G1 X118.149 Y115.068 E.01995
G1 X118.725 Y115.615 E.02868
G1 X118.991 Y115.952 E.01551
G1 X119.337 Y116.459 E.02219
G1 X119.885 Y117.383 E.03878
G1 X120.099 Y117.831 E.01795
G1 X120.254 Y118.221 E.01516
G1 X120.407 Y118.695 E.018
G1 X120.507 Y119.092 E.0148
G1 X120.595 Y119.574 E.01772
G1 X120.643 Y119.99 E.01513
G1 X120.667 Y120.49 E.01806
G1 X120.659 Y120.888 E.0144
G1 X120.58 Y121.865 E.03539
G1 X120.611 Y122.119 E.00926
G1 X120.671 Y122.349 E.0086
G1 X120.861 Y122.746 E.0159
G1 X120.933 Y122.85 E.00455
G1 X121.417 Y123.398 E.02643
G1 X121.678 Y123.73 E.01527
G1 X121.949 Y124.126 E.01732
G1 X122.168 Y124.494 E.01546
G1 X122.385 Y124.924 E.0174
G1 X122.552 Y125.317 E.01545
G1 X122.716 Y125.787 E.01799
G1 X122.825 Y126.183 E.01482
G1 X122.922 Y126.653 E.01734
G1 X122.996 Y127.252 E.02182
SET_VELOCITY_LIMIT ACCEL=3000
G1 X122.543 Y127.309 F30000
SET_VELOCITY_LIMIT ACCEL=500
G1 F6300
G1 X122.554 Y127.403 E.00344
G1 X122.605 Y128.349 E.03424
G1 X122.559 Y129.069 E.02606
G1 X122.504 Y129.4 E.01211
G1 X122.386 Y129.862 E.01724
G1 X122.209 Y130.291 E.01676
G1 X122.055 Y130.593 E.01223
G1 X121.685 Y131.165 E.02464
G1 X120.878 Y132.134 E.04555
G1 X120.607 Y132.412 E.01403
G1 X120.287 Y132.701 E.01557
G1 X119.989 Y132.938 E.01375
G1 X119.604 Y133.203 E.01688
G1 X119.247 Y133.415 E.015
G1 X118.86 Y133.611 E.01568
G1 X118.478 Y133.774 E.01502
G1 X118.077 Y133.915 E.01535
G1 X116.903 Y134.21 E.04374
G1 X116.555 Y134.365 E.01377
G1 X116.289 Y134.538 E.01143
G1 X116.098 Y134.704 E.00916
G1 X115.827 Y135.014 E.01488
G1 X115.316 Y135.849 E.03534
G1 X115.101 Y136.151 E.01342
G1 X114.805 Y136.513 E.01688
G1 X114.546 Y136.79 E.01371
G1 X114.204 Y137.111 E.01695
G1 X113.91 Y137.351 E.01371
G1 X113.543 Y137.614 E.0163
G1 X113.205 Y137.824 E.01438
G1 X112.819 Y138.03 E.01579
G1 X112.293 Y138.265 E.02084
G1 X111.65 Y138.519 E.02499
G1 X111.269 Y138.647 E.01451
G1 X110.892 Y138.746 E.01408
G1 X110.162 Y138.829 E.02653
G1 X109.719 Y138.83 E.01601
G1 X109.245 Y138.766 E.01729
G1 X108.918 Y138.695 E.01209
G1 X108.361 Y138.524 E.02106
G1 X107.581 Y138.215 E.0303
G1 X106.861 Y137.861 E.02899
G1 X106.461 Y137.618 E.01692
G1 X106.137 Y137.389 E.01433
G1 X105.774 Y137.093 E.01689
G1 X105.496 Y136.834 E.01373
G1 X105.198 Y136.518 E.0157
G1 X104.933 Y136.198 E.01502
G1 X104.685 Y135.854 E.0153
G1 X104.098 Y134.913 E.04008
G1 X103.919 Y134.718 E.00956
G1 X103.684 Y134.519 E.01112
G1 X103.141 Y134.227 E.02229
G1 X101.942 Y133.922 E.04468
G1 X101.583 Y133.799 E.01372
G1 X101.16 Y133.622 E.01655
G1 X100.82 Y133.453 E.01374
G1 X100.428 Y133.225 E.01639
G1 X100.098 Y133.003 E.01437
G1 X99.728 Y132.715 E.01693
G1 X99.43 Y132.45 E.0144
G1 X99.133 Y132.149 E.01528
G1 X98.54 Y131.46 E.03286
G1 X98.057 Y130.794 E.02971
G1 X97.856 Y130.448 E.01446
G1 X97.702 Y130.088 E.01416
G1 X97.578 Y129.729 E.01374
G1 X97.46 Y129.272 E.01702
G1 X97.412 Y128.879 E.01431
G1 X97.393 Y128.505 E.01353
G1 X97.398 Y128.066 E.01586
G1 X97.465 Y127.166 E.0326
G1 X97.523 Y126.749 E.01523
G1 X97.601 Y126.361 E.0143
G1 X97.713 Y125.942 E.01567
G1 X97.834 Y125.582 E.01373
G1 X98.013 Y125.149 E.0169
G1 X98.189 Y124.793 E.01435
G1 X98.415 Y124.403 E.01628
G1 X98.641 Y124.066 E.01466
G1 X98.924 Y123.702 E.01666
G1 X99.456 Y123.088 E.02936
G1 X99.654 Y122.752 E.01409
G1 X99.762 Y122.498 E.00999
G1 X99.839 Y122.197 E.01122
G1 X99.871 Y121.948 E.00907
G1 X99.8 Y120.938 E.03656
G1 X99.789 Y120.505 E.01565
G1 X99.805 Y120.108 E.01438
G1 X99.853 Y119.661 E.01625
G1 X99.921 Y119.269 E.01437
G1 X100.032 Y118.815 E.0169
G1 X100.152 Y118.437 E.01433
G1 X100.314 Y118.025 E.01596
G1 X100.691 Y117.283 E.03009
G1 X101.136 Y116.565 E.03051
G1 X101.422 Y116.167 E.0177
G1 X101.676 Y115.861 E.01437
G1 X101.952 Y115.573 E.01442
G1 X102.344 Y115.263 E.01804
G1 X102.972 Y114.876 E.02667
G1 X103.376 Y114.706 E.01583
G1 X104.038 Y114.497 E.02506
G1 X104.956 Y114.281 E.03407
G1 X105.401 Y114.21 E.01631
G1 X105.78 Y114.174 E.01375
G1 X106.265 Y114.161 E.01751
G1 X106.614 Y114.175 E.01262
G1 X107.088 Y114.224 E.01721
G1 X107.477 Y114.291 E.01427
G1 X107.917 Y114.397 E.01636
G1 X108.273 Y114.509 E.01348
G1 X109.317 Y114.93 E.04067
G1 X109.711 Y115.018 E.01459
G1 X109.994 Y115.041 E.01027
G1 X110.312 Y115.019 E.01153
G1 X110.57 Y114.968 E.00949
G1 X111.622 Y114.545 E.04096
G1 X112.044 Y114.408 E.01602
G1 X112.446 Y114.307 E.015
G1 X112.873 Y114.229 E.01566
G1 X113.267 Y114.184 E.01434
G1 X113.734 Y114.161 E.0169
G1 X114.114 Y114.168 E.01373
G1 X114.558 Y114.207 E.0161
G1 X115.344 Y114.345 E.02884
G1 X116.141 Y114.548 E.02971
G1 X116.757 Y114.764 E.0236
G1 X117.093 Y114.918 E.01334
G1 X117.451 Y115.115 E.01476
G1 X117.859 Y115.423 E.01847
G1 X118.392 Y115.932 E.02664
G1 X118.625 Y116.227 E.01358
G1 X118.949 Y116.701 E.02075
G1 X119.478 Y117.593 E.03746
G1 X119.678 Y118.01 E.01671
G1 X119.825 Y118.38 E.01439
G1 X119.969 Y118.825 E.0169
G1 X120.061 Y119.193 E.01371
G1 X120.142 Y119.637 E.0163
G1 X120.187 Y120.032 E.01436
G1 X120.209 Y120.501 E.01695
G1 X120.202 Y120.868 E.01327
G1 X120.128 Y121.934 E.0386
G1 X120.156 Y122.167 E.00849
G1 X120.226 Y122.453 E.01064
G1 X120.49 Y123.012 E.02234
G1 X121.307 Y123.998 E.04624
G1 X121.561 Y124.368 E.01623
G1 X121.764 Y124.71 E.01437
G1 X121.968 Y125.112 E.0163
G1 X122.124 Y125.478 E.01434
G1 X122.278 Y125.919 E.01689
G1 X122.379 Y126.285 E.01373
G1 X122.471 Y126.733 E.0165
G1 X122.538 Y127.269 E.01953
SET_VELOCITY_LIMIT ACCEL=3000
G1 X122.086 Y127.337 F30000
SET_VELOCITY_LIMIT ACCEL=500
G1 F6300
G1 X122.096 Y127.4 E.00229
G1 X122.151 Y128.382 E.03557
G1 X122.003 Y129.525 E.04163
G1 X121.84 Y129.98 E.01745
G1 X121.447 Y130.708 E.02989
G1 X120.667 Y131.689 E.04527
G1 X120.165 Y132.2 E.0259
G1 X119.524 Y132.708 E.02953
G1 X118.903 Y133.081 E.02619
G1 X118.265 Y133.367 E.02526
G1 X117.55 Y133.588 E.02702
G1 X116.782 Y133.719 E.02814
G1 X115.859 Y133.744 E.03339
G1 X115.729 Y133.847 E.00596
G1 X115.678 Y134.046 E.00744
G1 X115.463 Y134.629 E.02247
G1 X115.091 Y135.352 E.02935
G1 X114.607 Y136.039 E.03038
G1 X114.083 Y136.604 E.02783
G1 X113.446 Y137.126 E.02974
G1 X112.76 Y137.546 E.02908
G1 X111.737 Y137.998 E.04041
G1 X110.871 Y138.282 E.03292
G1 X110.599 Y138.325 E.00996
G1 X109.744 Y138.371 E.03092
G1 X109.427 Y138.334 E.01154
G1 X108.941 Y138.23 E.01794
G1 X107.705 Y137.771 E.04766
G1 X106.769 Y137.274 E.03826
G1 X106.26 Y136.905 E.02273
G1 X105.766 Y136.458 E.02406
G1 X105.16 Y135.737 E.03405
G1 X104.762 Y135.098 E.02719
G1 X104.47 Y134.472 E.02497
G1 X104.259 Y133.831 E.02435
G1 X104.181 Y133.748 E.00413
G1 X103.784 Y133.752 E.01434
G1 X103.112 Y133.707 E.02434
G1 X102.211 Y133.525 E.03322
G1 X101.481 Y133.264 E.02801
G1 X100.817 Y132.927 E.02688
G1 X100.229 Y132.531 E.02564
G1 X99.642 Y132.018 E.02816
G1 X98.863 Y131.134 E.04255
G1 X98.444 Y130.554 E.02587
G1 X98.259 Y130.222 E.01373
G1 X97.94 Y129.323 E.03447
G1 X97.89 Y129.02 E.01111
G1 X97.851 Y128.453 E.02052
G1 X97.931 Y127.123 E.04815
G1 X98.093 Y126.279 E.03102
G1 X98.361 Y125.493 E.03002
G1 X98.71 Y124.797 E.02813
G1 X99.125 Y124.181 E.02685
G1 X99.621 Y123.614 E.02719
G1 X100.204 Y123.1 E.02806
M73 P23 R10
G1 X100.593 Y122.837 E.01697
G1 X100.652 Y122.739 E.00413
G1 X100.645 Y122.677 E.00228
G1 X100.491 Y122.255 E.01623
G1 X100.316 Y121.476 E.02882
G1 X100.247 Y120.675 E.02904
G1 X100.275 Y119.966 E.02566
G1 X100.397 Y119.229 E.02698
G1 X100.617 Y118.495 E.02768
G1 X100.966 Y117.725 E.03056
G1 X101.548 Y116.768 E.04046
G1 X102.027 Y116.154 E.02812
G1 X102.394 Y115.803 E.01835
G1 X102.883 Y115.455 E.02168
G1 X103.389 Y115.195 E.02056
G1 X104.115 Y114.949 E.02768
G1 X105.096 Y114.718 E.03644
G1 X105.841 Y114.628 E.02708
G1 X106.92 Y114.663 E.03902
G1 X107.618 Y114.791 E.02565
G1 X108.295 Y115.002 E.0256
G1 X109.082 Y115.367 E.03133
G1 X109.62 Y115.705 E.02294
G1 X109.912 Y115.938 E.0135
G1 X110.023 Y115.965 E.00413
G1 X110.667 Y115.514 E.02842
G1 X111.286 Y115.178 E.02544
G1 X111.942 Y114.917 E.02552
G1 X112.746 Y114.714 E.02993
G1 X113.514 Y114.625 E.02795
G1 X114.333 Y114.641 E.02958
G1 X115.084 Y114.755 E.02746
G1 X116.404 Y115.118 E.04945
G1 X117.027 Y115.405 E.0248
G1 X117.31 Y115.574 E.01188
G1 X118.087 Y116.293 E.03827
G1 X118.559 Y116.942 E.029
G1 X119.107 Y117.873 E.03904
G1 X119.462 Y118.732 E.03357
G1 X119.656 Y119.501 E.02866
G1 X119.741 Y120.196 E.02528
G1 X119.74 Y120.957 E.0275
G1 X119.6 Y121.9 E.03442
G1 X119.362 Y122.68 E.02949
G1 X119.41 Y122.83 E.00567
G1 X120.098 Y123.351 E.03119
G1 X120.6 Y123.851 E.02559
G1 X121.029 Y124.394 E.02502
G1 X121.492 Y125.174 E.03277
G1 X121.765 Y125.823 E.02542
G1 X121.961 Y126.503 E.02557
G1 X122.08 Y127.297 E.02903
SET_VELOCITY_LIMIT ACCEL=3000
G1 X121.629 Y127.363 F30000
SET_VELOCITY_LIMIT ACCEL=500
G1 F6300
G1 X121.644 Y127.471 E.00394
G1 X121.695 Y128.419 E.03432
G1 X121.548 Y129.475 E.03852
G1 X121.442 Y129.754 E.01075
G1 X121.039 Y130.502 E.03071
G1 X120.343 Y131.366 E.04008
G1 X119.885 Y131.839 E.02378
G1 X119.293 Y132.313 E.0274
G1 X118.724 Y132.661 E.02411
G1 X118.07 Y132.953 E.02586
G1 X117.41 Y133.152 E.0249
G1 X116.699 Y133.27 E.02605
G1 X115.938 Y133.292 E.02749
G1 X115.526 Y133.247 E.015
G1 X115.417 Y133.283 E.00413
G1 X115.377 Y133.351 E.00286
G1 X115.251 Y133.881 E.01968
G1 X115.031 Y134.479 E.02302
G1 X114.682 Y135.148 E.02726
G1 X114.23 Y135.781 E.02809
G1 X113.797 Y136.247 E.023
G1 X113.212 Y136.733 E.02747
G1 X112.584 Y137.124 E.02674
G1 X111.546 Y137.582 E.04098
G1 X110.803 Y137.83 E.02829
G1 X110.575 Y137.869 E.00836
G1 X109.803 Y137.918 E.02797
G1 X109.529 Y137.889 E.00992
G1 X109.028 Y137.781 E.01853
G1 X107.858 Y137.34 E.04518
G1 X107.045 Y136.91 E.03322
G1 X106.522 Y136.531 E.02334
G1 X106.069 Y136.115 E.02221
G1 X105.551 Y135.501 E.02904
G1 X105.18 Y134.913 E.02511
G1 X104.882 Y134.272 E.02556
G1 X104.682 Y133.655 E.02341
G1 X104.627 Y133.37 E.01047
G1 X104.56 Y133.277 E.00413
G1 X104.485 Y133.26 E.0028
G1 X103.822 Y133.296 E.02398
G1 X103.133 Y133.251 E.02494
M73 P23 R9
G1 X102.37 Y133.096 E.02814
G1 X101.695 Y132.861 E.0258
G1 X101.017 Y132.516 E.0275
G1 X100.48 Y132.149 E.0235
G1 X99.991 Y131.722 E.02346
G1 X99.202 Y130.827 E.04311
G1 X98.811 Y130.282 E.02424
G1 X98.692 Y130.074 E.00865
G1 X98.392 Y129.256 E.03148
G1 X98.346 Y128.994 E.00958
G1 X98.306 Y128.413 E.02107
G1 X98.388 Y127.143 E.04595
G1 X98.543 Y126.359 E.02889
G1 X98.795 Y125.636 E.02768
G1 X99.121 Y124.997 E.02589
G1 X99.466 Y124.485 E.02233
G1 X99.917 Y123.963 E.02492
G1 X100.513 Y123.437 E.0287
G1 X101.148 Y123.019 E.0275
G1 X101.209 Y122.922 E.00413
G1 X101.201 Y122.856 E.0024
G1 X100.938 Y122.159 E.02691
G1 X100.772 Y121.446 E.02644
G1 X100.701 Y120.627 E.02969
G1 X100.732 Y119.98 E.02342
G1 X100.849 Y119.298 E.02499
G1 X101.056 Y118.621 E.02559
G1 X101.353 Y117.969 E.02586
G1 X101.943 Y116.999 E.04105
G1 X102.391 Y116.43 E.02618
G1 X102.711 Y116.132 E.01579
G1 X103.151 Y115.824 E.0194
G1 X103.528 Y115.631 E.0153
G1 X104.213 Y115.396 E.02615
G1 X105.208 Y115.162 E.03695
G1 X105.903 Y115.081 E.02526
G1 X106.827 Y115.111 E.03341
G1 X107.544 Y115.242 E.02632
G1 X108.164 Y115.44 E.02352
G1 X108.831 Y115.749 E.02657
G1 X109.383 Y116.096 E.02354
G1 X109.914 Y116.53 E.02479
G1 X110.025 Y116.559 E.00413
G1 X110.094 Y116.525 E.00279
G1 X110.246 Y116.385 E.00745
G1 X110.878 Y115.92 E.02836
G1 X111.511 Y115.575 E.02606
G1 X112.116 Y115.34 E.02343
G1 X112.863 Y115.155 E.02783
G1 X113.499 Y115.082 E.02313
G1 X114.258 Y115.092 E.02742
G1 X114.959 Y115.195 E.02558
G1 X116.202 Y115.528 E.04652
G1 X116.843 Y115.823 E.02547
G1 X117.082 Y115.97 E.01012
G1 X117.782 Y116.633 E.03484
G1 X118.189 Y117.209 E.0255
G1 X118.717 Y118.112 E.03781
G1 X119.017 Y118.838 E.02837
G1 X119.201 Y119.549 E.02652
G1 X119.289 Y120.26 E.0259
G1 X119.283 Y120.962 E.02536
G1 X119.164 Y121.764 E.0293
G1 X118.971 Y122.428 E.02499
G1 X118.788 Y122.863 E.01704
G1 X118.791 Y122.977 E.00413
G1 X118.846 Y123.035 E.00288
G1 X119.238 Y123.259 E.01632
G1 X119.772 Y123.671 E.02433
G1 X120.236 Y124.128 E.02356
G1 X120.677 Y124.685 E.02565
G1 X121.067 Y125.344 E.02767
G1 X121.347 Y126.008 E.02606
G1 X121.523 Y126.634 E.02349
G1 X121.623 Y127.323 E.02517
SET_VELOCITY_LIMIT ACCEL=3000
G1 X121.173 Y127.39 F30000
SET_VELOCITY_LIMIT ACCEL=500
G1 F6300
G1 X121.187 Y127.489 E.00362
G1 X121.24 Y128.457 E.03502
G1 X121.123 Y129.31 E.03109
G1 X121.044 Y129.529 E.00841
G1 X120.631 Y130.296 E.03148
G1 X120.017 Y131.046 E.03503
G1 X119.603 Y131.48 E.02165
G1 X119.063 Y131.918 E.02513
G1 X118.478 Y132.275 E.02474
G1 X117.879 Y132.538 E.02364
G1 X117.274 Y132.716 E.0228
G1 X116.619 Y132.82 E.02394
G1 X115.92 Y132.835 E.02527
G1 X115.146 Y132.739 E.02817
G1 X115.037 Y132.773 E.00413
G1 X114.993 Y132.861 E.00354
G1 X114.97 Y133.08 E.00796
G1 X114.825 Y133.715 E.02354
G1 X114.599 Y134.329 E.02363
G1 X114.274 Y134.941 E.02504
G1 X113.855 Y135.519 E.02578
G1 X113.459 Y135.939 E.02088
G1 X112.975 Y136.343 E.02278
G1 X112.408 Y136.702 E.02423
G1 X111.356 Y137.166 E.04156
G1 X110.728 Y137.379 E.02393
G1 X110.547 Y137.413 E.00665
G1 X109.854 Y137.464 E.02513
G1 X109.633 Y137.444 E.00802
G1 X109.114 Y137.332 E.01916
G1 X108.014 Y136.911 E.04258
G1 X107.318 Y136.543 E.02843
G1 X106.837 Y136.199 E.02138
G1 X106.371 Y135.772 E.02282
G1 X105.94 Y135.261 E.02417
G1 X105.598 Y134.728 E.02287
G1 X105.292 Y134.071 E.02618
G1 X105.116 Y133.511 E.02122
G1 X104.998 Y132.845 E.02444
G1 X104.933 Y132.751 E.00413
G1 X104.839 Y132.734 E.00345
G1 X104.439 Y132.805 E.01468
G1 X103.861 Y132.841 E.02091
G1 X103.155 Y132.794 E.02557
G1 X102.455 Y132.647 E.02581
G1 X101.842 Y132.428 E.02355
G1 X101.279 Y132.141 E.02283
G1 X100.787 Y131.81 E.02142
G1 X100.285 Y131.372 E.02408
G1 X99.542 Y130.522 E.04079
G1 X99.18 Y130.012 E.02259
G1 X99.087 Y129.844 E.00693
G1 X98.843 Y129.182 E.02551
G1 X98.803 Y128.97 E.00777
G1 X98.762 Y128.372 E.02165
G1 X98.844 Y127.166 E.04367
G1 X98.972 Y126.515 E.02397
G1 X99.2 Y125.848 E.02547
G1 X99.495 Y125.26 E.02377
G1 X99.85 Y124.734 E.02293
G1 X100.267 Y124.257 E.02287
G1 X100.819 Y123.777 E.02647
G1 X101.35 Y123.429 E.02292
G1 X101.754 Y123.23 E.01625
G1 X101.826 Y123.141 E.00413
G1 X101.814 Y123.043 E.00355
G1 X101.608 Y122.648 E.01611
G1 X101.363 Y121.991 E.02533
G1 X101.216 Y121.338 E.0242
G1 X101.158 Y120.658 E.02464
G1 X101.189 Y119.993 E.02405
G1 X101.3 Y119.371 E.02285
G1 X101.495 Y118.75 E.0235
G1 X101.739 Y118.214 E.02129
G1 X102.338 Y117.229 E.04164
G1 X102.755 Y116.707 E.02413
G1 X102.965 Y116.512 E.01037
G1 X103.421 Y116.193 E.02009
G1 X103.67 Y116.065 E.01011
G1 X104.311 Y115.842 E.02453
G1 X105.321 Y115.605 E.03748
G1 X105.962 Y115.534 E.02332
G1 X106.739 Y115.559 E.02807
G1 X107.397 Y115.675 E.02415
G1 X108.034 Y115.878 E.02415
G1 X108.581 Y116.132 E.02179
G1 X109.147 Y116.488 E.02416
G1 X109.661 Y116.914 E.02411
G1 X109.893 Y117.163 E.0123
G1 X109.999 Y117.206 E.00413
G1 X110.089 Y117.167 E.00353
G1 X110.51 Y116.758 E.02123
G1 X111.156 Y116.283 E.02898
G1 X111.674 Y116.003 E.02125
G1 X112.217 Y115.786 E.02113
G1 X112.982 Y115.597 E.02847
G1 X113.556 Y115.535 E.02086
G1 X114.186 Y115.544 E.02279
G1 X114.837 Y115.635 E.02373
G1 X116.001 Y115.938 E.04345
G1 X116.659 Y116.242 E.02619
G1 X116.845 Y116.361 E.008
G1 X117.472 Y116.969 E.03154
G1 X117.793 Y117.438 E.02052
G1 X118.293 Y118.283 E.03548
G1 X118.573 Y118.943 E.02591
G1 X118.761 Y119.672 E.02719
G1 X118.836 Y120.32 E.02357
G1 X118.831 Y120.89 E.02058
G1 X118.727 Y121.628 E.02693
G1 X118.53 Y122.309 E.02561
G1 X118.307 Y122.823 E.02024
G1 X118.185 Y123.032 E.00876
G1 X118.174 Y123.146 E.00413
G1 X118.237 Y123.221 E.00355
G1 X118.955 Y123.618 E.02963
G1 X119.445 Y123.991 E.02225
G1 X119.922 Y124.46 E.02416
G1 X120.321 Y124.972 E.02348
G1 X120.644 Y125.516 E.02284
G1 X120.906 Y126.128 E.02404
G1 X121.069 Y126.693 E.02125
G1 X121.167 Y127.35 E.02403
SET_VELOCITY_LIMIT ACCEL=3000
G1 X120.717 Y127.415 F30000
SET_VELOCITY_LIMIT ACCEL=500
G1 F6300
G1 X120.731 Y127.507 E.00337
G1 X120.784 Y128.495 E.03573
G1 X120.691 Y129.161 E.0243
G1 X120.643 Y129.31 E.00565
G1 X120.285 Y129.996 E.02796
G1 X119.659 Y130.761 E.0357
G1 X119.268 Y131.169 E.02042
G1 X118.771 Y131.567 E.02302
G1 X118.237 Y131.887 E.02248
G1 X117.692 Y132.121 E.02143
G1 X117.14 Y132.279 E.02071
G1 X116.543 Y132.369 E.02183
G1 X115.905 Y132.378 E.02307
G1 X115.287 Y132.302 E.02249
G1 X114.749 Y132.163 E.02008
M73 P24 R9
G1 X114.636 Y132.183 E.00413
G1 X114.578 Y132.286 E.00426
G1 X114.526 Y132.97 E.02481
G1 X114.378 Y133.622 E.02416
G1 X114.169 Y134.175 E.02134
G1 X113.907 Y134.669 E.0202
G1 X113.529 Y135.199 E.02352
G1 X113.121 Y135.632 E.02149
G1 X112.678 Y135.995 E.02067
G1 X112.158 Y136.319 E.02215
G1 X111.169 Y136.749 E.03899
G1 X110.642 Y136.931 E.02012
G1 X110.516 Y136.957 E.00465
G1 X109.891 Y137.009 E.02265
G1 X109.737 Y136.999 E.00558
G1 X109.2 Y136.883 E.01984
G1 X108.173 Y136.482 E.03984
G1 X107.591 Y136.177 E.02374
G1 X107.096 Y135.822 E.02201
G1 X106.676 Y135.432 E.02069
G1 X106.287 Y134.963 E.02204
G1 X105.98 Y134.477 E.02076
G1 X105.731 Y133.942 E.02131
G1 X105.549 Y133.365 E.02187
G1 X105.44 Y132.721 E.02359
G1 X105.424 Y132.282 E.01588
G1 X105.372 Y132.18 E.00413
G1 X105.245 Y132.157 E.00467
G1 X104.983 Y132.241 E.00995
G1 X104.419 Y132.349 E.02075
G1 X103.824 Y132.385 E.02152
G1 X103.253 Y132.348 E.02066
G1 X102.614 Y132.218 E.02356
G1 X102.053 Y132.022 E.02149
G1 X101.541 Y131.767 E.02068
G1 X101.035 Y131.426 E.02204
G1 X100.582 Y131.024 E.02188
G1 X99.883 Y130.218 E.03855
G1 X99.55 Y129.743 E.02095
G1 X99.489 Y129.626 E.00477
G1 X99.291 Y129.093 E.02054
G1 X99.259 Y128.947 E.00541
G1 X99.217 Y128.331 E.02229
G1 X99.301 Y127.192 E.04128
G1 X99.422 Y126.598 E.02188
G1 X99.607 Y126.057 E.02067
G1 X99.869 Y125.523 E.0215
G1 X100.234 Y124.982 E.02356
G1 X100.614 Y124.555 E.02066
G1 X101.062 Y124.164 E.02149
G1 X101.608 Y123.807 E.02356
G1 X102.124 Y123.559 E.02069
G1 X102.421 Y123.457 E.01134
G1 X102.504 Y123.379 E.00413
G1 X102.489 Y123.25 E.00469
G1 X102.288 Y122.959 E.01279
G1 X102.038 Y122.492 E.01912
G1 X101.81 Y121.896 E.02307
G1 X101.672 Y121.303 E.02199
G1 X101.614 Y120.685 E.02243
G1 X101.638 Y120.078 E.02195
G1 X101.735 Y119.512 E.02075
G1 X101.907 Y118.947 E.02132
G1 X102.158 Y118.396 E.02189
G1 X102.732 Y117.461 E.03962
G1 X103.115 Y116.988 E.02201
G1 X103.219 Y116.892 E.0051
G1 X103.69 Y116.563 E.02076
G1 X103.813 Y116.499 E.00501
G1 X104.408 Y116.289 E.0228
G1 X105.433 Y116.048 E.03804
G1 X106.017 Y115.988 E.02121
G1 X106.654 Y116.008 E.02301
G1 X107.254 Y116.109 E.02198
G1 X107.834 Y116.289 E.02193
G1 X108.396 Y116.55 E.02242
G1 X108.908 Y116.877 E.02194
G1 X109.372 Y117.268 E.0219
G1 X109.78 Y117.718 E.02195
G1 X109.888 Y117.866 E.00662
G1 X109.987 Y117.922 E.00413
G1 X110.106 Y117.871 E.00466
G1 X110.402 Y117.5 E.01716
G1 X110.778 Y117.129 E.01908
G1 X111.365 Y116.689 E.02652
G1 X111.898 Y116.401 E.02188
G1 X112.391 Y116.209 E.0191
G1 X113.021 Y116.052 E.02347
G1 X113.613 Y115.989 E.0215
G1 X114.185 Y116.001 E.02067
G1 X114.777 Y116.088 E.02162
G1 X115.895 Y116.383 E.0418
G1 X116.469 Y116.657 E.02295
G1 X116.597 Y116.745 E.00563
G1 X117.088 Y117.217 E.02459
G1 X117.397 Y117.667 E.01974
G1 X117.905 Y118.524 E.03597
G1 X118.154 Y119.126 E.02355
G1 X118.32 Y119.791 E.02476
G1 X118.382 Y120.375 E.02123
G1 X118.374 Y120.891 E.01863
G1 X118.274 Y121.57 E.02479
G1 X118.114 Y122.119 E.02067
G1 X117.884 Y122.649 E.02085
G1 X117.513 Y123.252 E.02561
G1 X117.499 Y123.366 E.00413
G1 X117.579 Y123.451 E.00423
G1 X118.131 Y123.672 E.02149
G1 X118.674 Y123.978 E.02252
G1 X119.121 Y124.313 E.0202
G1 X119.558 Y124.737 E.02199
G1 X119.926 Y125.201 E.0214
G1 X120.222 Y125.693 E.02071
G1 X120.465 Y126.246 E.02184
G1 X120.633 Y126.828 E.02189
G1 X120.712 Y127.376 E.01998
SET_VELOCITY_LIMIT ACCEL=3000
G1 X120.262 Y127.438 F30000
SET_VELOCITY_LIMIT ACCEL=500
G1 F6300
G1 X120.274 Y127.526 E.0032
G1 X120.328 Y128.533 E.03643
G1 X120.238 Y129.098 E.02069
G1 X119.94 Y129.696 E.02413
G1 X119.302 Y130.476 E.03641
G1 X118.934 Y130.857 E.01914
G1 X118.481 Y131.214 E.02082
G1 X117.999 Y131.497 E.02021
G1 X117.508 Y131.703 E.01923
G1 X117.011 Y131.841 E.01863
G1 X116.47 Y131.918 E.01973
G1 X115.894 Y131.921 E.02083
G1 X115.339 Y131.848 E.02021
G1 X114.854 Y131.718 E.01816
G1 X114.095 Y131.428 E.02936
G1 X114.049 Y131.476 E.00238
G1 X114.101 Y131.848 E.01359
G1 X114.122 Y132.364 E.01864
G1 X114.071 Y132.937 E.0208
G1 X113.952 Y133.457 E.01925
G1 X113.769 Y133.953 E.01911
G1 X113.499 Y134.463 E.02084
G1 X113.199 Y134.882 E.01864
G1 X112.837 Y135.273 E.01923
G1 X112.381 Y135.647 E.02131
G1 X111.912 Y135.934 E.01986
G1 X110.985 Y136.331 E.03646
G1 X110.487 Y136.501 E.019
G1 X109.843 Y136.554 E.02333
G1 X109.286 Y136.434 E.0206
G1 X108.336 Y136.055 E.03694
G1 X107.86 Y135.807 E.01939
G1 X107.413 Y135.494 E.01973
G1 X106.981 Y135.092 E.02132
G1 X106.636 Y134.668 E.01973
G1 X106.365 Y134.23 E.01864
G1 X106.144 Y133.746 E.01923
G1 X105.984 Y133.224 E.01972
G1 X105.89 Y132.641 E.02131
G1 X105.877 Y132.139 E.01816
G1 X105.929 Y131.62 E.01883
G1 X105.922 Y131.445 E.00636
G1 X105.825 Y131.436 E.00349
G1 X105.417 Y131.616 E.01613
G1 X104.9 Y131.791 E.01972
G1 X104.394 Y131.892 E.01864
G1 X103.863 Y131.93 E.01924
G1 X103.274 Y131.891 E.02131
G1 X102.769 Y131.788 E.01864
G1 X102.265 Y131.617 E.01923
G1 X101.737 Y131.354 E.02131
G1 X101.287 Y131.045 E.01973
G1 X100.882 Y130.68 E.0197
G1 X100.226 Y129.915 E.03639
G1 X99.92 Y129.476 E.01935
G1 X99.716 Y128.925 E.02121
G1 X99.672 Y128.29 E.02299
G1 X99.748 Y127.287 E.03636
G1 X99.851 Y126.755 E.01958
G1 X100.042 Y126.196 E.02131
G1 X100.281 Y125.721 E.01924
G1 X100.569 Y125.293 E.01863
G1 X100.961 Y124.852 E.02131
G1 X101.365 Y124.506 E.01924
G1 X101.797 Y124.223 E.01864
G1 X102.329 Y123.968 E.02131
G1 X102.807 Y123.813 E.01816
G1 X103.28 Y123.722 E.01741
G1 X103.377 Y123.661 E.00413
G1 X103.313 Y123.525 E.00543
G1 X102.986 Y123.159 E.01774
G1 X102.694 Y122.75 E.01816
G1 X102.436 Y122.269 E.01971
G1 X102.236 Y121.729 E.02082
G1 X102.116 Y121.195 E.01974
G1 X102.069 Y120.638 E.02022
G1 X102.095 Y120.092 E.01972
G1 X102.186 Y119.585 E.01864
G1 X102.346 Y119.077 E.01924
G1 X102.576 Y118.582 E.01972
G1 X103.125 Y117.694 E.03771
G1 X103.473 Y117.272 E.01977
G1 X103.959 Y116.932 E.02143
G1 X104.513 Y116.734 E.02123
G1 X105.036 Y116.604 E.01948
G1 X105.539 Y116.492 E.01863
G1 X106.069 Y116.442 E.01921
G1 X106.644 Y116.465 E.0208
G1 X107.182 Y116.561 E.01973
G1 X107.702 Y116.727 E.01974
G1 X108.208 Y116.967 E.02022
G1 X108.666 Y117.264 E.01973
G1 X109.08 Y117.62 E.01973
G1 X109.443 Y118.027 E.01972
G1 X109.728 Y118.441 E.01816
G1 X109.927 Y118.817 E.01535
G1 X109.998 Y118.848 E.00281
G1 X110.14 Y118.673 E.00813
G1 X110.408 Y118.227 E.01881
G1 X110.718 Y117.831 E.01816
G1 X111.106 Y117.447 E.01971
G1 X111.578 Y117.094 E.02133
G1 X112.056 Y116.83 E.01972
G1 X112.565 Y116.631 E.01973
G1 X113.066 Y116.507 E.01864
G1 X113.595 Y116.446 E.01924
G1 X114.184 Y116.458 E.0213
G1 X114.712 Y116.541 E.01931
G1 X115.687 Y116.79 E.03634
G1 X116.281 Y117.074 E.02379
G1 X116.704 Y117.465 E.02082
G1 X117.002 Y117.896 E.01891
G1 X117.516 Y118.765 E.03649
G1 X117.733 Y119.304 E.02099
G1 X117.865 Y119.835 E.01974
G1 X117.925 Y120.36 E.01912
G1 X117.917 Y120.893 E.01925
G1 X117.838 Y121.433 E.01971
G1 X117.672 Y121.999 E.02132
G1 X117.463 Y122.471 E.01864
G1 X117.187 Y122.926 E.01924
G1 X116.846 Y123.352 E.01972
G1 X116.606 Y123.605 E.01259
G1 X116.62 Y123.662 E.00213
G1 X117.399 Y123.872 E.02913
G1 X117.903 Y124.068 E.01956
G1 X118.393 Y124.339 E.02022
G1 X118.855 Y124.685 E.02083
G1 X119.243 Y125.068 E.01972
G1 X119.57 Y125.488 E.01923
G1 X119.833 Y125.932 E.01863
G1 X120.048 Y126.434 E.01973
G1 X120.195 Y126.96 E.01972
G1 X120.256 Y127.399 E.01601
SET_VELOCITY_LIMIT ACCEL=3000
G1 E-.728 F1800
;WIPE_START
G1 F30000
G1 X120.274 Y127.526 E-.00771
G1 X120.328 Y128.533 E-.0605
G1 X120.318 Y128.595 E-.00379
;WIPE_END
G1 X112.744 Y129.54 Z.6
G1 X103.271 Y130.722 Z.6
G1 Z.2
G1 E.8 F1800
SET_VELOCITY_LIMIT ACCEL=500
;TYPE:Inner wall
;WIDTH:0.499999
G1 F3000
G1 X103.058 Y130.689 E.00778
G1 X102.507 Y130.472 E.0214
G1 X102.003 Y130.162 E.02139
G1 X101.561 Y129.728 E.02237
G1 X100.993 Y129.031 E.03248
G1 X100.826 Y128.659 E.01473
G1 X100.809 Y128.324 E.01214
G1 X100.863 Y127.6 E.02624
G1 X100.955 Y127.029 E.02088
G1 X101.171 Y126.477 E.0214
G1 X101.48 Y125.973 E.02139
G1 X101.893 Y125.548 E.0214
G1 X102.374 Y125.202 E.02139
G1 X102.921 Y124.97 E.02147
G1 X103.572 Y124.823 E.02414
G1 X103.815 Y124.728 E.00941
G1 X104.319 Y124.408 E.02155
G1 X104.547 Y124.169 E.01197
G1 X104.636 Y123.862 E.01154
G1 X104.573 Y123.54 E.01184
G1 X104.22 Y122.835 E.0285
G1 X103.884 Y122.462 E.01813
G1 X103.557 Y121.959 E.02168
G1 X103.328 Y121.413 E.02138
G1 X103.223 Y120.831 E.02139
G1 X103.223 Y120.239 E.02139
G1 X103.352 Y119.66 E.0214
G1 X103.583 Y119.108 E.02164
G1 X103.977 Y118.475 E.02692
G1 X104.27 Y118.09 E.01751
G1 X104.501 Y117.936 E.01002
G1 X104.841 Y117.822 E.01294
G1 X105.727 Y117.614 E.03289
G1 X106.309 Y117.586 E.02105
G1 X106.906 Y117.664 E.02174
G1 X107.461 Y117.867 E.02139
G1 X107.971 Y118.164 E.02132
G1 X108.405 Y118.567 E.0214
G1 X108.764 Y119.044 E.02157
G1 X109.049 Y119.572 E.02166
G1 X109.267 Y119.765 E.01053
G1 X109.863 Y120.025 E.0235
G1 X110.124 Y120.081 E.00964
G1 X110.421 Y120.018 E.01095
G1 X110.666 Y119.827 E.01123
G1 X111.1 Y119.281 E.02521
G1 X111.458 Y118.728 E.02381
G1 X111.862 Y118.296 E.02137
G1 X112.352 Y117.962 E.02143
G1 X112.892 Y117.72 E.02136
G1 X113.473 Y117.602 E.02142
G1 X114.064 Y117.588 E.02137
G1 X114.657 Y117.699 E.02179
G1 X115.478 Y117.939 E.03091
G1 X115.723 Y118.099 E.01058
G1 X115.917 Y118.335 E.01105
G1 X116.343 Y118.994 E.02833
G1 X116.576 Y119.465 E.01897
G1 X116.745 Y120.03 E.02131
G1 X116.786 Y120.625 E.02155
G1 X116.723 Y121.209 E.02124
G1 X116.519 Y121.801 E.0226
G1 X116.254 Y122.276 E.01966
G1 X115.578 Y123.042 E.03691
G1 X115.438 Y123.341 E.01193
G1 X115.445 Y123.638 E.01072
G1 X115.651 Y124.365 E.02733
G1 X115.833 Y124.572 E.00997
G1 X116.066 Y124.687 E.00938
G1 X117.253 Y125.033 E.04467
G1 X117.782 Y125.298 E.02138
G1 X118.241 Y125.672 E.02138
M73 P25 R9
G1 X118.626 Y126.122 E.02141
G1 X118.904 Y126.645 E.02141
G1 X119.086 Y127.208 E.02138
G1 X119.148 Y127.733 E.01909
G1 X119.182 Y128.368 E.02295
G1 X119.14 Y128.784 E.0151
G1 X119.006 Y129.045 E.0106
G1 X118.446 Y129.729 E.03195
G1 X118.001 Y130.149 E.02211
G1 X117.506 Y130.472 E.02137
G1 X116.951 Y130.679 E.02139
G1 X116.368 Y130.786 E.0214
G1 X115.777 Y130.762 E.02139
G1 X115.185 Y130.631 E.02188
G1 X114.272 Y130.293 E.03519
G1 X113.961 Y130.225 E.01151
G1 X113.691 Y130.282 E.00997
G1 X113.468 Y130.439 E.00984
G1 X112.968 Y131.003 E.02722
G1 X112.893 Y131.238 E.00893
G1 X112.986 Y132.347 E.04019
G1 X112.907 Y132.935 E.02145
G1 X112.727 Y133.498 E.02134
G1 X112.426 Y134.012 E.02152
G1 X112.043 Y134.459 E.02127
G1 X111.583 Y134.806 E.02082
G1 X111.103 Y135.045 E.01939
G1 X110.336 Y135.353 E.02983
G1 X109.936 Y135.416 E.01465
G1 X109.629 Y135.35 E.01133
G1 X108.797 Y135.016 E.0324
G1 X108.274 Y134.712 E.02185
G1 X107.824 Y134.329 E.02136
G1 X107.467 Y133.855 E.02142
G1 X107.201 Y133.327 E.02136
G1 X107.056 Y132.753 E.02141
G1 X107.014 Y132.162 E.02138
G1 X107.065 Y131.604 E.02026
G1 X107.021 Y130.872 E.02649
G1 X106.888 Y130.601 E.0109
G1 X106.697 Y130.438 E.0091
G1 X106.415 Y130.348 E.01067
G1 X105.691 Y130.294 E.02622
G1 X105.308 Y130.423 E.01459
G1 X104.81 Y130.624 E.01943
G1 X104.235 Y130.767 E.02138
G1 X103.644 Y130.78 E.02139
G1 X103.311 Y130.728 E.01217
SET_VELOCITY_LIMIT ACCEL=3000
G1 X103.2 Y131.18 F30000
SET_VELOCITY_LIMIT ACCEL=500
;TYPE:Outer wall
G1 F3000
G1 X103.162 Y131.176 E.00138
G1 X102.507 Y130.983 E.02467
G1 X101.91 Y130.651 E.02469
G1 X101.381 Y130.219 E.02466
G1 X100.819 Y129.565 E.03117
G1 X100.505 Y129.129 E.01939
G1 X100.373 Y128.748 E.01458
G1 X100.351 Y128.318 E.01554
G1 X100.423 Y127.359 E.03476
G1 X100.586 Y126.694 E.02475
G1 X100.863 Y126.07 E.02467
G1 X101.271 Y125.521 E.02469
G1 X101.767 Y125.053 E.02466
G1 X102.355 Y124.704 E.02469
G1 X102.994 Y124.465 E.02466
G1 X103.537 Y124.359 E.01996
G1 X104.074 Y124.022 E.0229
G1 X104.162 Y123.919 E.0049
G1 X104.168 Y123.758 E.00584
G1 X103.891 Y123.16 E.02379
G1 X103.527 Y122.749 E.01986
G1 X103.153 Y122.172 E.02481
G1 X102.889 Y121.544 E.02465
G1 X102.768 Y120.871 E.02467
G1 X102.767 Y120.189 E.02467
G1 X102.916 Y119.522 E.02468
G1 X103.181 Y118.889 E.02478
G1 X103.623 Y118.179 E.03022
G1 X103.962 Y117.746 E.01988
G1 X104.298 Y117.522 E.0146
G1 X104.715 Y117.382 E.0159
G1 X105.654 Y117.161 E.03482
G1 X106.328 Y117.129 E.02438
G1 X107.013 Y117.218 E.02497
G1 X107.656 Y117.454 E.02473
G1 X108.244 Y117.796 E.02459
G1 X108.744 Y118.261 E.02468
G1 X109.157 Y118.808 E.02475
G1 X109.397 Y119.268 E.01876
G1 X109.512 Y119.377 E.00573
G1 X110.114 Y119.623 E.02347
G1 X110.285 Y119.567 E.0065
G1 X110.688 Y119.075 E.02297
G1 X110.956 Y118.627 E.01887
G1 X111.402 Y118.107 E.02475
G1 X111.929 Y117.675 E.02463
G1 X112.54 Y117.368 E.02469
G1 X113.194 Y117.174 E.02466
G1 X113.876 Y117.127 E.02469
G1 X114.56 Y117.202 E.02487
G1 X115.345 Y117.403 E.02926
G1 X115.866 Y117.614 E.02032
G1 X116.167 Y117.884 E.0146
G1 X116.769 Y118.819 E.04018
G1 X117.001 Y119.296 E.01915
G1 X117.196 Y119.948 E.02459
G1 X117.243 Y120.634 E.02484
G1 X117.17 Y121.308 E.02451
G1 X116.937 Y121.985 E.02588
G1 X116.623 Y122.548 E.02329
G1 X115.911 Y123.361 E.03901
G1 X115.888 Y123.528 E.00611
G1 X116.048 Y124.139 E.02278
G1 X116.186 Y124.246 E.00633
G1 X117.421 Y124.608 E.04649
G1 X118.031 Y124.913 E.02465
G1 X118.56 Y125.345 E.02466
G1 X119.005 Y125.864 E.02469
G1 X119.325 Y126.467 E.02469
G1 X119.535 Y127.117 E.02466
G1 X119.604 Y127.709 E.02152
G1 X119.648 Y128.527 E.02963
G1 X119.578 Y128.93 E.01477
G1 X119.472 Y129.139 E.00846
G1 X119.285 Y129.426 E.01238
G1 X118.622 Y130.203 E.0369
G1 X118.105 Y130.649 E.02468
G1 X117.502 Y130.97 E.0247
G1 X116.852 Y131.181 E.02465
G1 X116.172 Y131.244 E.02469
G1 X115.492 Y131.186 E.02466
G1 X114.896 Y131.012 E.02243
G1 X113.964 Y130.682 E.03573
G1 X113.799 Y130.753 E.00647
G1 X113.356 Y131.253 E.02412
G1 X113.431 Y132.061 E.02933
G1 X113.424 Y132.585 E.01891
G1 X113.303 Y133.256 E.02466
G1 X113.039 Y133.887 E.02472
G1 X112.668 Y134.459 E.02463
G1 X112.169 Y134.948 E.02524
G1 X111.618 Y135.322 E.02403
G1 X110.806 Y135.67 E.03194
G1 X110.309 Y135.844 E.019
G1 X109.905 Y135.877 E.01466
G1 X109.495 Y135.788 E.01518
G1 X108.763 Y135.495 E.02848
G1 X108.196 Y135.217 E.02279
G1 X107.657 Y134.798 E.02467
G1 X107.2 Y134.291 E.02467
G1 X106.866 Y133.696 E.02466
G1 X106.641 Y133.05 E.02469
G1 X106.562 Y132.372 E.02467
G1 X106.608 Y131.658 E.02584
G1 X106.582 Y131.021 E.02303
G1 X106.548 Y130.911 E.00417
G1 X106.414 Y130.811 E.00605
G1 X105.77 Y130.75 E.02338
G1 X105.656 Y130.768 E.00415
G1 X105.041 Y131.028 E.02413
G1 X104.52 Y131.176 E.01957
G1 X103.841 Y131.251 E.02469
G1 X103.24 Y131.185 E.02185
SET_VELOCITY_LIMIT ACCEL=3000
G1 E-.728 F1800
;WIPE_START
G1 F30000
G1 X103.162 Y131.176 E-.0047
G1 X102.507 Y130.983 E-.04097
G1 X102.123 Y130.77 E-.02634
;WIPE_END
G1 X108.269 Y126.244 Z.6
G1 X116.53 Y120.16 Z.6
G1 Z.2
G1 E.8 F1800
SET_VELOCITY_LIMIT ACCEL=500
;TYPE:Bottom surface
;WIDTH:0.500556
G1 F6300
G1 X114.469 Y118.099 E.10541
G1 X114.026 Y118.022 E.01627
G1 X113.739 Y118.016 E.01039
G1 X116.352 Y120.629 E.13365
G1 X116.349 Y120.781 E.00552
G1 X116.274 Y121.198 E.01532
G1 X113.174 Y118.098 E.1586
G1 X113.025 Y118.135 E.00554
G1 X112.696 Y118.267 E.01283
G1 X116.101 Y121.672 E.17417
G1 X115.903 Y122.017 E.01438
G1 X115.854 Y122.072 E.00268
G1 X112.296 Y118.514 E.18204
G1 X112.145 Y118.626 E.00679
G1 X111.951 Y118.817 E.00984
G1 X115.551 Y122.416 E.18415
G1 X115.247 Y122.76 E.01659
G1 X111.665 Y119.178 E.18325
G1 X111.421 Y119.581 E.01705
G1 X115.208 Y123.368 E.19375
SET_VELOCITY_LIMIT ACCEL=3000
G1 E-.728 F1800
;WIPE_START
G1 F30000
G1 X114.36 Y122.52 E-.072
;WIPE_END
G1 X117.031 Y125.191 Z.6
G1 Z.2
G1 E.8 F1800
SET_VELOCITY_LIMIT ACCEL=500
G1 F6300
G1 X118.352 Y126.512 E.06761
G1 X118.438 Y126.658 E.00613
G1 X118.57 Y126.97 E.01223
G1 X118.659 Y127.295 E.01222
G1 X118.686 Y127.493 E.00722
G1 X116.428 Y125.235 E.11554
G1 X115.924 Y125.098 E.0189
G1 X115.738 Y125.024 E.00721
G1 X115.572 Y124.92 E.00709
G1 X115.436 Y124.8 E.00656
G1 X115.275 Y124.585 E.00973
G1 X115.191 Y124.404 E.00719
G1 X115.057 Y123.864 E.02014
G1 X111.128 Y119.935 E.20098
G1 X110.88 Y120.232 E.01397
G1 X110.822 Y120.276 E.00267
G1 X118.738 Y128.192 E.40497
G1 X118.753 Y128.474 E.01023
G1 X118.724 Y128.644 E.00623
G1 X118.662 Y128.764 E.00486
G1 X110.382 Y120.483 E.42358
G1 X110.117 Y120.516 E.00964
M73 P26 R9
G1 X109.936 Y120.499 E.00658
G1 X109.664 Y120.412 E.01034
G1 X118.378 Y129.127 E.44579
G1 X118.083 Y129.479 E.01662
G1 X106.668 Y118.064 E.58397
G1 X106.444 Y118.026 E.00821
G1 X106.129 Y118.013 E.01139
G1 X105.983 Y118.026 E.00531
G1 X117.75 Y129.794 E.60196
G1 X117.6 Y129.912 E.00692
G1 X117.362 Y130.053 E.01
G1 X105.437 Y118.128 E.61003
G1 X104.917 Y118.254 E.01938
G1 X116.904 Y130.242 E.61323
G1 X116.673 Y130.306 E.00869
G1 X116.363 Y130.348 E.01129
G1 X104.503 Y118.488 E.60672
G1 X104.412 Y118.596 E.00512
G1 X104.241 Y118.873 E.01177
G1 X115.68 Y130.312 E.58517
G1 X115.317 Y130.217 E.01356
G1 X114.715 Y129.994 E.02321
G1 X103.993 Y119.272 E.54851
G1 X103.79 Y119.716 E.01767
G1 X113.875 Y129.801 E.51593
G1 X113.639 Y129.838 E.00863
G1 X113.384 Y129.957 E.01021
G1 X103.664 Y120.237 E.49722
G1 X103.641 Y120.624 E.014
G1 X103.664 Y120.885 E.00947
G1 X113.042 Y130.263 E.47977
G1 X112.729 Y130.597 E.01656
G1 X104.001 Y121.869 E.44648
G1 X104.224 Y122.191 E.01417
G1 X104.629 Y122.656 E.0223
G1 X104.971 Y123.366 E.02851
G1 X105.032 Y123.547 E.0069
G1 X112.499 Y131.014 E.382
G1 X112.462 Y131.183 E.00625
G1 X112.454 Y131.372 E.00684
G1 X112.492 Y131.654 E.01029
G1 X105.016 Y124.178 E.38242
G1 X104.923 Y124.389 E.00835
G1 X104.77 Y124.58 E.00883
G1 X112.549 Y132.358 E.39793
G1 X112.521 Y132.674 E.01145
G1 X112.465 Y132.922 E.0092
G1 X104.403 Y124.86 E.4124
G1 X104.011 Y125.115 E.01693
G1 X112.291 Y133.395 E.42358
G1 X112.172 Y133.619 E.00918
G1 X112.046 Y133.797 E.00789
G1 X103.522 Y125.273 E.43604
G1 X103.215 Y125.331 E.01132
G1 X103.002 Y125.4 E.00809
G1 X111.744 Y134.143 E.44724
G1 X111.484 Y134.356 E.01217
G1 X111.377 Y134.423 E.00456
G1 X102.556 Y125.602 E.45125
G1 X102.305 Y125.766 E.01088
G1 X102.181 Y125.873 E.00592
G1 X106.206 Y129.898 E.2059
M73 P27 R9
G1 X106.461 Y129.916 E.00925
G1 X106.647 Y129.95 E.00683
G1 X106.803 Y130.005 E.00599
G1 X107.002 Y130.117 E.00829
G1 X107.145 Y130.237 E.00674
G1 X107.31 Y130.444 E.00957
G1 X107.443 Y130.764 E.01254
G1 X107.481 Y131.174 E.01488
G1 X110.947 Y134.64 E.17731
G1 X110.494 Y134.834 E.01783
G1 X107.48 Y131.82 E.15416
G1 X107.449 Y132.178 E.01299
G1 X107.456 Y132.443 E.00959
G1 X109.989 Y134.976 E.12961
G1 X109.757 Y134.933 E.00855
G1 X108.993 Y134.627 E.02976
G1 X107.331 Y132.965 E.08504
SET_VELOCITY_LIMIT ACCEL=3000
G1 E-.728 F1800
;WIPE_START
G1 F30000
G1 X108.179 Y133.813 E-.072
;WIPE_END
G1 X105.731 Y130.071 Z.6
G1 Z.2
G1 E.8 F1800
SET_VELOCITY_LIMIT ACCEL=500
G1 F6300
G1 X101.86 Y126.2 E.19803
G1 X101.601 Y126.588 E.01688
G1 X105.068 Y130.055 E.17735
G1 X104.602 Y130.236 E.01808
G1 X101.409 Y127.043 E.16337
G1 X101.375 Y127.142 E.00379
G1 X101.3 Y127.581 E.01612
G1 X104.062 Y130.343 E.14129
G1 X103.841 Y130.358 E.00802
G1 X103.383 Y130.311 E.01664
G1 X101.063 Y127.991 E.11869
SET_VELOCITY_LIMIT ACCEL=3000
G1 E-.728 F1800
;WIPE_START
G1 F30000
G1 X101.911 Y128.84 E-.072
;WIPE_END
G1 X108.356 Y124.752 Z.6
G1 X116.401 Y119.649 Z.6
G1 Z.2
G1 E.8 F1800
SET_VELOCITY_LIMIT ACCEL=500
;TYPE:Gap infill
;WIDTH:0.223996
G1 F6300
G1 X116.262 Y119.466 E.00328
;WIDTH:0.259709
G1 X116.124 Y119.283 E.00393
;WIDTH:0.295422
G1 X115.985 Y119.1 E.00458
;WIDTH:0.333669
G1 X115.858 Y118.944 E.00461
;WIDTH:0.374448
G1 X115.732 Y118.789 E.00526
;WIDTH:0.415228
G1 X115.605 Y118.633 E.00591
;WIDTH:0.462986
G1 X115.368 Y118.373 E.01167
;WIDTH:0.449859
G1 X115.077 Y118.171 E.01142
;WIDTH:0.431635
G1 X114.785 Y117.968 E.01091
SET_VELOCITY_LIMIT ACCEL=3000
G1 E-.7787 F1800
;WIPE_START
G1 F30000
G1 X115.077 Y118.171 E-.0213
;WIPE_END
G1 X112.318 Y125.287 Z.6
G1 X108.679 Y134.67 Z.6
G1 Z.2
G1 E.8 F1800
SET_VELOCITY_LIMIT ACCEL=500
;WIDTH:0.112547
G1 F6300
G1 X108.578 Y134.596 E.00069
;WIDTH:0.142421
G1 X108.441 Y134.48 E.00141
;WIDTH:0.185532
G1 X108.048 Y134.117 E.00602
G1 X107.809 Y133.854 E.00401
;WIDTH:0.149128
G1 X107.707 Y133.726 E.00137
;WIDTH:0.132009
G1 X107.605 Y133.597 E.00115
SET_VELOCITY_LIMIT ACCEL=3000
G1 E-.79018 F1800
;WIPE_START
G1 F30000
G1 X107.707 Y133.726 E-.00982
;WIPE_END
G1 X103.143 Y130.473 Z.6
G1 Z.2
G1 E.8 F1800
SET_VELOCITY_LIMIT ACCEL=500
;WIDTH:0.299721
G1 F6300
G1 X102.94 Y130.327 E.00508
;WIDTH:0.33721
G1 X102.737 Y130.181 E.00582
;WIDTH:0.374699
G1 X102.534 Y130.035 E.00656
;WIDTH:0.409575
G1 X102.403 Y129.926 E.00494
;WIDTH:0.441839
G1 X102.272 Y129.817 E.00538
;WIDTH:0.450901
G1 X102.027 Y129.586 E.01086
G1 X101.443 Y128.956 E.02768
;WIDTH:0.399053
G1 X101.244 Y128.718 E.00875
;WIDTH:0.386502
G1 X101.045 Y128.479 E.00844
SET_VELOCITY_LIMIT ACCEL=3000
G1 E-.78135 F1800
;WIPE_START
G1 F30000
G1 X101.244 Y128.718 E-.01865
;WIPE_END
G1 X106.576 Y123.256 Z.6
G1 X109.468 Y120.294 Z.6
G1 Z.2
G1 E.8 F1800
SET_VELOCITY_LIMIT ACCEL=500
;WIDTH:0.31874
G1 F6300
G1 X109.333 Y120.202 E.00355
;WIDTH:0.28345
G1 X109.187 Y120.104 E.00334
;WIDTH:0.25012
G1 X109.106 Y120.042 E.00167
;WIDTH:0.209963
G1 X108.791 Y119.746 E.0057
;WIDTH:0.230966
G1 X108.699 Y119.623 E.00229
;WIDTH:0.275127
G1 X108.607 Y119.499 E.00283
;WIDTH:0.319288
G1 X108.514 Y119.376 E.00337
;WIDTH:0.363449
G1 X108.422 Y119.252 E.00391
;WIDTH:0.401624
G1 X108.31 Y119.117 E.00497
;WIDTH:0.451399
G1 X107.965 Y118.737 E.01656
G1 X107.716 Y118.508 E.01092
;WIDTH:0.4213
G1 X107.583 Y118.4 E.00514
;WIDTH:0.384639
G1 X107.449 Y118.293 E.00464
;WIDTH:0.346028
G1 X107.261 Y118.161 E.0055
;WIDTH:0.305471
G1 X107.073 Y118.029 E.00476
;WIDTH:0.285192
G1 X106.886 Y117.897 E.00439
;LAYER_CHANGE
;Z:0.4
;HEIGHT:0.2
;BEFORE_LAYER_CHANGE
;0.4
G92 E0

G1 E-.78623 F1800
;WIPE_START
G1 F30000
G1 X107.073 Y118.029 E-.01377
;WIPE_END
M73 L2
;LAYER:2
SET_PRINT_STATS_INFO TOTAL_LAYER=16 CURRENT_LAYER=2
;_SET_FAN_SPEED_CHANGING_LAYER
M140 S60 ; set bed temperature
SET_VELOCITY_LIMIT ACCEL=3000

G1 X107.931 Y118.645 Z0.457143
G1 X107.984 Y119.7 Z0.514286
G1 X107.193 Y120.399 Z0.571429
G1 X106.153 Y120.216 Z0.628571
G1 X105.647 Y119.289 Z0.685714
G1 X106.057 Y118.315 Z0.742857
G1 X107.073 Y118.029 Z0.8
G1 X155.047 Y126.46 Z.8
G1 Z.4
G1 E.8 F1800
SET_VELOCITY_LIMIT ACCEL=500
;TYPE:Inner wall
;WIDTH:0.449999
G1 F12000
G1 X155.055 Y126.474 E.00052
G1 X155.253 Y127.043 E.01937
G1 X155.347 Y127.617 E.01873
G1 X155.394 Y128.489 E.02811
G1 X155.358 Y128.728 E.00776
G1 X155.242 Y129.034 E.01052
G1 X155.025 Y129.345 E.01222
G1 X155.03 Y128.814 E.01708
G1 X154.916 Y128.333 E.01591
G1 X154.739 Y127.979 E.01274
G1 X154.497 Y127.666 E.01274
G1 X154.221 Y127.425 E.0118
G1 X153.854 Y127.21 E.01368
G1 X153.419 Y127.069 E.01471
G1 X152.91 Y127.038 E.01641
G1 X152.357 Y127.154 E.01818
G1 X151.954 Y127.343 E.01432
G1 X151.56 Y127.666 E.01638
G1 X151.251 Y128.103 E.01723
G1 X151.059 Y128.604 E.01725
G1 X151.006 Y129.047 E.01435
G1 X151.085 Y129.59 E.01768
G1 X151.266 Y130.031 E.01534
G1 X151.56 Y130.441 E.01623
G1 X151.954 Y130.764 E.01638
G1 X152.444 Y130.982 E.01726
G1 X152.301 Y130.991 E.00461
G1 X151.745 Y130.965 E.0179
G1 X151.113 Y130.821 E.02086
G1 X150.572 Y130.606 E.01875
G1 X150.026 Y130.446 E.01829
G1 X149.817 Y130.473 E.0068
G1 X149.573 Y130.626 E.00928
G1 X149.165 Y131.089 E.01985
G1 X149.099 Y131.375 E.00945
G1 X149.172 Y131.918 E.01764
G1 X149.173 Y132.562 E.02071
G1 X149.061 Y133.185 E.02037
G1 X148.816 Y133.769 E.02037
G1 X148.472 Y134.3 E.02036
G1 X148.021 Y134.743 E.02036
G1 X147.498 Y135.1 E.02037
G1 X147.039 Y135.304 E.01617
G1 X146.258 Y135.596 E.02682
G1 X145.922 Y135.623 E.01085
G1 X145.569 Y135.546 E.01163
G1 X144.857 Y135.261 E.02466
G1 X144.329 Y135.002 E.01895
G1 X143.829 Y134.614 E.02036
G1 X143.406 Y134.143 E.02037
G1 X143.095 Y133.592 E.02035
G1 X142.887 Y132.994 E.02038
G1 X142.814 Y132.365 E.02036
G1 X142.86 Y131.67 E.02243
G1 X142.838 Y131.098 E.01843
G1 X142.788 Y130.887 E.00695
G1 X142.629 Y130.677 E.00849
G1 X142.371 Y130.554 E.0092
G1 X141.818 Y130.501 E.01787
G1 X141.605 Y130.521 E.00688
G1 X141.059 Y130.755 E.01911
G1 X140.539 Y130.914 E.01749
G1 X139.967 Y130.99 E.01857
G1 X139.395 Y130.966 E.01844
G1 X138.792 Y130.814 E.01999
G1 X138.229 Y130.557 E.01993
G1 X138.824 Y130.544 E.01915
G1 X139.206 Y130.44 E.01274
G1 X139.56 Y130.263 E.01274
G1 X139.856 Y130.035 E.01204
G1 X140.133 Y129.722 E.01344
G1 X140.329 Y129.378 E.01274
G1 X140.455 Y129.002 E.01274
G1 X140.505 Y128.61 E.01274
G1 X140.477 Y128.215 E.01274
G1 X140.373 Y127.832 E.01274
G1 X140.196 Y127.478 E.01274
G1 X139.954 Y127.165 E.01274
G1 X139.655 Y126.905 E.01274
G1 X139.311 Y126.709 E.01274
G1 X138.935 Y126.583 E.01275
G1 X138.4 Y126.534 E.01727
G1 X137.822 Y126.651 E.01899
G1 X137.411 Y126.842 E.01459
G1 X137.098 Y127.084 E.01274
G1 X136.838 Y127.383 E.01274
G1 X136.649 Y127.714 E.01225
G1 X136.76 Y126.965 E.02436
G1 X136.972 Y126.416 E.01894
G1 X137.295 Y125.881 E.02008
G1 X137.63 Y125.504 E.01625
G1 X138.127 Y125.119 E.02023
G1 X138.601 Y124.866 E.01726
G1 X139.12 Y124.698 E.01758
G1 X139.645 Y124.585 E.01727
G1 X140.135 Y124.282 E.01853
G1 X140.335 Y124.067 E.00946
G1 X140.404 Y123.815 E.00841
G1 X140.35 Y123.547 E.00879
G1 X140.093 Y123.009 E.01918
G1 X139.724 Y122.591 E.01796
G1 X139.376 Y122.055 E.02056
G1 X139.131 Y121.472 E.02035
G1 X139.019 Y120.849 E.02036
G1 X139.018 Y120.216 E.02036
G1 X139.156 Y119.598 E.02037
G1 X139.403 Y119.01 E.02053
G1 X139.803 Y118.367 E.02437
G1 X140.132 Y117.935 E.01746
G1 X140.41 Y117.75 E.01075
G1 X140.784 Y117.624 E.01269
G1 X141.695 Y117.411 E.03009
M73 P28 R9
G1 X142.327 Y117.381 E.02036
G1 X142.952 Y117.463 E.02029
G1 X143.547 Y117.681 E.02039
G1 X144.093 Y117.999 E.02034
G1 X144.557 Y118.43 E.02036
G1 X144.94 Y118.938 E.02049
G1 X145.23 Y119.462 E.01926
G1 X145.446 Y119.623 E.00866
G1 X145.999 Y119.845 E.01917
G1 X146.278 Y119.828 E.00899
G1 X146.525 Y119.674 E.00937
G1 X146.85 Y119.275 E.01657
G1 X147.079 Y118.915 E.01371
G1 X147.426 Y118.436 E.01905
G1 X147.794 Y118.091 E.01622
G1 X148.266 Y117.775 E.01827
G1 X148.74 Y117.56 E.01677
G1 X149.248 Y117.421 E.01694
G1 X149.762 Y117.377 E.01658
G1 X149.43 Y117.608 E.013
G1 X149.142 Y117.88 E.01274
G1 X148.913 Y118.203 E.01274
G1 X148.785 Y118.484 E.00994
G1 X148.663 Y118.951 E.01551
G1 X148.665 Y119.467 E.01663
G1 X148.801 Y119.966 E.01664
G1 X149.07 Y120.442 E.01759
G1 X149.342 Y120.73 E.01274
G1 X149.665 Y120.959 E.01274
G1 X150.027 Y121.121 E.01274
G1 X150.413 Y121.209 E.01274
G1 X150.87 Y121.217 E.01471
G1 X151.366 Y121.097 E.01644
G1 X151.801 Y120.871 E.01576
G1 X152.192 Y120.53 E.0167
G1 X152.421 Y120.207 E.01274
G1 X152.616 Y119.737 E.01638
G1 X152.687 Y119.199 E.01747
G1 X152.791 Y119.449 E.00872
G1 X152.949 Y120.007 E.01867
G1 X152.99 Y120.67 E.02137
G1 X152.929 Y121.217 E.01771
G1 X152.787 Y121.7 E.0162
G1 X152.558 Y122.17 E.01682
G1 X152.162 Y122.718 E.02176
G1 X151.8 Y123.103 E.017
G1 X151.667 Y123.328 E.00842
G1 X151.649 Y123.606 E.00895
G1 X151.782 Y124.139 E.01767
G1 X151.938 Y124.374 E.0091
G1 X152.178 Y124.506 E.0088
G1 X152.931 Y124.709 E.02511
G1 X153.456 Y124.893 E.0179
G1 X153.95 Y125.167 E.01817
G1 X154.394 Y125.535 E.01856
G1 X154.796 Y126.006 E.01993
G1 X155.027 Y126.425 E.0154
G1 X155.378 Y126.277 F30000
;TYPE:Outer wall
;WIDTH:0.419999
G1 F9600
G1 X155.521 Y126.57 E.00972
G1 X155.672 Y127.089 E.0161
G1 X155.738 Y127.596 E.01524
G1 X155.785 Y128.468 E.02604
G1 X155.727 Y128.893 E.01278
G1 X155.509 Y129.373 E.01572
G1 X155.051 Y129.932 E.02153
;WIDTH:0.445612
G1 X154.882 Y130.104 E.00768
;WIDTH:0.471225
G1 X154.212 Y130.725 E.03092
;WIDTH:0.460056
G1 X153.808 Y130.964 E.01549
;WIDTH:0.502508
G1 X153.31 Y131.157 E.01938
G1 X153.026 Y131.246 E.01082
;WIDTH:0.463524
G1 X152.742 Y131.335 E.0099
;WIDTH:0.424539
G1 X152.182 Y131.384 E.01696
;WIDTH:0.419999
G1 X151.504 Y131.329 E.02026
G1 X151.006 Y131.201 E.01532
G1 X150.541 Y131.009 E.01499
G1 X150.004 Y130.837 E.0168
G1 X149.857 Y130.896 E.00472
G1 X149.499 Y131.301 E.01611
G1 X149.584 Y132.36 E.03166
G1 X149.49 Y133.065 E.02121
G1 X149.274 Y133.742 E.02116
G1 X148.914 Y134.356 E.02121
G1 X148.453 Y134.895 E.02116
G1 X147.884 Y135.322 E.0212
G1 X147.411 Y135.569 E.01589
G1 X146.845 Y135.806 E.01831
G1 X146.338 Y135.982 E.01599
G1 X145.896 Y136.019 E.01323
G1 X145.658 Y135.967 E.00726
G1 X145.174 Y135.811 E.01515
G1 X144.388 Y135.476 E.02547
G1 X143.929 Y135.199 E.01598
G1 X143.388 Y134.739 E.02117
G1 X142.961 Y134.17 E.0212
G1 X142.64 Y133.537 E.02116
G1 X142.466 Y132.847 E.02119
G1 X142.416 Y132.138 E.02118
G1 X142.469 Y131.623 E.01545
G1 X142.417 Y131.021 E.01799
G1 X142.295 Y130.938 E.0044
G1 X141.745 Y130.892 E.01643
G1 X141.279 Y131.09 E.01511
G1 X140.78 Y131.266 E.01576
G1 X140.253 Y131.364 E.01596
G1 X139.691 Y131.382 E.01677
G1 X139.152 Y131.317 E.01619
G1 X138.665 Y131.185 E.01505
G1 X138.052 Y130.912 E.02001
G1 X137.619 Y130.62 E.01555
;WIDTH:0.44909
G1 X137.431 Y130.425 E.0087
;WIDTH:0.47818
G1 X136.763 Y129.685 E.03431
;WIDTH:0.489873
G1 X136.603 Y129.44 E.01031
;WIDTH:0.521399
G1 X136.443 Y129.196 E.01103
;WIDTH:0.55017
G1 X136.297 Y128.726 E.01975
;WIDTH:0.564952
G1 X136.28 Y128.034 E.02858
;WIDTH:0.516992
G1 X136.269 Y127.867 E.00627
;WIDTH:0.469032
G1 X136.257 Y127.7 E.00564
;WIDTH:0.421071
G1 X136.304 Y127.236 E.01393
;WIDTH:0.419999
G1 X136.421 Y126.745 E.01504
G1 X136.621 Y126.241 E.01617
G1 X136.974 Y125.655 E.0204
G1 X137.323 Y125.251 E.01591
G1 X137.744 Y124.901 E.01632
G1 X138.337 Y124.558 E.02039
G1 X138.874 Y124.357 E.0171
G1 X139.445 Y124.239 E.01737
G1 X139.831 Y124.011 E.01337
G1 X139.997 Y123.867 E.00656
G1 X139.995 Y123.713 E.00459
G1 X139.738 Y123.192 E.01728
G1 X139.298 Y122.669 E.02039
G1 X139.03 Y122.238 E.01513
G1 X138.754 Y121.583 E.02116
G1 X138.628 Y120.884 E.02118
G1 X138.628 Y120.173 E.02118
G1 X138.783 Y119.479 E.02119
G1 X139.058 Y118.822 E.02124
G1 X139.504 Y118.105 E.02517
G1 X139.867 Y117.64 E.01759
G1 X140.236 Y117.395 E.0132
G1 X140.676 Y117.247 E.01385
G1 X141.395 Y117.078 E.022
G1 X142.104 Y116.98 E.02132
G1 X142.813 Y117.041 E.0212
G1 X143.498 Y117.225 E.02116
G1 X144.128 Y117.555 E.0212
G1 X144.689 Y117.991 E.02117
G1 X145.155 Y118.559 E.0219
G1 X145.508 Y119.177 E.0212
G1 X145.6 Y119.263 E.00377
G1 X146.069 Y119.459 E.01516
G1 X146.226 Y119.417 E.00482
G1 X146.574 Y118.993 E.01638
G1 X146.841 Y118.548 E.01545
G1 X147.185 Y118.123 E.01632
G1 X147.559 Y117.777 E.01517
G1 X148.075 Y117.433 E.01848
G1 X148.596 Y117.195 E.01707
G1 X149.106 Y117.051 E.01581
G1 X149.613 Y116.986 E.01522
G1 X150.138 Y116.996 E.01565
;WIDTH:0.451311
G1 X150.405 Y117.057 E.00884
;WIDTH:0.482623
G1 X151.509 Y117.323 E.03948
;WIDTH:0.483884
G1 X151.896 Y117.509 E.01497
;WIDTH:0.48732
G1 X152.25 Y117.815 E.01643
;WIDTH:0.487874
G1 X152.722 Y118.517 E.02976
;WIDTH:0.457848
G1 X152.902 Y118.792 E.01079
;WIDTH:0.427821
G1 X153.11 Y119.19 E.01363
;WIDTH:0.419999
G1 X153.297 Y119.775 E.01831
G1 X153.382 Y120.347 E.01724
G1 X153.379 Y120.869 E.01557
G1 X153.29 Y121.399 E.01601
G1 X153.082 Y122.004 E.01906
G1 X152.779 Y122.562 E.01893
G1 X152.466 Y122.965 E.0152
G1 X152.084 Y123.373 E.01667
G1 X152.032 Y123.505 E.00422
G1 X152.147 Y123.994 E.01497
G1 X152.254 Y124.118 E.00488
G1 X153.033 Y124.331 E.02409
G1 X153.6 Y124.528 E.01789
G1 X154.024 Y124.749 E.01424
G1 X154.488 Y125.079 E.01698
G1 X154.881 Y125.478 E.01668
G1 X155.215 Y125.944 E.01709
G1 X155.36 Y126.241 E.00986
SET_VELOCITY_LIMIT ACCEL=3000
G1 E-.728 F1800
;WIPE_START
G1 F30000
G1 X155.521 Y126.57 E-.02197
G1 X155.672 Y127.089 E-.03241
G1 X155.71 Y127.38 E-.01762
;WIPE_END
G1 X151.497 Y128.509 Z.8
G1 Z.4
G1 E.8 F1800
SET_VELOCITY_LIMIT ACCEL=500
G1 F3420
G1 X151.434 Y128.718 E.00651
G1 F3660
G1 X151.399 Y129.035 E.00951
G1 X151.427 Y129.353 E.00951
G1 X151.516 Y129.66 E.00953
G1 F3240
G1 X151.777 Y130.087 E.01492
G1 X152.108 Y130.398 E.01354
G1 F3360
G1 X152.499 Y130.589 E.01297
;WIDTH:0.457191
G1 X152.753 Y130.655 E.00859
;WIDTH:0.494382
G1 F3300
G1 X153.006 Y130.72 E.00932
;WIDTH:0.502508
G1 F5400
G1 X153.227 Y130.707 E.00804
G1 F4620
G1 X153.609 Y130.597 E.01444
;WIDTH:0.46411
G1 F4380
G1 X153.925 Y130.431 E.01188
;WIDTH:0.451146
G1 F4440
G1 X154.177 Y130.231 E.01038
;WIDTH:0.471225
G1 X154.393 Y129.99 E.01096
G1 F3840
G1 X154.467 Y129.829 E.006
;WIDTH:0.442809
G1 F3600
G1 X154.63 Y129.353 E.0159
;WIDTH:0.419999
G1 F3300
G1 X154.64 Y128.853 E.01491
G1 X154.541 Y128.447 E.01246
G1 F3660
G1 X154.393 Y128.164 E.00952
G1 X154.194 Y127.915 E.0095
G1 F3540
G1 X153.972 Y127.728 E.00865
G1 X153.669 Y127.555 E.0104
G1 F3660
G1 X153.364 Y127.459 E.00953
G1 X152.961 Y127.427 E.01205
G1 F3540
G1 X152.438 Y127.537 E.01593
G1 X152.139 Y127.689 E.01
G1 F3660
G1 X151.89 Y127.888 E.0095
G1 X151.684 Y128.133 E.00954
G1 X151.516 Y128.447 E.01061
G1 F3540
G1 X151.509 Y128.471 E.00075
SET_VELOCITY_LIMIT ACCEL=3000
G1 E-.728 F1800
;WIPE_START
G1 F30000
G1 X151.434 Y128.718 E-.01546
G1 X151.399 Y129.035 E-.01916
G1 X151.427 Y129.353 E-.01916
G1 X151.512 Y129.645 E-.01822
;WIPE_END
G1 X150.065 Y122.151 Z.8
G1 X149.755 Y120.546 Z.8
G1 Z.4
G1 E.8 F1800
SET_VELOCITY_LIMIT ACCEL=500
G1 F3120
G1 X149.883 Y120.633 E.00461
G1 F3660
G1 X150.177 Y120.759 E.00953
G1 X150.489 Y120.825 E.00951
G1 X150.809 Y120.828 E.00954
G1 X151.158 Y120.759 E.0106
G1 F3240
G1 X151.583 Y120.545 E.01418
G1 X151.923 Y120.245 E.01351
G1 X152.178 Y119.8 E.01529
G1 X152.29 Y119.347 E.01391
;WIDTH:0.455858
G1 F3000
G1 X152.286 Y119.232 E.00376
G1 X152.279 Y119.045 E.00611
;WIDTH:0.491717
G1 X152.267 Y118.743 E.01072
G1 F5340
G1 X152.144 Y118.441 E.01157
;WIDTH:0.487874
G1 F5220
G1 X151.964 Y118.169 E.01147
;WIDTH:0.482055
G1 X151.736 Y117.936 E.01132
;WIDTH:0.480088
G1 F4740
G1 X151.464 Y117.759 E.01121
;WIDTH:0.463692
G1 F4200
G1 X151.108 Y117.625 E.01265
;WIDTH:0.462374
G1 X150.532 Y117.562 E.01921
G1 F3600
G1 X149.916 Y117.76 E.02145
;WIDTH:0.419999
G1 F3660
G1 X149.648 Y117.934 E.00952
G1 X149.42 Y118.157 E.00951
G1 X149.239 Y118.421 E.00954
G1 X149.103 Y118.75 E.01061
G1 F3300
G1 X149.044 Y119.23 E.01441
G1 X149.103 Y119.66 E.01294
G1 F3240
G1 X149.163 Y119.816 E.00498
G1 X149.396 Y120.224 E.014
G1 F3660
G1 X149.619 Y120.453 E.00953
G1 F3240
G1 X149.722 Y120.523 E.00371
SET_VELOCITY_LIMIT ACCEL=3000
G1 E-.728 F1800
;WIPE_START
G1 F30000
G1 X149.883 Y120.633 E-.01171
G1 X150.177 Y120.759 E-.01916
G1 X150.489 Y120.825 E-.01916
G1 X150.809 Y120.828 E-.01916
G1 X150.854 Y120.819 E-.0028
;WIPE_END
G1 X144.073 Y124.322 Z.8
G1 X136.921 Y128.016 Z.8
G1 Z.4
G1 E.8 F1800
SET_VELOCITY_LIMIT ACCEL=500
;WIDTH:0.533419
G1 F4800
G1 X136.896 Y128.059 E.00193
;WIDTH:0.571225
G1 F5100
G1 X136.819 Y128.195 E.00653
G1 F6480
G1 X136.792 Y128.528 E.01395
;WIDTH:0.550146
G1 F6120
G1 X136.829 Y128.858 E.01331
;WIDTH:0.529822
G1 F5040
G1 X136.96 Y129.208 E.01438
;WIDTH:0.482307
G1 F4380
G1 X137.309 Y129.701 E.02098
;WIDTH:0.465499
G1 F4440
G1 X137.585 Y129.938 E.01215
G1 F3600
G1 X138.15 Y130.147 E.02012
;WIDTH:0.419999
G1 F3360
G1 X138.594 Y130.173 E.01326
G1 X139.092 Y130.065 E.01519
G1 F3660
G1 X139.375 Y129.918 E.0095
G1 F3360
G1 X139.713 Y129.616 E.01351
G1 X139.984 Y129.193 E.01497
G1 F3660
G1 X140.08 Y128.889 E.0095
G1 X140.115 Y128.571 E.00954
G1 X140.087 Y128.253 E.00951
G1 X139.998 Y127.946 E.00953
G1 X139.85 Y127.663 E.00952
G1 X139.651 Y127.414 E.0095
G1 X139.406 Y127.208 E.00954
G1 X139.126 Y127.055 E.00951
G1 X138.795 Y126.952 E.01033
G1 X138.429 Y126.925 E.01094
G1 F3480
G1 X137.903 Y127.035 E.01602
G1 X137.596 Y127.188 E.01022
G1 F3660
G1 X137.347 Y127.388 E.00952
G1 X137.128 Y127.65 E.01018
;WIDTH:0.457806
G1 F3360
G1 X137.051 Y127.786 E.00513
;WIDTH:0.495612
G1 X136.973 Y127.922 E.00561
;WIDTH:0.533419
G1 F3900
G1 X136.94 Y127.981 E.00262
SET_VELOCITY_LIMIT ACCEL=3000
G1 E-.728 F1800
;WIPE_START
G1 F30000
G1 X136.896 Y128.059 E-.00537
G1 X136.819 Y128.195 E-.00939
G1 X136.792 Y128.528 E-.02005
G1 X136.829 Y128.858 E-.01993
G1 X136.93 Y129.127 E-.01726
;WIPE_END
G1 X137.625 Y126.236 Z.8
G1 Z.4
G1 E.8 F1800
SET_VELOCITY_LIMIT ACCEL=500
;TYPE:Internal solid infill
;WIDTH:0.538232
G1 F13380.257
G1 X137.627 Y126.184 E.00201
;WIDTH:0.488562
G1 F14871.564
G1 X137.628 Y126.133 E.00181
;WIDTH:0.438893
G1 F15000
G1 X137.63 Y126.082 E.00161
;WIDTH:0.399205
G1 X137.854 Y125.79 E.01037
G1 X138.1 Y125.561 E.00946
SET_VELOCITY_LIMIT ACCEL=3000
G1 E-.75776 F1800
;WIPE_START
G1 F30000
G1 X137.854 Y125.79 E-.02015
G1 X137.63 Y126.082 E-.02209
M73 P29 R9
;WIPE_END
G1 X141.081 Y130.381 Z.8
G1 Z.4
G1 E.8 F1800
SET_VELOCITY_LIMIT ACCEL=500
;WIDTH:0.38292
G1 F15000
G1 X141.018 Y130.417 E.00198
G1 X141.083 Y130.452 E.00198
SET_VELOCITY_LIMIT ACCEL=3000
G1 E-.79116 F1800
;WIPE_START
G1 F30000
G1 X141.018 Y130.417 E-.00442
G1 X141.081 Y130.381 E-.00442
;WIPE_END
G1 X140.325 Y129.872 Z.8
G1 Z.4
G1 E.8 F1800
SET_VELOCITY_LIMIT ACCEL=500
G1 F15000
G1 X140.539 Y129.592 E.00946
SET_VELOCITY_LIMIT ACCEL=3000
G1 E-.77888 F1800
;WIPE_START
G1 F30000
G1 X140.325 Y129.872 E-.02112
;WIPE_END
G1 X140.014 Y130.463 Z.8
G1 Z.4
G1 E.8 F1800
SET_VELOCITY_LIMIT ACCEL=500
;WIDTH:0.555992
G1 F12917.082
G1 X139.949 Y130.463 E.0026
G1 X139.917 Y130.519 E.0026
G1 X139.949 Y130.574 E.0026
G1 X140.014 Y130.574 E.0026
G1 X140.026 Y130.553 E.00098
SET_VELOCITY_LIMIT ACCEL=3000
G1 E-.78316 F1800
;WIPE_START
G1 F30000
G1 X140.014 Y130.574 E-.00145
G1 X139.949 Y130.574 E-.00385
G1 X139.917 Y130.519 E-.00385
G1 X139.949 Y130.463 E-.00385
G1 X140.014 Y130.463 E-.00385
;WIPE_END
G1 X147.645 Y130.315 Z.8
G1 X150.971 Y130.25 Z.8
G1 Z.4
G1 E.8 F1800
SET_VELOCITY_LIMIT ACCEL=500
;WIDTH:0.477326
G1 F15000
G1 X150.917 Y130.25 E.00186
G1 X150.89 Y130.297 E.00186
G1 X150.917 Y130.344 E.00186
G1 X150.979 Y130.332 E.00215
SET_VELOCITY_LIMIT ACCEL=3000
G1 E-.78646 F1800
;WIPE_START
G1 F30000
G1 X150.917 Y130.344 E-.00376
G1 X150.89 Y130.297 E-.00326
G1 X150.917 Y130.25 E-.00326
G1 X150.971 Y130.25 E-.00326
;WIPE_END
G1 X152.698 Y126.92 Z.8
G1 Z.4
G1 E.8 F1800
SET_VELOCITY_LIMIT ACCEL=500
;WIDTH:0.42508
G1 F15000
G1 X154.122 Y125.497 E.06082
SET_VELOCITY_LIMIT ACCEL=3000
G1 E-.728 F1800
;WIPE_START
G1 F30000
G1 X153.273 Y126.345 E-.072
;WIPE_END
G1 X150.967 Y129.732 Z.8
G1 Z.4
G1 E.8 F1800
SET_VELOCITY_LIMIT ACCEL=500
G1 F15000
G1 X150.34 Y130.359 E.02677
SET_VELOCITY_LIMIT ACCEL=3000
G1 E-.74683 F1800
;WIPE_START
G1 F30000
G1 X150.967 Y129.732 E-.05317
;WIPE_END
G1 X147.316 Y135.005 Z.8
G1 Z.4
G1 E.8 F1800
SET_VELOCITY_LIMIT ACCEL=500
G1 F15000
G1 X148.215 Y134.09 E.03877
G1 X148.435 Y133.781 E.01145
G1 X148.612 Y133.446 E.01144
G1 X148.759 Y133.022 E.01357
G1 X146.692 Y135.088 E.08827
G1 X146.19 Y135.269 E.01612
G1 X145.951 Y135.289 E.00724
G1 X148.856 Y132.384 E.12409
G1 X148.831 Y131.868 E.0156
G1 X145.527 Y135.173 E.14118
G1 X145.141 Y135.018 E.01256
G1 X148.768 Y131.391 E.15496
G1 X148.808 Y131.084 E.00934
G1 X148.942 Y130.82 E.00896
G1 X149.393 Y130.34 E.0199
G1 X149.525 Y130.243 E.00496
G1 X149.714 Y130.157 E.00628
G1 X149.89 Y130.12 E.00541
G1 X150.044 Y130.115 E.00466
G1 X150.711 Y129.447 E.02852
G1 X150.675 Y129.043 E.01227
G1 X150.686 Y128.932 E.00337
G1 X144.762 Y134.856 E.25307
G1 X144.418 Y134.66 E.01197
G1 X150.822 Y128.256 E.27354
G1 X150.851 Y128.16 E.00304
G1 X151.063 Y127.759 E.01371
G1 X151.358 Y127.396 E.01412
G1 X151.717 Y127.099 E.01407
G1 X152.17 Y126.862 E.01545
G1 X152.229 Y126.849 E.00182
G1 X153.688 Y125.39 E.06235
G1 X153.336 Y125.201 E.01206
G1 X144.113 Y134.425 E.39404
G1 X143.843 Y134.154 E.01154
G1 X152.942 Y125.055 E.38869
G1 X152.516 Y124.94 E.01331
G1 X143.611 Y133.846 E.38045
G1 X143.475 Y133.628 E.00776
G1 X143.417 Y133.499 E.00426
G1 X152.091 Y124.825 E.37055
G1 X151.86 Y124.728 E.00756
G1 X151.739 Y124.637 E.00459
G1 X143.267 Y133.109 E.36191
G1 X143.21 Y132.92 E.00596
G1 X143.169 Y132.666 E.00777
G1 X151.511 Y124.324 E.35635
G1 X151.459 Y124.217 E.0036
G1 X151.386 Y123.908 E.00958
G1 X143.141 Y132.154 E.35223
G1 X143.189 Y131.566 E.01782
G1 X151.311 Y123.443 E.34698
G1 X151.351 Y123.225 E.00672
G1 X151.493 Y122.951 E.00931
G1 X151.888 Y122.529 E.01745
G1 X152.143 Y122.215 E.01221
G1 X152.355 Y121.859 E.01254
G1 X143.164 Y131.05 E.39263
G1 X143.143 Y130.901 E.00452
G1 X143.032 Y130.642 E.00853
G1 X152.481 Y121.193 E.40366
G1 X152.282 Y120.92 E.01019
G1 X152.271 Y120.908 E.00051
G1 X152.096 Y121.072 E.00724
G1 X151.996 Y121.137 E.00362
G1 X142.766 Y130.367 E.39427
G1 X142.614 Y130.283 E.00526
M73 P30 R9
G1 X142.373 Y130.219 E.00751
G1 X151.079 Y121.514 E.3719
G1 X150.903 Y121.547 E.00539
G1 X150.505 Y121.547 E.01203
G1 X141.878 Y130.174 E.36853
G1 X141.662 Y130.173 E.00654
G1 X141.405 Y130.242 E.00804
G1 X141.161 Y130.351 E.00806
G1 X150.041 Y121.47 E.37936
G1 X149.653 Y121.318 E.0126
G1 X140.393 Y130.578 E.39556
G1 X140.13 Y130.3 E.01155
G1 X149.312 Y121.119 E.39221
G1 X149.188 Y121.035 E.00452
G1 X149.019 Y120.872 E.00711
G1 X140.762 Y129.128 E.35271
G1 X140.834 Y128.515 E.01863
G1 X148.774 Y120.576 E.33916
G1 X148.594 Y120.32 E.00944
G1 X148.565 Y120.245 E.00245
G1 X140.777 Y128.033 E.33269
G1 X140.646 Y127.623 E.01299
G1 X148.413 Y119.856 E.3318
G1 X148.337 Y119.514 E.01058
G1 X148.332 Y119.396 E.00357
G1 X140.456 Y127.273 E.33648
G1 X140.216 Y126.972 E.01162
G1 X148.357 Y118.831 E.34779
G1 X148.382 Y118.68 E.00461
G1 X148.307 Y118.496 E.006
G1 X148.229 Y118.419 E.00332
G1 X139.937 Y126.71 E.3542
G1 X139.827 Y126.619 E.00432
G1 X139.609 Y126.499 E.00754
G1 X145.937 Y120.17 E.27033
G1 X145.75 Y120.114 E.00589
G1 X145.544 Y120.023 E.00681
G1 X139.232 Y126.334 E.26961
G1 X138.908 Y126.238 E.01022
G1 X138.798 Y126.228 E.00334
G1 X145.177 Y119.849 E.27253
G1 X145.029 Y119.735 E.00566
G1 X144.908 Y119.577 E.00598
G1 X140.73 Y123.756 E.1785
G1 X140.735 Y123.829 E.00222
G1 X140.696 Y124.059 E.00704
G1 X140.626 Y124.227 E.00549
G1 X140.488 Y124.417 E.00709
G1 X140.371 Y124.521 E.00475
G1 X139.78 Y124.888 E.02101
G1 X139.526 Y124.96 E.00799
G1 X138.267 Y126.219 E.0538
G1 X138.107 Y126.252 E.00491
G1 X137.947 Y126.19 E.0052
G1 X137.851 Y126.094 E.00408
G1 X139.07 Y124.875 E.05206
SET_VELOCITY_LIMIT ACCEL=3000
G1 E-.728 F1800
;WIPE_START
G1 F30000
G1 X138.221 Y125.724 E-.072
;WIPE_END
G1 X140.487 Y123.459 Z.8
G1 Z.4
G1 E.8 F1800
SET_VELOCITY_LIMIT ACCEL=500
G1 F15000
G1 X144.718 Y119.227 E.18077
G1 X144.509 Y118.895 E.01184
G1 X140.438 Y122.967 E.17393
G1 X140.37 Y122.826 E.00472
G1 X140.215 Y122.649 E.0071
G1 X144.265 Y118.6 E.17299
G1 X143.984 Y118.34 E.01155
G1 X139.965 Y122.359 E.17167
G1 X139.743 Y122.04 E.01173
G1 X143.666 Y118.118 E.16757
G1 X143.308 Y117.935 E.01213
G1 X139.561 Y121.682 E.16007
G1 X139.426 Y121.277 E.0129
G1 X142.906 Y117.796 E.14868
G1 X142.444 Y117.718 E.01416
G1 X139.348 Y120.814 E.13227
G1 X139.332 Y120.631 E.00555
M73 P31 R8
G1 X139.347 Y120.274 E.01078
G1 X141.897 Y117.725 E.10892
G1 X141.748 Y117.738 E.00452
G1 X141.219 Y117.862 E.01641
G1 X139.513 Y119.568 E.07285
G1 X139.694 Y119.168 E.01324
G1 X140.162 Y118.415 E.02678
G1 X140.349 Y118.191 E.00881
G1 X140.727 Y117.814 E.01613
SET_VELOCITY_LIMIT ACCEL=3000
G1 E-.728 F1800
;WIPE_START
G1 F30000
G1 X140.349 Y118.191 E-.03204
G1 X140.162 Y118.415 E-.01751
G1 X139.965 Y118.733 E-.02245
;WIPE_END
G1 X146.825 Y122.079 Z.8
G1 X154.292 Y125.72 Z.8
G1 Z.4
G1 E.8 F1800
SET_VELOCITY_LIMIT ACCEL=500
;TYPE:Gap infill
;WIDTH:0.21679
G1 F15000
G1 X153.163 Y126.849 E.02194
SET_VELOCITY_LIMIT ACCEL=3000
G1 E-.728 F1800
;WIPE_START
G1 F30000
G1 X154.011 Y126 E-.072
;WIPE_END
G1 X149.484 Y119.856 Z.8
G1 X148.228 Y118.151 Z.8
G1 Z.4
G1 E.8 F1800
SET_VELOCITY_LIMIT ACCEL=500
;WIDTH:0.120756
G1 F15000
G1 X148.123 Y118.201 E.00071
G1 X147.282 Y119.042 E.00732
;WIDTH:0.119125
G1 X147.186 Y119.163 E.00093
SET_VELOCITY_LIMIT ACCEL=3000
G1 E-.79073 F1800
;WIPE_START
G1 F30000
G1 X147.282 Y119.042 E-.00927
;WIPE_END
G1 X141.018 Y123.403 Z.8
G1 X138.476 Y125.173 Z.8
G1 Z.4
G1 E.8 F1800
SET_VELOCITY_LIMIT ACCEL=500
;WIDTH:0.0941969
G1 F15000
G1 X137.642 Y125.997 E.00475
G1 X137.594 Y126.103 E.00047
SET_VELOCITY_LIMIT ACCEL=3000
G1 E-.728 F1800
;WIPE_START
G1 F30000
G1 X137.642 Y125.997 E-.00701
G1 X138.413 Y125.235 E-.06499
;WIPE_END
G1 X144.673 Y120.869 Z.8
G1 X147.426 Y118.95 Z.8
G1 Z.4
G1 E.8 F1800
SET_VELOCITY_LIMIT ACCEL=500
;TYPE:Internal solid infill
;WIDTH:0.38292
G1 F15000
G1 X147.949 Y118.397 E.02043
G1 X148.101 Y118.266 E.00539
;WIDTH:0.400669
G1 X148.21 Y118.242 E.00315
;WIDTH:0.436167
G1 X148.319 Y118.218 E.00347
;WIDTH:0.470978
G1 X148.334 Y118.22 E.00054
;WIDTH:0.505102
G1 F14339.359
G1 X148.35 Y118.223 E.00058
;WIDTH:0.522164
G1 F13828.85
G1 X148.366 Y118.226 E.00061
SET_VELOCITY_LIMIT ACCEL=3000
G1 E-.79904 F1800
;WIPE_START
G1 F30000
G1 X148.35 Y118.223 E-.00096
;WIPE_END
G1 X146.372 Y120.042 Z.8
G1 Z.4
G1 E.8 F1800
SET_VELOCITY_LIMIT ACCEL=500
;WIDTH:0.38292
G1 F15000
G1 X146.308 Y120.079 E.00198
G1 X146.373 Y120.113 E.00198
SET_VELOCITY_LIMIT ACCEL=3000
G1 E-.79116 F1800
;WIPE_START
G1 F30000
G1 X146.308 Y120.079 E-.00442
G1 X146.372 Y120.042 E-.00442
;WIPE_END
G1 X152.556 Y120.787 Z.8
G1 Z.4
G1 E.8 F1800
SET_VELOCITY_LIMIT ACCEL=500
;WIDTH:0.550188
G1 F13064.875
G1 X152.492 Y120.787 E.00254
G1 X152.46 Y120.842 E.00254
G1 X152.492 Y120.897 E.00254
G1 X152.556 Y120.897 E.00254
G1 X152.567 Y120.877 E.00094
SET_VELOCITY_LIMIT ACCEL=3000
G1 E-.78338 F1800
;WIPE_START
G1 F30000
G1 X152.556 Y120.897 E-.0014
G1 X152.492 Y120.897 E-.0038
G1 X152.46 Y120.842 E-.0038
G1 X152.492 Y120.787 E-.0038
G1 X152.556 Y120.787 E-.0038
;WIPE_END
G1 X151.454 Y121.334 Z.8
G1 Z.4
G1 E.8 F1800
SET_VELOCITY_LIMIT ACCEL=500
;WIDTH:0.38292
G1 F15000
G1 X151.39 Y121.371 E.00198
G1 X151.455 Y121.406 E.00198
SET_VELOCITY_LIMIT ACCEL=3000
G1 E-.79116 F1800
;WIPE_START
G1 F30000
G1 X151.39 Y121.371 E-.00442
G1 X151.454 Y121.334 E-.00442
;WIPE_END
G1 X153.45 Y126.684 Z.8
G1 Z.4
G1 E.8 F1800
SET_VELOCITY_LIMIT ACCEL=500
;WIDTH:0.419999
G1 F15000
G1 X153.983 Y126.837 E.0165
G1 X154.464 Y127.131 E.01683
G1 X154.75 Y127.363 E.01097
G1 X154.938 Y127.622 E.00952
G1 X154.902 Y127.251 E.01109
G1 X154.725 Y126.701 E.01723
G1 X154.49 Y126.259 E.01493
G1 X154.209 Y125.926 E.01298
G1 X153.479 Y126.656 E.03078
SET_VELOCITY_LIMIT ACCEL=3000
G1 X154.207 Y126.459 F30000
SET_VELOCITY_LIMIT ACCEL=500
;WIDTH:0.443332
G1 F15000
G1 X154.157 Y126.459 E.00158
G1 X154.132 Y126.502 E.00158
G1 X154.157 Y126.546 E.00158
G1 X154.212 Y126.537 E.00176
SET_VELOCITY_LIMIT ACCEL=3000
G1 E-.78765 F1800
;WIPE_START
G1 F30000
G1 X154.157 Y126.546 E-.00335
G1 X154.132 Y126.502 E-.003
G1 X154.157 Y126.459 E-.003
G1 X154.207 Y126.459 E-.003
;WIPE_END
G1 X146.762 Y124.777 Z.8
G1 X114.134 Y117.408 Z.8
G1 Z.4
G1 E.8 F1800
SET_VELOCITY_LIMIT ACCEL=500
;TYPE:Inner wall
;WIDTH:0.449999
G1 F12000
G1 X114.51 Y117.45 E.01218
G1 X115.28 Y117.647 E.02557
G1 X115.727 Y117.827 E.0155
G1 X115.869 Y117.954 E.00613
G1 X116.176 Y118.337 E.01581
G1 X116.69 Y119.197 E.03223
G1 X116.898 Y119.795 E.02037
G1 X116.995 Y120.413 E.02012
G1 X116.955 Y121.047 E.02044
G1 X116.805 Y121.659 E.02029
G1 X116.524 Y122.227 E.02038
G1 X116.216 Y122.65 E.01684
G1 X115.8 Y123.103 E.01979
G1 X115.677 Y123.3 E.00747
G1 X115.647 Y123.594 E.00951
G1 X115.766 Y124.084 E.01623
G1 X115.908 Y124.345 E.00955
G1 X116.149 Y124.497 E.00917
G1 X117.329 Y124.842 E.03955
G1 X117.894 Y125.125 E.02035
G1 X118.384 Y125.525 E.02035
G1 X118.796 Y126.006 E.02038
G1 X119.093 Y126.565 E.02038
G1 X119.287 Y127.167 E.02035
G1 X119.352 Y127.722 E.01796
G1 X119.387 Y128.357 E.02048
G1 X119.337 Y128.849 E.01591
G1 X119.09 Y129.266 E.01557
G1 X118.509 Y129.958 E.02909
G1 X118.128 Y130.31 E.01669
G1 X117.598 Y130.656 E.02034
G1 X117.005 Y130.877 E.02036
G1 X116.383 Y130.991 E.02037
G1 X115.751 Y130.965 E.02036
G1 X115.132 Y130.829 E.02037
G1 X114.665 Y130.637 E.01626
G1 X114.076 Y130.451 E.01986
G1 X113.82 Y130.472 E.00828
G1 X113.573 Y130.626 E.00938
G1 X113.165 Y131.089 E.01985
G1 X113.099 Y131.375 E.00945
G1 X113.172 Y131.918 E.01764
G1 X113.173 Y132.562 E.02071
G1 X113.061 Y133.185 E.02037
G1 X112.816 Y133.769 E.02037
G1 X112.472 Y134.3 E.02036
G1 X112.021 Y134.743 E.02036
G1 X111.498 Y135.1 E.02037
G1 X111.039 Y135.304 E.01617
G1 X110.258 Y135.596 E.02682
G1 X109.922 Y135.623 E.01085
G1 X109.569 Y135.546 E.01163
G1 X108.857 Y135.261 E.02466
G1 X108.329 Y135.002 E.01895
G1 X107.829 Y134.614 E.02036
G1 X107.406 Y134.143 E.02037
G1 X107.095 Y133.592 E.02035
G1 X106.887 Y132.994 E.02038
G1 X106.814 Y132.365 E.02036
G1 X106.86 Y131.67 E.02243
G1 X106.838 Y131.098 E.01843
G1 X106.788 Y130.887 E.00695
G1 X106.669 Y130.713 E.0068
G1 X106.411 Y130.563 E.0096
G1 X105.818 Y130.501 E.01919
G1 X105.53 Y130.549 E.00938
G1 X104.959 Y130.79 E.01995
G1 X104.47 Y130.928 E.01636
G1 X103.841 Y130.999 E.02038
G1 X103.212 Y130.929 E.02037
G1 X102.605 Y130.75 E.02036
G1 X102.051 Y130.442 E.02038
G1 X101.561 Y130.043 E.02033
G1 X101.01 Y129.4 E.02725
G1 X100.732 Y129.014 E.01531
G1 X100.623 Y128.699 E.01073
G1 X100.603 Y128.321 E.01216
G1 X100.673 Y127.393 E.02995
G1 X100.825 Y126.775 E.02047
G1 X101.081 Y126.197 E.02036
G1 X101.459 Y125.688 E.02038
G1 X101.919 Y125.255 E.02035
G1 X102.464 Y124.932 E.02038
G1 X103.057 Y124.71 E.02036
G1 X103.642 Y124.586 E.01926
G1 X104.135 Y124.282 E.01862
G1 X104.328 Y124.08 E.00901
G1 X104.404 Y123.818 E.00875
G1 X104.35 Y123.547 E.0089
G1 X104.093 Y123.009 E.01918
G1 X103.724 Y122.591 E.01796
G1 X103.376 Y122.055 E.02056
G1 X103.131 Y121.472 E.02035
G1 X103.019 Y120.849 E.02036
G1 X103.018 Y120.216 E.02036
G1 X103.156 Y119.598 E.02037
G1 X103.403 Y119.01 E.02053
G1 X103.803 Y118.367 E.02437
G1 X104.132 Y117.935 E.01746
G1 X104.41 Y117.75 E.01075
G1 X104.784 Y117.624 E.01269
G1 X105.695 Y117.411 E.03009
G1 X106.327 Y117.381 E.02036
G1 X106.952 Y117.463 E.02029
G1 X107.547 Y117.681 E.02039
G1 X108.093 Y117.999 E.02034
G1 X108.557 Y118.43 E.02036
G1 X108.94 Y118.938 E.02049
G1 X109.23 Y119.462 E.01926
G1 X109.446 Y119.623 E.00866
G1 X110.055 Y119.852 E.02095
G1 X110.342 Y119.803 E.00936
G1 X110.551 Y119.644 E.00844
G1 X110.879 Y119.24 E.01677
G1 X111.165 Y118.77 E.0177
G1 X111.578 Y118.287 E.02045
G1 X112.067 Y117.887 E.02033
G1 X112.633 Y117.602 E.02038
G1 X113.239 Y117.422 E.02035
G1 X113.872 Y117.379 E.0204
G1 X114.094 Y117.404 E.0072
G1 X114.176 Y117.02 F30000
;TYPE:Outer wall
;WIDTH:0.419999
G1 F9600
G1 X114.589 Y117.065 E.01236
G1 X115.377 Y117.267 E.02426
G1 X115.944 Y117.496 E.01823
G1 X116.275 Y117.792 E.01325
G1 X116.543 Y118.179 E.01402
G1 X117.043 Y119.023 E.02925
G1 X117.278 Y119.7 E.02133
G1 X117.388 Y120.394 E.02096
G1 X117.343 Y121.106 E.02126
G1 X117.174 Y121.794 E.02112
G1 X116.858 Y122.431 E.0212
G1 X116.432 Y123.007 E.02134
G1 X116.084 Y123.373 E.01507
G1 X116.032 Y123.491 E.00384
G1 X116.146 Y123.99 E.01526
G1 X116.24 Y124.111 E.00456
G1 X117.473 Y124.477 E.03832
G1 X118.108 Y124.795 E.02117
M73 P32 R8
G1 X118.658 Y125.245 E.02117
G1 X119.121 Y125.785 E.0212
G1 X119.454 Y126.413 E.0212
G1 X119.672 Y127.089 E.02117
G1 X119.744 Y127.701 E.01836
G1 X119.789 Y128.536 E.02495
G1 X119.713 Y128.975 E.01328
G1 X119.596 Y129.202 E.0076
G1 X119.393 Y129.514 E.01108
G1 X118.79 Y130.232 E.02795
G1 X118.37 Y130.618 E.01701
G1 X117.775 Y131.006 E.02117
G1 X117.11 Y131.255 E.02118
G1 X116.41 Y131.383 E.02119
G1 X115.7 Y131.354 E.02118
G1 X115.006 Y131.201 E.02119
G1 X114.541 Y131.009 E.01499
G1 X113.989 Y130.837 E.01723
G1 X113.857 Y130.896 E.00431
G1 X113.499 Y131.301 E.01611
G1 X113.584 Y132.36 E.03166
G1 X113.49 Y133.065 E.02121
G1 X113.274 Y133.742 E.02116
G1 X112.914 Y134.356 E.02121
G1 X112.453 Y134.895 E.02116
G1 X111.884 Y135.322 E.0212
G1 X111.411 Y135.569 E.01589
G1 X110.845 Y135.806 E.01831
G1 X110.338 Y135.982 E.01599
G1 X109.896 Y136.019 E.01323
G1 X109.453 Y135.922 E.01349
G1 X108.712 Y135.625 E.02382
G1 X108.123 Y135.337 E.01954
G1 X107.562 Y134.901 E.02118
G1 X107.086 Y134.372 E.02119
G1 X106.738 Y133.753 E.02117
G1 X106.504 Y133.082 E.0212
G1 X106.422 Y132.376 E.02118
G1 X106.468 Y131.651 E.02165
G1 X106.446 Y131.115 E.01599
G1 X106.403 Y131.002 E.0036
G1 X106.275 Y130.935 E.0043
G1 X105.69 Y130.907 E.01746
G1 X105.087 Y131.16 E.01949
G1 X104.548 Y131.313 E.0167
G1 X103.841 Y131.391 E.0212
G1 X103.134 Y131.313 E.02119
G1 X102.453 Y131.112 E.02118
G1 X101.831 Y130.767 E.0212
G1 X101.281 Y130.318 E.02116
G1 X100.713 Y129.655 E.02602
G1 X100.379 Y129.193 E.01699
G1 X100.234 Y128.775 E.01319
G1 X100.21 Y128.317 E.01367
G1 X100.284 Y127.34 E.0292
G1 X100.454 Y126.648 E.02122
G1 X100.742 Y125.999 E.02118
G1 X101.166 Y125.428 E.0212
G1 X101.683 Y124.941 E.02117
G1 X102.295 Y124.578 E.0212
G1 X102.96 Y124.329 E.02117
G1 X103.484 Y124.228 E.0159
G1 X103.925 Y123.951 E.01551
G1 X103.997 Y123.866 E.00333
G1 X103.995 Y123.713 E.00458
G1 X103.738 Y123.192 E.01728
G1 X103.298 Y122.669 E.02039
G1 X103.03 Y122.238 E.01513
G1 X102.754 Y121.583 E.02116
G1 X102.628 Y120.884 E.02118
G1 X102.628 Y120.173 E.02118
G1 X102.783 Y119.479 E.02119
G1 X103.058 Y118.822 E.02124
G1 X103.504 Y118.105 E.02517
G1 X103.867 Y117.64 E.01759
G1 X104.236 Y117.395 E.0132
G1 X104.676 Y117.247 E.01385
G1 X105.395 Y117.078 E.022
G1 X106.104 Y116.98 E.02132
G1 X106.813 Y117.041 E.0212
G1 X107.498 Y117.225 E.02116
G1 X108.128 Y117.555 E.0212
G1 X108.689 Y117.991 E.02117
G1 X109.155 Y118.559 E.0219
G1 X109.508 Y119.177 E.0212
G1 X109.6 Y119.263 E.00377
G1 X110.071 Y119.459 E.01521
G1 X110.228 Y119.416 E.00484
G1 X110.574 Y118.993 E.0163
G1 X110.841 Y118.548 E.01545
G1 X111.304 Y118.007 E.02124
G1 X111.853 Y117.557 E.02115
G1 X112.488 Y117.238 E.0212
G1 X113.169 Y117.036 E.02117
G1 X113.88 Y116.987 E.02122
G1 X114.137 Y117.016 E.00771
SET_VELOCITY_LIMIT ACCEL=3000
G1 E-.728 F1800
;WIPE_START
G1 F30000
G1 X114.589 Y117.065 E-.02728
G1 X115.311 Y117.25 E-.04472
;WIPE_END
G1 X117.716 Y124.493 Z.8
G1 X119.159 Y128.841 Z.8
G1 Z.4
G1 E.8 F1800
SET_VELOCITY_LIMIT ACCEL=500
;TYPE:Internal solid infill
;WIDTH:0.425953
G1 F15000
G1 X118.053 Y129.947 E.04736
G1 X117.775 Y130.167 E.01074
G1 X117.449 Y130.359 E.01146
G1 X117.1 Y130.507 E.01147
G1 X116.895 Y130.564 E.00643
G1 X119.058 Y128.401 E.09259
G1 X119.03 Y127.887 E.01558
G1 X116.257 Y130.66 E.11871
G1 X115.98 Y130.661 E.00838
G1 X115.745 Y130.631 E.00719
G1 X118.984 Y127.392 E.13867
G1 X118.962 Y127.234 E.00484
G1 X118.884 Y126.95 E.00891
G1 X115.302 Y130.532 E.15337
G1 X114.911 Y130.381 E.01268
G1 X118.732 Y126.561 E.16357
G1 X118.535 Y126.215 E.01202
G1 X114.373 Y130.377 E.17819
SET_VELOCITY_LIMIT ACCEL=3000
G1 E-.728 F1800
;WIPE_START
G1 F30000
G1 X115.222 Y129.529 E-.072
;WIPE_END
G1 X112.967 Y132.867 Z.8
G1 Z.4
G1 E.8 F1800
SET_VELOCITY_LIMIT ACCEL=500
G1 F15000
G1 X110.783 Y135.051 E.09353
G1 X110.19 Y135.269 E.01911
G1 X110.008 Y135.284 E.00552
G1 X112.851 Y132.441 E.12171
G1 X112.838 Y131.913 E.016
G1 X109.563 Y135.187 E.1402
G1 X109.176 Y135.033 E.01262
G1 X112.774 Y131.435 E.15404
G1 X112.767 Y131.381 E.00166
G1 X112.807 Y131.089 E.00891
G1 X112.872 Y130.932 E.00515
G1 X113.012 Y130.737 E.00727
G1 X113.337 Y130.393 E.01434
G1 X113.492 Y130.264 E.00608
G1 X113.63 Y130.189 E.00475
G1 X113.837 Y130.126 E.00658
G1 X114.087 Y130.122 E.00754
G1 X118.3 Y125.909 E.18039
G1 X118.027 Y125.64 E.0116
G1 X108.794 Y134.873 E.39532
G1 X108.446 Y134.679 E.01206
G1 X117.714 Y125.404 E.39698
G1 X117.37 Y125.214 E.01189
G1 X108.137 Y134.447 E.39533
G1 X107.864 Y134.179 E.0116
G1 X116.977 Y125.065 E.39022
G1 X116.551 Y124.95 E.01337
G1 X107.627 Y133.873 E.38208
G1 X107.43 Y133.529 E.01202
G1 X116.125 Y124.834 E.37227
G1 X115.894 Y124.747 E.00746
M73 P33 R8
G1 X115.767 Y124.65 E.00484
G1 X107.276 Y133.141 E.36353
G1 X107.21 Y132.92 E.00698
G1 X107.175 Y132.701 E.00673
G1 X115.518 Y124.357 E.35725
G1 X115.473 Y124.259 E.00327
G1 X115.393 Y123.94 E.00994
G1 X107.141 Y132.193 E.35335
G1 X107.19 Y131.602 E.01797
G1 X115.311 Y123.481 E.34772
G1 X115.365 Y123.183 E.00916
G1 X115.501 Y122.942 E.00837
G1 X115.888 Y122.529 E.01714
G1 X116.143 Y122.215 E.01224
G1 X116.313 Y121.938 E.00985
G1 X107.169 Y131.082 E.39152
G1 X107.143 Y130.901 E.00552
G1 X107.042 Y130.666 E.00774
G1 X116.613 Y121.096 E.40978
G1 X116.657 Y120.807 E.00884
G1 X116.662 Y120.504 E.00917
G1 X106.787 Y130.38 E.42284
G1 X106.504 Y130.244 E.00949
G1 X106.4 Y130.226 E.00322
G1 X116.611 Y120.014 E.43722
G1 X116.491 Y119.592 E.01328
G1 X105.9 Y130.184 E.45351
G1 X105.691 Y130.169 E.00634
G1 X105.411 Y130.239 E.00872
G1 X105.215 Y130.326 E.00649
G1 X116.32 Y119.222 E.47548
G1 X116.119 Y118.881 E.01197
G1 X104.394 Y130.606 E.50202
G1 X104.219 Y130.642 E.00542
G1 X103.795 Y130.664 E.01285
G1 X115.916 Y118.543 E.51898
G1 X115.729 Y118.274 E.0099
G1 X115.684 Y118.233 E.00186
G1 X103.306 Y130.61 E.52996
G1 X103.091 Y130.567 E.00664
G1 X102.88 Y130.495 E.00675
G1 X115.355 Y118.02 E.53411
G1 X114.934 Y117.9 E.01326
G1 X102.504 Y130.33 E.53221
G1 X102.169 Y130.123 E.01191
G1 X114.502 Y117.789 E.52807
G1 X114.036 Y117.714 E.0143
G1 X101.873 Y129.877 E.52079
G1 X101.613 Y129.595 E.01161
G1 X113.48 Y117.728 E.50809
G1 X113.298 Y117.749 E.00555
G1 X112.93 Y117.841 E.01147
G1 X112.758 Y117.909 E.00563
G1 X101.363 Y129.303 E.48787
G1 X101.125 Y129 E.01168
G1 X109.952 Y120.173 E.37795
G1 X109.75 Y120.114 E.00637
M73 P34 R8
G1 X109.555 Y120.028 E.00646
G1 X100.951 Y128.633 E.36841
G1 X100.935 Y128.325 E.00931
G1 X100.953 Y128.089 E.00718
G1 X109.186 Y119.855 E.35253
G1 X109.029 Y119.735 E.00601
G1 X108.915 Y119.585 E.00569
G1 X104.731 Y123.769 E.17911
G1 X104.726 Y123.928 E.00482
G1 X104.691 Y124.074 E.00455
G1 X104.615 Y124.247 E.00574
G1 X104.433 Y124.472 E.00873
G1 X103.891 Y124.829 E.01967
G1 X103.631 Y124.939 E.00854
G1 X103.545 Y124.955 E.00267
G1 X100.997 Y127.503 E.10909
G1 X101.077 Y127.062 E.01359
G1 X101.17 Y126.788 E.00875
G1 X103.089 Y124.869 E.08217
SET_VELOCITY_LIMIT ACCEL=3000
G1 E-.728 F1800
;WIPE_START
G1 F30000
G1 X102.241 Y125.718 E-.072
;WIPE_END
G1 X104.491 Y123.467 Z.8
G1 Z.4
G1 E.8 F1800
SET_VELOCITY_LIMIT ACCEL=500
G1 F15000
G1 X108.722 Y119.236 E.18119
G1 X108.514 Y118.902 E.0119
G1 X104.442 Y122.975 E.17437
G1 X104.37 Y122.826 E.005
G1 X104.22 Y122.655 E.00689
G1 X108.27 Y118.605 E.17339
G1 X107.989 Y118.345 E.0116
G1 X103.969 Y122.364 E.17211
G1 X103.746 Y122.046 E.01178
G1 X107.67 Y118.121 E.16804
G1 X107.313 Y117.937 E.01218
G1 X103.563 Y121.687 E.16055
G1 X103.427 Y121.281 E.01295
G1 X106.911 Y117.797 E.14916
G1 X106.449 Y117.718 E.0142
G1 X103.348 Y120.818 E.13274
G1 X103.332 Y120.631 E.00569
G1 X103.347 Y120.278 E.0107
G1 X105.9 Y117.724 E.10932
G1 X105.748 Y117.738 E.00464
G1 X105.221 Y117.862 E.01637
G1 X103.513 Y119.57 E.07315
G1 X103.694 Y119.168 E.01335
G1 X104.162 Y118.415 E.02684
G1 X104.346 Y118.195 E.00868
G1 X104.728 Y117.814 E.01635
SET_VELOCITY_LIMIT ACCEL=3000
G1 E-.728 F1800
;WIPE_START
G1 F30000
G1 X104.346 Y118.195 E-.03239
G1 X104.162 Y118.415 E-.01721
G1 X103.965 Y118.732 E-.0224
;WIPE_END
G1 X102.499 Y125.161 Z.8
G1 Z.4
G1 E.8 F1800
SET_VELOCITY_LIMIT ACCEL=500
;TYPE:Gap infill
;WIDTH:0.101951
G1 F15000
G1 X101.198 Y126.463 E.00859
SET_VELOCITY_LIMIT ACCEL=3000
G1 E-.728 F1800
;WIPE_START
G1 F30000
G1 X102.046 Y125.615 E-.072
;WIPE_END
G1 X108.184 Y121.078 Z.8
G1 X112.428 Y117.941 Z.8
G1 Z.4
G1 E.8 F1800
SET_VELOCITY_LIMIT ACCEL=500
;WIDTH:0.105443
G1 F15000
G1 X112.318 Y118.023 E.00068
;WIDTH:0.139991
G1 X112.209 Y118.106 E.00105
;WIDTH:0.171085
G1 X112.063 Y118.233 E.00196
;WIDTH:0.202803
G1 X111.643 Y118.63 E.0073
G1 X111.385 Y118.921 E.00491
;WIDTH:0.149226
G1 X111.271 Y119.066 E.00155
;WIDTH:0.128874
G1 X111.156 Y119.211 E.00126
SET_VELOCITY_LIMIT ACCEL=3000
G1 E-.78892 F1800
;WIPE_START
G1 F30000
G1 X111.271 Y119.066 E-.01108
;WIPE_END
G1 X112.062 Y126.657 Z.8
G1 X112.762 Y133.379 Z.8
G1 Z.4
G1 E.8 F1800
SET_VELOCITY_LIMIT ACCEL=500
;WIDTH:0.151641
G1 F15000
G1 X112.66 Y133.517 E.00148
;WIDTH:0.190434
G1 X112.558 Y133.656 E.002
;WIDTH:0.229228
G1 X112.456 Y133.794 E.00253
;WIDTH:0.264511
G1 X112.333 Y133.94 E.00334
;WIDTH:0.309438
G1 X111.948 Y134.357 E.01197
G1 X111.667 Y134.611 E.00798
;WIDTH:0.266165
G1 X111.516 Y134.731 E.0034
;WIDTH:0.22192
G1 X111.365 Y134.85 E.00272
;WIDTH:0.181193
G1 X111.274 Y134.913 E.00121
;WIDTH:0.143984
G1 X111.183 Y134.976 E.00088
;WIDTH:0.12538
G1 X111.092 Y135.039 E.00072
SET_VELOCITY_LIMIT ACCEL=3000
G1 E-.79336 F1800
;WIPE_START
G1 F30000
G1 X111.183 Y134.976 E-.00664
;WIPE_END
G1 X105.593 Y129.779 Z.8
G1 X101.597 Y126.063 Z.8
G1 Z.4
G1 E.8 F1800
SET_VELOCITY_LIMIT ACCEL=500
;TYPE:Internal solid infill
;WIDTH:0.38292
G1 F15000
G1 X102.101 Y125.562 E.01911
;LAYER_CHANGE
;Z:0.6
;HEIGHT:0.2
;BEFORE_LAYER_CHANGE
;0.6
G92 E0

G1 E-.75734 F1800
;WIPE_START
G1 F30000
G1 X101.597 Y126.063 E-.04266
;WIPE_END
M73 L3
;LAYER:3
SET_PRINT_STATS_INFO TOTAL_LAYER=16 CURRENT_LAYER=3
;_SET_FAN_SPEED_CHANGING_LAYER
SET_VELOCITY_LIMIT ACCEL=3000

G1 X102.623 Y126.311 Z0.657143
G1 X103.07 Y127.268 Z0.714286
G1 X102.6 Y128.214 Z0.771429
G1 X101.567 Y128.436 Z0.828571
G1 X100.75 Y127.767 Z0.885714
G1 X100.763 Y126.711 Z0.942857
G1 X101.597 Y126.063 Z1
G1 X141.724 Y117.424 Z1
G1 Z.6
G1 E.8 F1800
SET_VELOCITY_LIMIT ACCEL=500
;TYPE:Inner wall
;WIDTH:0.449999
G1 F12000
G1 X141.929 Y117.389 E.00669
G1 X142.458 Y117.387 E.01703
G1 X142.958 Y117.465 E.01628
G1 X143.552 Y117.683 E.02038
G1 X144.093 Y117.999 E.02016
G1 X144.558 Y118.431 E.0204
G1 X144.94 Y118.938 E.02045
G1 X145.23 Y119.462 E.01926
G1 X145.446 Y119.623 E.00866
G1 X146.051 Y119.852 E.02081
G1 X146.302 Y119.819 E.00815
G1 X146.539 Y119.658 E.00922
G1 X146.879 Y119.24 E.01735
G1 X147.098 Y118.883 E.01346
G1 X147.426 Y118.436 E.01786
G1 X147.817 Y118.074 E.01713
G1 X148.288 Y117.763 E.01815
G1 X148.849 Y117.52 E.01968
G1 X149.391 Y117.405 E.01784
G1 X150.055 Y117.384 E.02138
G1 X149.813 Y117.486 E.00846
G1 X149.494 Y117.685 E.01211
G1 X149.22 Y117.944 E.01211
G1 X149.001 Y118.25 E.01211
G1 X148.865 Y118.551 E.01062
G1 X148.763 Y118.96 E.01359
G1 X148.77 Y119.485 E.01689
G1 X148.916 Y119.983 E.01668
G1 X149.147 Y120.379 E.01476
G1 X149.406 Y120.653 E.01211
G1 X149.712 Y120.871 E.01211
G1 X150.056 Y121.025 E.01211
G1 X150.423 Y121.11 E.01211
G1 X150.799 Y121.121 E.01211
G1 X151.164 Y121.06 E.0119
G1 X151.522 Y120.925 E.01232
G1 X151.841 Y120.725 E.01211
G1 X152.187 Y120.379 E.01575
G1 X152.437 Y119.939 E.01629
G1 X152.572 Y119.45 E.01631
G1 X152.576 Y119.004 E.01436
G1 X152.784 Y119.431 E.01527
G1 X152.949 Y120.011 E.01941
G1 X152.991 Y120.631 E.02001
G1 X152.937 Y121.163 E.0172
G1 X152.805 Y121.659 E.01653
G1 X152.57 Y122.151 E.01753
G1 X152.167 Y122.711 E.02221
G1 X151.8 Y123.103 E.01728
G1 X151.673 Y123.309 E.00779
G1 X151.647 Y123.597 E.0093
G1 X151.766 Y124.084 E.01613
G1 X151.889 Y124.324 E.00869
G1 X152.126 Y124.489 E.00927
G1 X153.126 Y124.762 E.03336
G1 X153.592 Y124.957 E.01626
M73 P35 R8
G1 X154.104 Y125.282 E.01952
G1 X154.49 Y125.63 E.01672
G1 X154.825 Y126.055 E.01741
G1 X155.063 Y126.495 E.0161
G1 X155.254 Y127.046 E.01876
G1 X155.347 Y127.619 E.01869
G1 X155.394 Y128.484 E.02786
G1 X155.345 Y128.804 E.01042
G1 X155.185 Y129.145 E.01212
G1 X154.891 Y129.508 E.01503
G1 X154.944 Y129.087 E.01367
G1 X154.882 Y128.551 E.01737
G1 X154.748 Y128.199 E.01211
G1 X154.551 Y127.884 E.01195
G1 X154.353 Y127.669 E.00941
G1 X153.984 Y127.388 E.01495
G1 X153.531 Y127.2 E.01575
G1 X153.024 Y127.138 E.01645
G1 X152.528 Y127.2 E.01607
G1 X152.174 Y127.334 E.01219
G1 X151.855 Y127.534 E.01211
G1 X151.581 Y127.792 E.01211
G1 X151.363 Y128.099 E.01211
G1 X151.218 Y128.418 E.01127
G1 X151.124 Y128.809 E.01294
G1 X151.113 Y129.185 E.01211
G1 X151.175 Y129.556 E.01211
G1 X151.309 Y129.908 E.01211
G1 X151.509 Y130.227 E.01211
G1 X151.767 Y130.501 E.01211
G1 X152.056 Y130.708 E.01143
G1 X152.403 Y130.868 E.01229
G1 X152.717 Y130.945 E.0104
G1 X152.378 Y130.991 E.01098
G1 X151.71 Y130.96 E.02153
G1 X151.155 Y130.835 E.01829
G1 X150.639 Y130.628 E.01791
G1 X150.061 Y130.449 E.01945
G1 X149.809 Y130.475 E.00818
G1 X149.573 Y130.626 E.00901
G1 X149.165 Y131.089 E.01985
G1 X149.099 Y131.375 E.00945
G1 X149.172 Y131.918 E.01764
G1 X149.173 Y132.562 E.02071
G1 X149.061 Y133.185 E.02037
G1 X148.816 Y133.769 E.02037
G1 X148.472 Y134.3 E.02036
G1 X148.021 Y134.743 E.02036
G1 X147.498 Y135.1 E.02037
G1 X147.039 Y135.304 E.01617
G1 X146.258 Y135.596 E.02682
G1 X145.922 Y135.623 E.01085
G1 X145.569 Y135.546 E.01163
G1 X144.857 Y135.261 E.02466
G1 X144.329 Y135.002 E.01895
G1 X143.829 Y134.614 E.02036
G1 X143.406 Y134.143 E.02037
G1 X143.095 Y133.592 E.02035
G1 X142.887 Y132.994 E.02038
G1 X142.814 Y132.365 E.02036
G1 X142.86 Y131.67 E.02243
G1 X142.838 Y131.098 E.01843
G1 X142.747 Y130.81 E.00971
G1 X142.573 Y130.636 E.0079
G1 X142.31 Y130.545 E.00898
G1 X141.692 Y130.503 E.01992
G1 X140.72 Y130.872 E.03344
G1 X140.19 Y130.975 E.01739
G1 X139.646 Y130.986 E.01749
G1 X139.15 Y130.917 E.01611
G1 X138.556 Y130.726 E.02007
G1 X138.003 Y130.41 E.02049
G1 X138.241 Y130.457 E.00779
G1 X138.617 Y130.468 E.01211
G1 X138.988 Y130.406 E.01211
G1 X139.328 Y130.277 E.0117
G1 X139.659 Y130.072 E.01252
G1 X140.005 Y129.726 E.01575
G1 X140.249 Y129.3 E.0158
G1 X140.39 Y128.797 E.0168
G1 X140.401 Y128.458 E.01092
G1 X140.339 Y128.05 E.01329
G1 X140.205 Y127.698 E.01211
G1 X140.005 Y127.379 E.01211
G1 X139.668 Y127.039 E.01541
G1 X139.286 Y126.811 E.01433
G1 X138.823 Y126.667 E.01559
G1 X138.381 Y126.637 E.01427
G1 X137.985 Y126.699 E.01288
G1 X137.531 Y126.887 E.01583
G1 X137.135 Y127.194 E.01612
G1 X136.82 Y127.598 E.01648
;WIDTH:0.458596
G1 X136.628 Y128.049 E.01611
G1 X136.662 Y127.543 E.01666
;WIDTH:0.449999
G1 X136.761 Y126.961 E.019
G1 X136.979 Y126.402 E.01933
G1 X137.318 Y125.847 E.02092
G1 X137.676 Y125.464 E.01687
G1 X138.225 Y125.055 E.02203
G1 X138.714 Y124.821 E.01745
G1 X139.712 Y124.55 E.03327
G1 X140.135 Y124.282 E.01609
G1 X140.319 Y124.095 E.00845
G1 X140.404 Y123.816 E.00938
G1 X140.35 Y123.547 E.00883
G1 X140.093 Y123.009 E.01918
G1 X139.724 Y122.591 E.01796
G1 X139.376 Y122.054 E.02056
G1 X139.131 Y121.472 E.02034
G1 X139.019 Y120.849 E.02036
G1 X139.018 Y120.216 E.02036
G1 X139.156 Y119.598 E.02037
G1 X139.403 Y119.01 E.02052
G1 X139.803 Y118.367 E.02437
G1 X140.132 Y117.935 E.01746
G1 X140.41 Y117.75 E.01075
G1 X140.784 Y117.624 E.01269
G1 X141.425 Y117.474 E.0212
G1 X141.684 Y117.431 E.00845
G1 X141.659 Y117.041 F30000
;TYPE:Outer wall
;WIDTH:0.419999
G1 F9600
G1 X142.104 Y116.98 E.01337
G1 X142.798 Y117.043 E.02078
G1 X143.498 Y117.225 E.02156
G1 X144.13 Y117.557 E.02128
G1 X144.689 Y117.991 E.02109
G1 X145.155 Y118.559 E.0219
G1 X145.508 Y119.177 E.0212
G1 X145.6 Y119.263 E.00377
G1 X146.108 Y119.462 E.01626
G1 X146.25 Y119.392 E.00471
G1 X146.609 Y118.939 E.01723
G1 X146.891 Y118.484 E.01596
G1 X147.283 Y118.027 E.01794
G1 X147.766 Y117.622 E.01879
G1 X148.22 Y117.352 E.01576
G1 X148.709 Y117.151 E.01575
G1 X149.208 Y117.031 E.0153
G1 X149.8 Y116.986 E.0177
;WIDTH:0.421928
G1 X150.495 Y117.052 E.0209
;WIDTH:0.461686
G1 X150.72 Y117.125 E.00784
;WIDTH:0.501444
G1 X150.945 Y117.198 E.00858
;WIDTH:0.511967
G1 X151.499 Y117.345 E.02123
;WIDTH:0.532153
G1 X151.953 Y117.579 E.01977
G1 X152.312 Y117.943 E.01976
;WIDTH:0.556794
G1 X152.647 Y118.488 E.02598
G1 X152.726 Y118.583 E.00501
;WIDTH:0.516578
G1 X152.806 Y118.677 E.00462
;WIDTH:0.476362
G1 X152.885 Y118.771 E.00422
;WIDTH:0.436145
G1 X153.099 Y119.163 E.01386
;WIDTH:0.419999
G1 X153.291 Y119.752 E.01848
G1 X153.382 Y120.343 E.01782
G1 X153.379 Y120.869 E.01567
G1 X153.289 Y121.402 E.01612
G1 X153.097 Y121.968 E.01781
G1 X152.78 Y122.559 E.01998
G1 X152.472 Y122.958 E.01505
G1 X152.084 Y123.373 E.01693
G1 X152.032 Y123.497 E.004
G1 X152.146 Y123.99 E.0151
G1 X152.245 Y124.114 E.00472
G1 X152.984 Y124.318 E.02285
G1 X153.487 Y124.483 E.01578
G1 X154.021 Y124.747 E.01776
G1 X154.488 Y125.079 E.01708
G1 X154.883 Y125.481 E.01678
G1 X155.231 Y125.972 E.01796
G1 X155.519 Y126.567 E.01969
G1 X155.672 Y127.089 E.01621
G1 X155.738 Y127.598 E.01531
G1 X155.785 Y128.463 E.02581
G1 X155.731 Y128.871 E.01228
G1 X155.534 Y129.324 E.01473
G1 X155.33 Y129.591 E.01
;WIDTH:0.452205
G1 X154.833 Y130.165 E.02457
;WIDTH:0.497765
G1 X154.342 Y130.591 E.02338
;WIDTH:0.499805
G1 X153.952 Y130.855 E.01701
G1 X153.643 Y131.017 E.0126
;WIDTH:0.473585
G1 X153.334 Y131.179 E.01188
;WIDTH:0.447364
G1 X152.838 Y131.324 E.01652
;WIDTH:0.419999
G1 X152.133 Y131.384 E.02109
G1 X151.507 Y131.329 E.0187
G1 X151.006 Y131.201 E.01542
G1 X150.515 Y131 E.01582
G1 X149.996 Y130.837 E.01622
G1 X149.857 Y130.896 E.00449
G1 X149.499 Y131.301 E.01611
G1 X149.584 Y132.36 E.03166
G1 X149.49 Y133.065 E.02121
G1 X149.274 Y133.742 E.02116
G1 X148.914 Y134.356 E.02121
G1 X148.453 Y134.895 E.02116
G1 X147.884 Y135.322 E.0212
G1 X147.411 Y135.569 E.01589
G1 X146.845 Y135.806 E.01831
G1 X146.338 Y135.982 E.01599
G1 X145.896 Y136.019 E.01323
G1 X145.658 Y135.967 E.00726
G1 X145.174 Y135.811 E.01515
G1 X144.388 Y135.476 E.02547
G1 X143.929 Y135.199 E.01598
G1 X143.388 Y134.739 E.02117
G1 X142.961 Y134.17 E.0212
G1 X142.64 Y133.537 E.02116
G1 X142.466 Y132.847 E.02119
G1 X142.416 Y132.138 E.02118
G1 X142.469 Y131.623 E.01545
G1 X142.43 Y131.047 E.01721
G1 X142.313 Y130.943 E.00465
G1 X141.783 Y130.891 E.01588
G1 X141.584 Y130.954 E.00623
G1 X140.981 Y131.197 E.01938
G1 X140.378 Y131.347 E.0185
G1 X139.841 Y131.391 E.01607
G1 X139.318 Y131.35 E.01563
G1 X138.829 Y131.242 E.01492
G1 X138.146 Y130.959 E.02205
;WIDTH:0.443328
G1 X137.662 Y130.638 E.01839
;WIDTH:0.492208
G1 X137.488 Y130.45 E.00909
;WIDTH:0.541087
G1 X136.895 Y129.807 E.03446
;WIDTH:0.526236
G1 X136.708 Y129.544 E.0123
;WIDTH:0.552429
G1 X136.432 Y129.129 E.02007
;WIDTH:0.510677
G1 X136.343 Y128.976 E.00654
;WIDTH:0.468925
G1 X136.255 Y128.823 E.00596
;WIDTH:0.427173
G1 X136.21 Y128.317 E.01543
;WIDTH:0.419999
G1 X136.29 Y127.309 E.03013
G1 X136.431 Y126.715 E.01819
G1 X136.628 Y126.227 E.0157
G1 X136.973 Y125.658 E.01983
G1 X137.323 Y125.251 E.01601
G1 X137.747 Y124.899 E.01643
G1 X138.342 Y124.555 E.02047
G1 X138.871 Y124.358 E.01681
G1 X139.445 Y124.239 E.01747
G1 X139.843 Y124.003 E.01382
G1 X139.996 Y123.868 E.00605
G1 X139.995 Y123.713 E.00465
G1 X139.738 Y123.192 E.01728
G1 X139.298 Y122.669 E.02039
G1 X139.029 Y122.238 E.01514
G1 X138.754 Y121.583 E.02116
G1 X138.628 Y120.884 E.02119
G1 X138.628 Y120.173 E.02118
G1 X138.783 Y119.479 E.02119
G1 X139.058 Y118.822 E.02123
G1 X139.504 Y118.105 E.02517
G1 X139.867 Y117.64 E.01759
G1 X140.236 Y117.395 E.0132
G1 X140.676 Y117.247 E.01385
G1 X141.401 Y117.077 E.02218
G1 X141.62 Y117.047 E.00658
SET_VELOCITY_LIMIT ACCEL=3000
G1 E-.728 F1800
;WIPE_START
G1 F30000
G1 X142.104 Y116.98 E-.02931
G1 X142.798 Y117.043 E-.04184
G1 X142.812 Y117.047 E-.00085
;WIPE_END
G1 X147.313 Y123.211 Z1
G1 X152.654 Y130.527 Z1
G1 Z.6
G1 E.8 F1800
SET_VELOCITY_LIMIT ACCEL=500
G1 F9420
G1 X152.897 Y130.577 E.00739
;WIDTH:0.469948
G1 F9060
G1 X153.181 Y130.574 E.00959
;WIDTH:0.519897
G1 F8520
G1 X153.465 Y130.571 E.01071
G1 F9600
G1 X153.904 Y130.35 E.01853
;WIDTH:0.514785
G1 X154.262 Y130.036 E.01776
G1 F8460
G1 X154.374 Y129.775 E.01059
;WIDTH:0.467392
G1 F9060
G1 X154.487 Y129.515 E.00951
;WIDTH:0.419999
G1 F9600
G1 X154.552 Y129.087 E.01291
G1 X154.497 Y128.627 E.0138
G1 X154.368 Y128.316 E.01003
G1 X154.076 Y127.946 E.01406
G1 X153.755 Y127.707 E.01192
G1 X153.288 Y127.552 E.01469
G1 X152.905 Y127.53 E.01142
G1 X152.505 Y127.621 E.01222
G1 X152.073 Y127.86 E.01472
G1 X151.858 Y128.069 E.00894
G1 X151.689 Y128.316 E.00894
G1 X151.568 Y128.597 E.00911
G1 X151.509 Y128.885 E.00876
G1 X151.505 Y129.185 E.00894
G1 X151.56 Y129.48 E.00894
G1 X151.671 Y129.758 E.00892
G1 X151.835 Y130.009 E.00894
G1 X152.044 Y130.224 E.00894
G1 X152.274 Y130.382 E.00832
G1 X152.553 Y130.506 E.0091
G1 F9480
G1 X152.615 Y130.519 E.00189
SET_VELOCITY_LIMIT ACCEL=3000
G1 E-.728 F1800
;WIPE_START
G1 F30000
G1 X152.897 Y130.577 E-.01728
G1 X153.181 Y130.574 E-.01702
G1 X153.465 Y130.571 E-.01702
G1 X153.772 Y130.417 E-.02067
;WIPE_END
G1 X152.715 Y122.858 Z1
G1 X152.12 Y118.595 Z1
G1 Z.6
G1 E.8 F1800
SET_VELOCITY_LIMIT ACCEL=500
;WIDTH:0.556794
G1 F9600
G1 X151.908 Y118.218 E.01756
;WIDTH:0.531893
G1 X151.691 Y117.996 E.01201
;WIDTH:0.530079
G1 X151.431 Y117.826 E.01196
;WIDTH:0.513915
G1 X151.143 Y117.712 E.0115
;WIDTH:0.497135
G1 X150.799 Y117.643 E.0126
G1 F8460
G1 X150.521 Y117.69 E.01012
;WIDTH:0.458567
G1 F8940
G1 X150.242 Y117.736 E.00929
;WIDTH:0.419999
G1 F9600
G1 X149.963 Y117.848 E.00896
G1 X149.711 Y118.011 E.00894
M73 P36 R8
G1 X149.497 Y118.221 E.00894
G1 X149.327 Y118.468 E.00894
G1 X149.227 Y118.701 E.00755
G1 X149.147 Y119.037 E.0103
G1 X149.147 Y119.374 E.01003
G1 X149.278 Y119.833 E.01424
G1 X149.473 Y120.161 E.01138
G1 X149.683 Y120.376 E.00894
G1 X149.93 Y120.545 E.00894
G1 X150.206 Y120.663 E.00894
G1 X150.499 Y120.725 E.00894
G1 X150.799 Y120.729 E.00894
G1 X151.087 Y120.675 E.00874
G1 X151.501 Y120.481 E.01363
G1 X151.838 Y120.19 E.01327
G1 X152.075 Y119.789 E.01388
G1 X152.191 Y119.337 E.01391
;WIDTH:0.465598
G1 F9060
G1 X152.19 Y119.13 E.00692
;WIDTH:0.511196
G1 F8520
G1 X152.189 Y118.924 E.00762
;WIDTH:0.556794
G1 F9120
G1 X152.188 Y118.717 E.00841
G1 F9600
G1 X152.139 Y118.63 E.00406
SET_VELOCITY_LIMIT ACCEL=3000
G1 E-.728 F1800
;WIPE_START
G1 F30000
G1 X151.908 Y118.218 E-.02833
G1 X151.691 Y117.996 E-.01864
G1 X151.431 Y117.826 E-.01863
G1 X151.332 Y117.787 E-.00639
;WIPE_END
G1 X145.945 Y123.195 Z1
G1 X139.416 Y129.751 Z1
G1 Z.6
G1 E.8 F1800
SET_VELOCITY_LIMIT ACCEL=500
;WIDTH:0.419999
G1 F9180
G1 X139.656 Y129.537 E.00958
G1 F9540
G1 X139.887 Y129.15 E.01343
G1 F9600
G1 X140.005 Y128.721 E.01326
G1 X140.009 Y128.458 E.00784
G1 X139.954 Y128.126 E.01003
G1 X139.836 Y127.834 E.00939
G1 X139.538 Y127.45 E.01449
G1 X139.19 Y127.195 E.01286
G1 X138.747 Y127.051 E.01388
G1 X138.38 Y127.029 E.01096
G1 X138.06 Y127.084 E.00968
G1 X137.786 Y127.193 E.00879
G1 X137.53 Y127.359 E.00909
G1 X137.225 Y127.697 E.01357
G1 X137.027 Y128.091 E.01314
G1 X136.962 Y128.421 E.01002
;WIDTH:0.467109
G1 F9240
G1 X136.958 Y128.617 E.00657
;WIDTH:0.514218
G1 F8640
G1 X136.955 Y128.812 E.00727
;WIDTH:0.561327
G1 F9300
G1 X136.951 Y129.008 E.00803
G1 F9600
G1 X137.106 Y129.316 E.01416
;WIDTH:0.515842
G1 X137.47 Y129.755 E.02129
;WIDTH:0.521805
G1 X137.761 Y129.957 E.01341
G1 F9180
G1 X137.947 Y129.996 E.00719
;WIDTH:0.48787
G1 F8640
G1 X138.132 Y130.034 E.00664
;WIDTH:0.453935
G1 F9060
G1 X138.317 Y130.073 E.00614
;WIDTH:0.419999
G1 F9600
G1 X138.617 Y130.076 E.00894
G1 X138.919 Y130.02 E.00915
G1 X139.359 Y129.802 E.01464
G1 F9420
G1 X139.386 Y129.777 E.0011
SET_VELOCITY_LIMIT ACCEL=3000
G1 E-.728 F1800
;WIPE_START
G1 F30000
G1 X139.656 Y129.537 E-.02169
G1 X139.887 Y129.15 E-.02705
G1 X139.99 Y128.776 E-.02326
;WIPE_END
G1 X136.596 Y128.684 Z1
G1 Z.6
G1 E.8 F1800
SET_VELOCITY_LIMIT ACCEL=500
;TYPE:Inner wall
;WIDTH:0.426624
G1 F12000
G1 X136.592 Y128.31 E.01134
;WIDTH:0.458596
G1 X136.628 Y128.049 E.00866
SET_VELOCITY_LIMIT ACCEL=3000
G1 E-.76175 F1800
;WIPE_START
G1 F30000
G1 X136.592 Y128.31 E-.01581
G1 X136.596 Y128.684 E-.02244
;WIPE_END
G1 X137.972 Y126.344 Z1
G1 Z.6
G1 E.8 F1800
SET_VELOCITY_LIMIT ACCEL=500
;TYPE:Internal solid infill
;WIDTH:0.352373
G1 F15000
G1 X137.655 Y126.028 E.01095
G1 X137.37 Y126.421 E.01187
G1 X137.259 Y126.645 E.00612
G1 X137.73 Y126.407 E.01291
G1 X137.933 Y126.354 E.00513
SET_VELOCITY_LIMIT ACCEL=3000
G1 E-.728 F1800
;WIPE_START
G1 F30000
G1 X137.73 Y126.407 E-.01259
G1 X137.259 Y126.645 E-.03168
G1 X137.37 Y126.421 E-.01502
G1 X137.495 Y126.249 E-.01271
;WIPE_END
G1 X141.392 Y129.798 Z1
G1 Z.6
G1 E.8 F1800
SET_VELOCITY_LIMIT ACCEL=500
;WIDTH:0.400187
G1 F15000
G1 X141.008 Y129.414 E.01534
G1 X140.779 Y129.936 E.01609
G1 X140.677 Y130.084 E.00508
G1 X141.354 Y129.812 E.02062
SET_VELOCITY_LIMIT ACCEL=3000
G1 E-.728 F1800
;WIPE_START
G1 F30000
G1 X140.677 Y130.084 E-.04381
G1 X140.779 Y129.936 E-.0108
G1 X140.895 Y129.67 E-.01739
;WIPE_END
G1 X142.265 Y130.152 Z1
G1 Z.6
G1 E.8 F1800
SET_VELOCITY_LIMIT ACCEL=500
;WIDTH:0.419999
G1 F15000
G1 X140.782 Y128.669 E.06252
G1 X140.724 Y129.13 E.01386
G1 X140.495 Y129.693 E.0181
G1 X140.249 Y130.048 E.01287
G1 X139.799 Y130.451 E.01802
G1 X139.566 Y130.573 E.00782
G1 X139.885 Y130.603 E.00955
G1 X140.489 Y130.525 E.01813
G1 X140.996 Y130.358 E.01593
G1 X141.486 Y130.15 E.01587
G1 X141.792 Y130.107 E.0092
G1 X142.226 Y130.149 E.01298
SET_VELOCITY_LIMIT ACCEL=3000
G1 X142.717 Y130.418 F30000
SET_VELOCITY_LIMIT ACCEL=500
;WIDTH:0.38292
G1 F15000
G1 X143.019 Y130.755 E.01217
SET_VELOCITY_LIMIT ACCEL=3000
G1 E-.77284 F1800
;WIPE_START
G1 F30000
G1 X142.717 Y130.418 E-.02716
;WIPE_END
G1 X149.542 Y127.002 Z1
G1 X153.431 Y125.056 Z1
G1 Z.6
G1 E.8 F1800
SET_VELOCITY_LIMIT ACCEL=500
;WIDTH:0.420743
G1 F15000
G1 X154.355 Y125.98 E.03902
G1 X154.522 Y126.193 E.00809
G1 X154.714 Y126.519 E.01132
G1 X154.862 Y126.868 E.01131
G1 X154.873 Y126.909 E.00125
G1 X154.843 Y127.002 E.00292
G1 X152.638 Y124.797 E.09311
SET_VELOCITY_LIMIT ACCEL=3000
G1 E-.728 F1800
;WIPE_START
G1 F30000
G1 X153.487 Y125.646 E-.072
;WIPE_END
G1 X152.047 Y122.603 Z1
G1 Z.6
G1 E.8 F1800
SET_VELOCITY_LIMIT ACCEL=500
G1 F15000
G1 X150.89 Y121.447 E.04885
G1 X150.441 Y121.448 E.01341
G1 X150.337 Y121.428 E.00316
G1 X151.79 Y122.881 E.06137
SET_VELOCITY_LIMIT ACCEL=3000
G1 E-.728 F1800
;WIPE_START
G1 F30000
G1 X150.942 Y122.032 E-.072
;WIPE_END
G1 X148.592 Y119.149 Z1
G1 Z.6
G1 E.8 F1800
SET_VELOCITY_LIMIT ACCEL=500
G1 F15000
G1 X147.889 Y118.446 E.02969
G1 X147.626 Y118.717 E.01128
G1 X148.66 Y119.75 E.04363
SET_VELOCITY_LIMIT ACCEL=3000
G1 E-.728 F1800
;WIPE_START
G1 F30000
G1 X147.811 Y118.902 E-.072
;WIPE_END
G1 X147.275 Y118.9 Z1
G1 Z.6
G1 E.8 F1800
SET_VELOCITY_LIMIT ACCEL=500
G1 F15000
G1 X151.436 Y123.061 E.17574
G1 X151.361 Y123.195 E.00458
G1 X151.314 Y123.396 E.00617
G1 X151.316 Y123.475 E.00237
G1 X147.195 Y119.355 E.17403
G1 X146.962 Y119.656 E.01138
G1 X154.406 Y127.099 E.31435
G1 X154.302 Y127.203 E.00438
G1 X154.115 Y127.079 E.00669
G1 X153.669 Y126.897 E.01438
G1 X146.719 Y119.947 E.29354
G1 X146.577 Y120.054 E.00532
G1 X146.378 Y120.141 E.00646
G1 X153.046 Y126.808 E.28159
G1 X152.821 Y126.81 E.0067
G1 X152.561 Y126.857 E.00791
G1 X145.847 Y120.143 E.28357
G1 X145.223 Y119.882 E.02018
G1 X145.142 Y119.963 E.00344
G1 X142.992 Y117.823 E.09058
G1 X152.155 Y126.986 E.38697
G1 X151.961 Y127.069 E.00631
G1 X151.81 Y127.175 E.00551
G1 X142.348 Y117.714 E.39959
G1 X142.122 Y117.704 E.00678
G1 X141.831 Y117.731 E.00871
G1 X151.504 Y127.403 E.40851
G1 X151.246 Y127.68 E.01129
M73 P37 R8
G1 X141.389 Y117.823 E.41632
G1 X140.956 Y117.924 E.01328
G1 X151.035 Y128.003 E.42568
G1 X150.884 Y128.387 E.01231
G1 X140.551 Y118.054 E.43641
G1 X140.355 Y118.184 E.00704
G1 X140.261 Y118.297 E.0044
G1 X150.787 Y128.824 E.44457
G1 X150.785 Y129.267 E.01323
G1 X150.805 Y129.377 E.00334
G1 X140.04 Y118.611 E.45466
G1 X139.836 Y118.941 E.01159
G1 X151.101 Y130.206 E.47579
G1 X151.274 Y130.468 E.00937
G1 X151.348 Y130.544 E.00317
G1 X150.64 Y130.28 E.02256
G1 X139.641 Y119.281 E.46454
G1 X139.529 Y119.518 E.00784
G1 X139.485 Y119.659 E.0044
G1 X149.943 Y130.117 E.44169
G1 X149.705 Y130.16 E.00721
G1 X149.533 Y130.242 E.00568
G1 X139.378 Y120.086 E.42891
G1 X139.348 Y120.252 E.00504
G1 X139.334 Y120.577 E.0097
G1 X149.25 Y130.493 E.41881
G1 X148.991 Y130.768 E.01129
G1 X139.405 Y121.182 E.40486
G1 X139.449 Y121.378 E.00599
G1 X139.58 Y121.733 E.01132
G1 X139.76 Y122.072 E.01146
G1 X148.803 Y131.115 E.38192
G1 X148.767 Y131.381 E.00802
G1 X148.802 Y131.648 E.00805
G1 X140.694 Y123.54 E.34245
G1 X140.72 Y123.62 E.00254
G1 X140.735 Y123.831 E.00632
G1 X140.692 Y124.072 E.00729
G1 X148.855 Y132.235 E.34477
G1 X148.823 Y132.737 E.01503
G1 X140.495 Y124.409 E.35171
G1 X140.363 Y124.527 E.00528
G1 X140.187 Y124.636 E.00617
G1 X148.716 Y133.165 E.36019
G1 X148.561 Y133.544 E.01223
G1 X139.857 Y124.84 E.36758
G1 X139.779 Y124.889 E.00274
G1 X139.455 Y124.973 E.01
G1 X148.364 Y133.881 E.37625
G1 X148.13 Y134.182 E.01137
G1 X139.019 Y125.07 E.38481
G1 X138.777 Y125.149 E.00758
G1 X138.632 Y125.218 E.00481
G1 X147.86 Y134.446 E.38974
G1 X147.555 Y134.675 E.0114
G1 X138.288 Y125.409 E.39136
G1 X138.119 Y125.52 E.00605
G1 X137.983 Y125.637 E.00537
G1 X138.86 Y126.515 E.03706
SET_VELOCITY_LIMIT ACCEL=3000
G1 E-.728 F1800
M73 P38 R8
;WIPE_START
G1 F30000
G1 X138.011 Y125.666 E-.072
;WIPE_END
G1 X140.518 Y128.173 Z1
G1 Z.6
G1 E.8 F1800
SET_VELOCITY_LIMIT ACCEL=500
G1 F15000
G1 X147.211 Y134.866 E.28268
G1 X146.839 Y135.028 E.01212
G1 X143.181 Y131.37 E.15452
G1 X143.192 Y131.644 E.0082
G1 X143.167 Y131.891 E.00741
G1 X146.456 Y135.179 E.13888
G1 X146.19 Y135.269 E.00837
G1 X146.025 Y135.283 E.00495
G1 X143.146 Y132.404 E.12158
G1 X143.15 Y132.546 E.00424
G1 X143.21 Y132.92 E.01132
G1 X143.245 Y133.037 E.00366
G1 X145.284 Y135.076 E.08609
G1 X144.849 Y134.902 E.01397
G1 X144.502 Y134.719 E.01172
G1 X144.193 Y134.5 E.01131
G1 X143.278 Y133.604 E.03825
SET_VELOCITY_LIMIT ACCEL=3000
G1 E-.728 F1800
;WIPE_START
G1 F30000
G1 X144.136 Y134.444 E-.072
;WIPE_END
G1 X150.395 Y130.076 Z1
G1 X154.408 Y127.277 Z1
G1 Z.6
G1 E.8 F1800
SET_VELOCITY_LIMIT ACCEL=500
;WIDTH:0.38292
G1 F15000
G1 X154.571 Y127.439 E.00617
;WIDTH:0.407573
G1 X154.63 Y127.455 E.00175
;WIDTH:0.456877
G1 X154.688 Y127.471 E.00199
;WIDTH:0.506182
G1 F14305.953
G1 X154.747 Y127.487 E.00223
;WIDTH:0.530834
G1 F13583.132
G1 X154.806 Y127.503 E.00235
SET_VELOCITY_LIMIT ACCEL=3000
G1 E-.79635 F1800
;WIPE_START
G1 F30000
G1 X154.747 Y127.487 E-.00365
;WIPE_END
G1 X151.166 Y121.455 Z1
G1 Z.6
G1 E.8 F1800
SET_VELOCITY_LIMIT ACCEL=500
;WIDTH:0.419999
G1 F15000
G1 X152.002 Y122.292 E.03527
G1 X152.286 Y121.864 E.0153
G1 X152.518 Y121.244 E.01972
G1 X152.592 Y120.738 E.01523
G1 X152.582 Y120.467 E.00808
G1 X152.41 Y120.726 E.00927
G1 X152.153 Y120.977 E.01069
G1 X151.701 Y121.274 E.01613
G1 X151.204 Y121.442 E.01564
SET_VELOCITY_LIMIT ACCEL=3000
G1 X151.961 Y121.578 F30000
SET_VELOCITY_LIMIT ACCEL=500
;WIDTH:0.504838
G1 F14347.553
G1 X151.903 Y121.578 E.00211
G1 X151.874 Y121.628 E.00211
G1 X151.903 Y121.678 E.00211
G1 X151.961 Y121.678 E.00211
G1 X151.97 Y121.662 E.00065
SET_VELOCITY_LIMIT ACCEL=3000
G1 E-.78508 F1800
;WIPE_START
G1 F30000
G1 X151.961 Y121.678 E-.00106
G1 X151.903 Y121.678 E-.00346
G1 X151.874 Y121.628 E-.00346
G1 X151.903 Y121.578 E-.00346
G1 X151.961 Y121.578 E-.00346
;WIPE_END
G1 X148.424 Y118.727 Z1
G1 Z.6
G1 E.8 F1800
SET_VELOCITY_LIMIT ACCEL=500
;WIDTH:0.401191
G1 F15000
G1 X148.641 Y118.11 E.01853
G1 X148.725 Y117.978 E.00442
G1 X148.278 Y118.207 E.01424
G1 X148.069 Y118.371 E.00752
G1 X148.396 Y118.698 E.0131
SET_VELOCITY_LIMIT ACCEL=3000
G1 E-.728 F1800
;WIPE_START
G1 F30000
G1 X148.069 Y118.371 E-.02775
G1 X148.278 Y118.207 E-.01593
G1 X148.698 Y117.992 E-.02832
;WIPE_END
G1 X143.838 Y118.344 Z1
G1 Z.6
G1 E.8 F1800
SET_VELOCITY_LIMIT ACCEL=500
;WIDTH:0.496323
G1 F14617.004
G1 X144.358 Y118.856 E.02615
;WIDTH:0.482047
G1 F15000
G1 X144.581 Y119.136 E.01245
;WIDTH:0.442396
G1 X144.804 Y119.417 E.01133
;WIDTH:0.413059
G1 X145.028 Y119.698 E.01049
G1 X145.112 Y119.774 E.00331
SET_VELOCITY_LIMIT ACCEL=3000
G1 E-.77169 F1800
;WIPE_START
G1 F30000
G1 X145.028 Y119.698 E-.00679
G1 X144.804 Y119.417 E-.02152
;WIPE_END
G1 X137.895 Y122.659 Z1
G1 X111.75 Y134.928 Z1
G1 Z.6
G1 E.8 F1800
SET_VELOCITY_LIMIT ACCEL=500
;TYPE:Inner wall
;WIDTH:0.449999
G1 F12000
G1 X111.498 Y135.1 E.00984
G1 X111.039 Y135.304 E.01617
G1 X110.258 Y135.596 E.02682
G1 X109.922 Y135.623 E.01085
G1 X109.569 Y135.546 E.01163
G1 X108.857 Y135.261 E.02466
G1 X108.329 Y135.002 E.01895
G1 X107.829 Y134.614 E.02035
G1 X107.406 Y134.143 E.02037
G1 X107.095 Y133.592 E.02035
G1 X106.887 Y132.994 E.02038
G1 X106.814 Y132.365 E.02036
G1 X106.86 Y131.67 E.02243
G1 X106.838 Y131.098 E.01843
G1 X106.788 Y130.887 E.00695
G1 X106.669 Y130.713 E.0068
G1 X106.411 Y130.563 E.0096
G1 X105.818 Y130.501 E.01919
G1 X105.53 Y130.549 E.00938
G1 X104.959 Y130.79 E.01995
G1 X104.47 Y130.928 E.01636
G1 X103.841 Y130.999 E.02038
G1 X103.212 Y130.929 E.02037
G1 X102.605 Y130.75 E.02036
G1 X102.051 Y130.442 E.02038
G1 X101.561 Y130.043 E.02033
G1 X101.01 Y129.4 E.02725
G1 X100.732 Y129.014 E.01531
G1 X100.623 Y128.699 E.01073
G1 X100.603 Y128.321 E.01216
G1 X100.673 Y127.393 E.02995
G1 X100.825 Y126.775 E.02047
G1 X101.081 Y126.197 E.02036
G1 X101.459 Y125.688 E.02038
G1 X101.919 Y125.255 E.02035
G1 X102.464 Y124.932 E.02038
G1 X103.057 Y124.71 E.02036
G1 X103.642 Y124.586 E.01926
G1 X104.135 Y124.282 E.01862
G1 X104.328 Y124.08 E.00901
G1 X104.404 Y123.818 E.00875
G1 X104.35 Y123.547 E.0089
G1 X104.093 Y123.009 E.01918
G1 X103.724 Y122.591 E.01796
G1 X103.376 Y122.055 E.02056
G1 X103.131 Y121.472 E.02035
G1 X103.019 Y120.849 E.02036
G1 X103.018 Y120.216 E.02036
G1 X103.156 Y119.598 E.02037
G1 X103.403 Y119.01 E.02053
G1 X103.803 Y118.367 E.02437
G1 X104.132 Y117.935 E.01746
M73 P38 R7
G1 X104.41 Y117.75 E.01075
G1 X104.784 Y117.624 E.01269
G1 X105.695 Y117.411 E.03009
G1 X106.327 Y117.381 E.02036
G1 X106.952 Y117.463 E.02029
G1 X107.547 Y117.681 E.02039
G1 X108.093 Y117.999 E.02034
G1 X108.557 Y118.43 E.02036
G1 X108.94 Y118.938 E.02049
G1 X109.23 Y119.462 E.01926
G1 X109.446 Y119.623 E.00866
G1 X110.055 Y119.852 E.02095
G1 X110.342 Y119.803 E.00936
G1 X110.551 Y119.644 E.00844
G1 X110.879 Y119.24 E.01677
G1 X111.165 Y118.77 E.0177
G1 X111.578 Y118.287 E.02045
G1 X112.067 Y117.887 E.02033
G1 X112.633 Y117.602 E.02038
G1 X113.239 Y117.422 E.02035
G1 X113.872 Y117.379 E.0204
G1 X114.51 Y117.45 E.02066
G1 X115.28 Y117.647 E.02557
G1 X115.727 Y117.827 E.0155
G1 X115.869 Y117.954 E.00613
G1 X116.176 Y118.337 E.01581
G1 X116.69 Y119.197 E.03223
G1 X116.898 Y119.795 E.02037
G1 X116.995 Y120.413 E.02012
G1 X116.955 Y121.047 E.02044
G1 X116.805 Y121.659 E.02029
G1 X116.524 Y122.227 E.02038
G1 X116.216 Y122.65 E.01684
G1 X115.8 Y123.103 E.01979
G1 X115.677 Y123.3 E.00747
G1 X115.647 Y123.594 E.00951
G1 X115.766 Y124.084 E.01623
G1 X115.908 Y124.345 E.00955
G1 X116.149 Y124.497 E.00917
G1 X117.329 Y124.842 E.03955
G1 X117.894 Y125.125 E.02035
G1 X118.384 Y125.525 E.02035
G1 X118.796 Y126.006 E.02038
G1 X119.093 Y126.565 E.02038
G1 X119.287 Y127.167 E.02035
G1 X119.352 Y127.722 E.01796
G1 X119.387 Y128.357 E.02048
G1 X119.337 Y128.849 E.01591
G1 X119.09 Y129.266 E.01557
G1 X118.509 Y129.958 E.02909
G1 X118.128 Y130.31 E.01669
G1 X117.598 Y130.656 E.02034
G1 X117.005 Y130.877 E.02036
G1 X116.383 Y130.991 E.02037
G1 X115.751 Y130.965 E.02036
G1 X115.132 Y130.829 E.02037
G1 X114.665 Y130.637 E.01626
G1 X114.076 Y130.451 E.01986
G1 X113.82 Y130.472 E.00828
G1 X113.573 Y130.626 E.00938
G1 X113.165 Y131.089 E.01985
G1 X113.099 Y131.375 E.00945
G1 X113.172 Y131.918 E.01764
G1 X113.173 Y132.562 E.02071
G1 X113.061 Y133.185 E.02037
G1 X112.816 Y133.769 E.02037
G1 X112.472 Y134.3 E.02036
G1 X112.021 Y134.743 E.02036
G1 X111.783 Y134.905 E.00924
G1 X111.974 Y135.255 F30000
;TYPE:Outer wall
;WIDTH:0.419999
G1 F9600
G1 X111.884 Y135.322 E.00335
G1 X111.411 Y135.569 E.01589
G1 X110.845 Y135.806 E.01831
G1 X110.338 Y135.982 E.01599
G1 X109.896 Y136.019 E.01323
G1 X109.453 Y135.922 E.01349
G1 X108.712 Y135.625 E.02382
G1 X108.123 Y135.337 E.01954
G1 X107.562 Y134.901 E.02117
G1 X107.086 Y134.372 E.02119
G1 X106.738 Y133.753 E.02117
G1 X106.504 Y133.082 E.0212
G1 X106.422 Y132.376 E.02118
G1 X106.468 Y131.651 E.02165
G1 X106.446 Y131.115 E.01599
G1 X106.403 Y131.002 E.0036
G1 X106.275 Y130.935 E.0043
G1 X105.69 Y130.907 E.01746
G1 X105.087 Y131.16 E.01949
G1 X104.548 Y131.313 E.0167
G1 X103.841 Y131.391 E.0212
G1 X103.134 Y131.313 E.02119
G1 X102.453 Y131.112 E.02118
G1 X101.831 Y130.767 E.0212
M73 P39 R7
G1 X101.281 Y130.318 E.02116
G1 X100.713 Y129.655 E.02602
G1 X100.379 Y129.193 E.01699
G1 X100.234 Y128.775 E.01319
G1 X100.21 Y128.317 E.01367
G1 X100.284 Y127.34 E.0292
G1 X100.454 Y126.648 E.02122
G1 X100.742 Y125.999 E.02118
G1 X101.166 Y125.428 E.0212
G1 X101.683 Y124.941 E.02117
G1 X102.295 Y124.578 E.0212
G1 X102.96 Y124.329 E.02117
G1 X103.484 Y124.228 E.0159
G1 X103.925 Y123.951 E.01551
G1 X103.997 Y123.866 E.00333
G1 X103.995 Y123.713 E.00458
G1 X103.738 Y123.192 E.01728
G1 X103.298 Y122.669 E.02039
G1 X103.03 Y122.238 E.01513
G1 X102.754 Y121.583 E.02116
G1 X102.628 Y120.884 E.02118
G1 X102.628 Y120.173 E.02118
G1 X102.783 Y119.479 E.02119
G1 X103.058 Y118.822 E.02124
G1 X103.504 Y118.105 E.02517
G1 X103.867 Y117.64 E.01759
G1 X104.236 Y117.395 E.0132
G1 X104.676 Y117.247 E.01385
G1 X105.395 Y117.078 E.022
G1 X106.104 Y116.98 E.02132
G1 X106.813 Y117.041 E.0212
G1 X107.498 Y117.225 E.02116
G1 X108.128 Y117.555 E.0212
G1 X108.689 Y117.991 E.02117
G1 X109.155 Y118.559 E.0219
G1 X109.508 Y119.177 E.0212
G1 X109.6 Y119.263 E.00377
G1 X110.071 Y119.459 E.01521
G1 X110.228 Y119.416 E.00484
G1 X110.574 Y118.993 E.0163
G1 X110.841 Y118.548 E.01545
G1 X111.304 Y118.007 E.02124
G1 X111.853 Y117.557 E.02115
G1 X112.488 Y117.238 E.0212
G1 X113.169 Y117.036 E.02117
G1 X113.88 Y116.987 E.02122
G1 X114.589 Y117.065 E.02126
G1 X115.377 Y117.267 E.02426
G1 X115.944 Y117.496 E.01823
G1 X116.275 Y117.792 E.01325
G1 X116.543 Y118.179 E.01402
G1 X117.043 Y119.023 E.02925
G1 X117.278 Y119.7 E.02133
G1 X117.388 Y120.394 E.02096
G1 X117.343 Y121.106 E.02126
G1 X117.174 Y121.794 E.02112
G1 X116.858 Y122.431 E.0212
G1 X116.432 Y123.007 E.02134
G1 X116.084 Y123.373 E.01507
G1 X116.032 Y123.491 E.00384
G1 X116.146 Y123.99 E.01526
G1 X116.24 Y124.111 E.00456
G1 X117.473 Y124.477 E.03832
G1 X118.108 Y124.795 E.02117
G1 X118.658 Y125.245 E.02117
G1 X119.121 Y125.785 E.0212
G1 X119.454 Y126.413 E.0212
G1 X119.672 Y127.089 E.02117
G1 X119.744 Y127.701 E.01836
G1 X119.789 Y128.536 E.02495
G1 X119.713 Y128.975 E.01328
G1 X119.596 Y129.202 E.0076
G1 X119.393 Y129.514 E.01108
G1 X118.79 Y130.232 E.02795
G1 X118.37 Y130.618 E.01701
G1 X117.775 Y131.006 E.02117
G1 X117.11 Y131.255 E.02118
G1 X116.41 Y131.383 E.02119
G1 X115.7 Y131.354 E.02118
G1 X115.006 Y131.201 E.02119
G1 X114.541 Y131.009 E.01499
G1 X113.989 Y130.837 E.01723
G1 X113.857 Y130.896 E.00431
G1 X113.499 Y131.301 E.01611
G1 X113.584 Y132.36 E.03166
G1 X113.49 Y133.065 E.02121
G1 X113.274 Y133.742 E.02116
G1 X112.914 Y134.356 E.02121
G1 X112.453 Y134.895 E.02116
G1 X112.006 Y135.231 E.01666
SET_VELOCITY_LIMIT ACCEL=3000
G1 E-.728 F1800
;WIPE_START
G1 F30000
G1 X111.884 Y135.322 E-.00913
G1 X111.411 Y135.569 E-.03199
G1 X110.937 Y135.768 E-.03088
;WIPE_END
G1 X109.587 Y128.256 Z1
G1 X107.812 Y118.38 Z1
G1 Z.6
G1 E.8 F1800
SET_VELOCITY_LIMIT ACCEL=500
;TYPE:Internal solid infill
;WIDTH:0.580448
G1 F12329.392
G1 X108.294 Y118.855 E.02879
SET_VELOCITY_LIMIT ACCEL=3000
G1 E-.75934 F1800
;WIPE_START
G1 F30000
G1 X107.812 Y118.38 E-.04066
;WIPE_END
G1 X114.721 Y117.67 Z1
G1 Z.6
G1 E.8 F1800
SET_VELOCITY_LIMIT ACCEL=500
;WIDTH:0.419999
G1 F15000
G1 X116.39 Y119.339 E.07036
G1 X116.528 Y119.685 E.0111
G1 X116.627 Y120.11 E.013
G1 X114.264 Y117.747 E.09961
G1 X114.053 Y117.714 E.00636
G1 X113.691 Y117.707 E.01079
G1 X116.659 Y120.675 E.12511
G1 X116.657 Y120.807 E.00395
G1 X116.604 Y121.153 E.01042
G1 X113.219 Y117.768 E.14266
G1 X112.93 Y117.841 E.00888
G1 X112.807 Y117.889 E.00395
G1 X116.484 Y121.567 E.155
G1 X116.316 Y121.932 E.01198
G1 X112.441 Y118.057 E.16334
G1 X112.248 Y118.165 E.00661
G1 X112.115 Y118.264 E.00493
G1 X116.109 Y122.258 E.16833
G1 X115.868 Y122.55 E.01129
G1 X111.826 Y118.508 E.1704
G1 X111.673 Y118.657 E.00636
G1 X111.572 Y118.787 E.00492
G1 X115.61 Y122.825 E.17023
G1 X115.501 Y122.942 E.00476
G1 X115.39 Y123.139 E.00673
G1 X111.351 Y119.1 E.17025
G1 X111.148 Y119.43 E.01156
G1 X115.538 Y123.82 E.18503
SET_VELOCITY_LIMIT ACCEL=3000
G1 E-.728 F1800
;WIPE_START
G1 F30000
G1 X114.689 Y122.971 E-.072
;WIPE_END
G1 X117.227 Y124.975 Z1
G1 Z.6
G1 E.8 F1800
SET_VELOCITY_LIMIT ACCEL=500
G1 F15000
G1 X118.633 Y126.382 E.05928
G1 X118.714 Y126.519 E.00476
G1 X118.862 Y126.868 E.01129
G1 X118.964 Y127.245 E.01164
G1 X116.47 Y124.752 E.10511
SET_VELOCITY_LIMIT ACCEL=3000
G1 E-.728 F1800
;WIPE_START
G1 F30000
G1 X117.319 Y125.6 E-.072
;WIPE_END
G1 X119.207 Y128.022 Z1
G1 Z.6
G1 E.8 F1800
SET_VELOCITY_LIMIT ACCEL=500
G1 F15000
G1 X110.906 Y119.721 E.34989
G1 X110.708 Y119.957 E.00919
G1 X110.651 Y120 E.00211
G1 X119.058 Y128.406 E.35435
G1 X119.063 Y128.493 E.0026
G1 X119.019 Y128.743 E.00755
G1 X118.966 Y128.847 E.00349
G1 X110.278 Y120.16 E.36619
G1 X110.099 Y120.186 E.0054
G1 X109.945 Y120.172 E.00459
G1 X109.659 Y120.074 E.00902
G1 X118.747 Y129.162 E.38307
G1 X118.507 Y129.455 E.0113
M73 P40 R7
G1 X106.83 Y117.778 E.49222
G1 X106.5 Y117.72 E.00997
G1 X106.227 Y117.709 E.00815
G1 X118.259 Y129.741 E.50716
G1 X117.986 Y130.001 E.01124
G1 X105.728 Y117.743 E.51667
G1 X105.296 Y117.844 E.01322
G1 X117.677 Y130.225 E.52185
G1 X117.329 Y130.41 E.01175
G1 X104.865 Y117.946 E.52537
G1 X104.557 Y118.05 E.00968
G1 X104.484 Y118.099 E.00262
G1 X116.938 Y130.552 E.52493
G1 X116.735 Y130.608 E.00627
G1 X116.493 Y130.641 E.00726
G1 X104.21 Y118.358 E.51775
G1 X103.998 Y118.679 E.01147
G1 X115.98 Y130.661 E.50505
G1 X115.605 Y130.613 E.01128
G1 X115.323 Y130.538 E.00869
G1 X103.794 Y119.008 E.48598
G1 X103.607 Y119.354 E.01173
G1 X114.487 Y130.235 E.45864
G1 X114.124 Y130.122 E.01135
G1 X113.845 Y130.126 E.0083
G1 X103.459 Y119.74 E.43781
G1 X103.414 Y119.879 E.00437
G1 X103.362 Y120.176 E.00898
G1 X113.469 Y130.283 E.42603
G1 X113.195 Y130.543 E.01124
G1 X103.336 Y120.684 E.41556
G1 X103.365 Y121.008 E.0097
G1 X103.435 Y121.316 E.00939
G1 X112.947 Y130.827 E.40094
G1 X112.872 Y130.932 E.00384
G1 X112.807 Y131.089 E.00507
G1 X112.791 Y131.205 E.00348
G1 X104.074 Y122.488 E.36744
G1 X104.37 Y122.826 E.01341
G1 X104.655 Y123.417 E.01955
G1 X104.721 Y123.669 E.00776
G1 X112.818 Y131.765 E.34128
G1 X112.859 Y132.34 E.01718
G1 X104.661 Y124.142 E.34556
G1 X104.615 Y124.247 E.00345
G1 X104.444 Y124.458 E.00807
G1 X112.804 Y132.818 E.35238
G1 X112.743 Y133.091 E.00833
G1 X112.689 Y133.236 E.00462
G1 X104.127 Y124.674 E.36093
G1 X103.891 Y124.829 E.00842
G1 X103.791 Y124.871 E.00323
G1 X112.527 Y133.607 E.36823
G1 X112.435 Y133.781 E.00586
M73 P41 R7
G1 X112.324 Y133.938 E.00572
G1 X103.374 Y124.987 E.37726
G1 X103.138 Y125.031 E.00714
G1 X102.947 Y125.094 E.006
G1 X112.084 Y134.231 E.38514
G1 X111.957 Y134.367 E.00555
G1 X111.809 Y134.489 E.00572
G1 X102.569 Y125.249 E.38948
G1 X102.436 Y125.312 E.00439
G1 X102.232 Y125.446 E.00725
G1 X111.497 Y134.711 E.39054
G1 X111.342 Y134.807 E.00544
G1 X111.148 Y134.895 E.00635
G1 X101.933 Y125.68 E.38841
G1 X101.67 Y125.95 E.01124
G1 X105.904 Y130.184 E.1785
G1 X105.691 Y130.169 E.00638
G1 X105.423 Y130.236 E.00823
G1 X101.442 Y126.255 E.16782
G1 X101.252 Y126.598 E.01169
G1 X105.052 Y130.399 E.16021
G1 X104.662 Y130.542 E.01239
G1 X101.103 Y126.983 E.15
G1 X101.005 Y127.418 E.0133
G1 X104.227 Y130.64 E.13579
G1 X103.841 Y130.667 E.01154
G1 X103.712 Y130.658 E.00384
G1 X100.966 Y127.912 E.11575
G1 X100.94 Y128.419 E.01513
G1 X103.303 Y130.783 E.09963
SET_VELOCITY_LIMIT ACCEL=3000
G1 E-.728 F1800
;WIPE_START
G1 F30000
G1 X102.455 Y129.934 E-.072
;WIPE_END
G1 X107.007 Y131.287 Z1
G1 Z.6
G1 E.8 F1800
SET_VELOCITY_LIMIT ACCEL=500
G1 F15000
G1 X110.775 Y135.055 E.15879
G1 X110.389 Y135.202 E.01231
G1 X107.159 Y131.973 E.13612
G1 X107.14 Y132.167 E.00582
G1 X107.149 Y132.495 E.00979
G1 X109.942 Y135.289 E.11775
G1 X109.666 Y135.229 E.00842
G1 X109.137 Y135.017 E.01699
G1 X107.038 Y132.918 E.08849
SET_VELOCITY_LIMIT ACCEL=3000
G1 E-.728 F1800
;WIPE_START
G1 F30000
G1 X107.886 Y133.766 E-.072
;WIPE_END
G1 X108.846 Y135.018 Z1
G1 Z.6
G1 E.8 F1800
SET_VELOCITY_LIMIT ACCEL=500
;TYPE:Gap infill
;WIDTH:0.0929868
G1 F15000
G1 X108.807 Y134.993 E.00018
;WIDTH:0.118055
G1 X108.699 Y134.913 E.0008
;WIDTH:0.158556
G1 X108.59 Y134.833 E.00123
;WIDTH:0.199056
G1 X108.482 Y134.753 E.00166
;WIDTH:0.235429
G1 X108.335 Y134.629 E.00292
;WIDTH:0.281467
G1 X107.916 Y134.242 E.01076
G1 X107.66 Y133.961 E.00717
;WIDTH:0.238774
G1 X107.54 Y133.809 E.003
;WIDTH:0.194584
G1 X107.419 Y133.657 E.00232
;WIDTH:0.151411
G1 X107.346 Y133.552 E.0011
;WIDTH:0.130331
G1 X107.273 Y133.446 E.00089
SET_VELOCITY_LIMIT ACCEL=3000
G1 E-.79228 F1800
;WIPE_START
G1 F30000
G1 X107.346 Y133.552 E-.00772
;WIPE_END
G1 X102.814 Y130.598 Z1
G1 Z.6
G1 E.8 F1800
SET_VELOCITY_LIMIT ACCEL=500
;WIDTH:0.160741
G1 F15000
G1 X102.671 Y130.495 E.00164
;WIDTH:0.202511
G1 X102.528 Y130.392 E.00222
;WIDTH:0.244281
G1 X102.386 Y130.289 E.0028
;WIDTH:0.283144
G1 X102.239 Y130.168 E.00361
;WIDTH:0.319099
G1 X102.093 Y130.047 E.00415
;WIDTH:0.331238
G1 X101.82 Y129.789 E.00855
G1 X101.213 Y129.134 E.02036
;WIDTH:0.275156
G1 X101.021 Y128.904 E.00549
;WIDTH:0.260109
G1 X100.83 Y128.674 E.00514
SET_VELOCITY_LIMIT ACCEL=3000
G1 E-.78205 F1800
;WIPE_START
G1 F30000
G1 X101.021 Y128.904 E-.01795
;WIPE_END
G1 X107.153 Y124.359 Z1
G1 X115.503 Y118.168 Z1
G1 Z.6
G1 E.8 F1800
SET_VELOCITY_LIMIT ACCEL=500
;TYPE:Internal solid infill
;WIDTH:0.443362
G1 F15000
G1 X115.637 Y118.296 E.00586
M106 S125
;LAYER_CHANGE
;Z:0.8
;HEIGHT:0.2
;BEFORE_LAYER_CHANGE
;0.8
G92 E0

G1 E-.7889 F1800
;WIPE_START
G1 F30000
G1 X115.503 Y118.168 E-.0111
;WIPE_END
M73 L4
;LAYER:4
SET_PRINT_STATS_INFO TOTAL_LAYER=16 CURRENT_LAYER=4
;_SET_FAN_SPEED_CHANGING_LAYER
SET_VELOCITY_LIMIT ACCEL=3000

G1 X116.439 Y118.656 Z0.857143
G1 X116.643 Y119.692 Z0.914286
G1 X115.959 Y120.497 Z0.971429
G1 X114.904 Y120.465 Z1.02857
G1 X114.271 Y119.619 Z1.08571
G1 X114.537 Y118.597 Z1.14286
G1 X115.503 Y118.168 Z1.2
G1 X145.015 Y119.075 Z1.2
G1 Z.8
G1 E.8 F1800
SET_VELOCITY_LIMIT ACCEL=500
;TYPE:Inner wall
;WIDTH:0.449999
G1 F12000
G1 X145.23 Y119.462 E.01426
G1 X145.446 Y119.623 E.00866
G1 X146.051 Y119.852 E.02081
G1 X146.302 Y119.819 E.00815
G1 X146.539 Y119.658 E.00922
G1 X146.879 Y119.24 E.01735
G1 X147.098 Y118.883 E.01346
G1 X147.426 Y118.436 E.01786
G1 X147.817 Y118.074 E.01713
G1 X148.288 Y117.763 E.01815
G1 X148.849 Y117.52 E.01968
G1 X149.391 Y117.405 E.01784
G1 X150.055 Y117.384 E.02138
G1 X149.813 Y117.486 E.00847
G1 X149.494 Y117.685 E.01211
G1 X149.22 Y117.944 E.01211
G1 X149.001 Y118.25 E.01211
G1 X148.865 Y118.551 E.01062
G1 X148.763 Y118.96 E.01359
G1 X148.77 Y119.485 E.01689
G1 X148.916 Y119.983 E.01668
G1 X149.147 Y120.379 E.01476
G1 X149.406 Y120.653 E.01211
G1 X149.712 Y120.871 E.01211
G1 X150.056 Y121.025 E.01211
G1 X150.423 Y121.11 E.01211
G1 X150.799 Y121.121 E.01211
G1 X151.164 Y121.06 E.0119
G1 X151.522 Y120.925 E.01232
G1 X151.841 Y120.725 E.01211
G1 X152.187 Y120.379 E.01575
G1 X152.437 Y119.939 E.01629
G1 X152.572 Y119.45 E.01631
G1 X152.576 Y119.004 E.01436
G1 X152.784 Y119.431 E.01527
G1 X152.949 Y120.011 E.01941
G1 X152.991 Y120.631 E.02001
G1 X152.937 Y121.163 E.0172
G1 X152.805 Y121.659 E.01653
G1 X152.57 Y122.151 E.01753
G1 X152.167 Y122.711 E.02221
G1 X151.8 Y123.103 E.01728
G1 X151.673 Y123.309 E.00779
G1 X151.647 Y123.597 E.0093
G1 X151.766 Y124.084 E.01613
G1 X151.889 Y124.324 E.00869
G1 X152.126 Y124.489 E.00927
G1 X152.911 Y124.704 E.0262
G1 X153.453 Y124.891 E.01845
G1 X153.953 Y125.169 E.01841
G1 X154.49 Y125.63 E.02277
G1 X154.825 Y126.055 E.01741
G1 X155.063 Y126.495 E.0161
G1 X155.254 Y127.046 E.01876
G1 X155.347 Y127.619 E.01869
G1 X155.394 Y128.484 E.02786
G1 X155.345 Y128.804 E.01042
G1 X155.185 Y129.145 E.01212
G1 X154.891 Y129.508 E.01503
G1 X154.944 Y129.087 E.01367
G1 X154.882 Y128.551 E.01737
G1 X154.748 Y128.199 E.01211
G1 X154.551 Y127.884 E.01195
G1 X154.353 Y127.669 E.00941
G1 X153.952 Y127.368 E.01614
G1 X153.479 Y127.192 E.01624
M73 P42 R7
G1 X152.981 Y127.14 E.01611
G1 X152.533 Y127.199 E.01454
G1 X152.174 Y127.334 E.01234
G1 X151.855 Y127.534 E.01211
G1 X151.581 Y127.792 E.01211
G1 X151.363 Y128.099 E.01211
G1 X151.218 Y128.418 E.01127
G1 X151.124 Y128.809 E.01294
G1 X151.113 Y129.185 E.01211
G1 X151.175 Y129.556 E.01211
G1 X151.309 Y129.908 E.01211
G1 X151.509 Y130.227 E.01211
G1 X151.767 Y130.501 E.01211
G1 X152.056 Y130.708 E.01143
G1 X152.403 Y130.868 E.01229
G1 X152.717 Y130.945 E.0104
G1 X152.378 Y130.991 E.01098
G1 X151.71 Y130.96 E.02153
G1 X151.155 Y130.835 E.01829
G1 X150.639 Y130.628 E.01791
G1 X150.061 Y130.449 E.01945
G1 X149.809 Y130.475 E.00818
G1 X149.573 Y130.626 E.00901
G1 X149.165 Y131.089 E.01985
G1 X149.099 Y131.375 E.00945
G1 X149.172 Y131.918 E.01764
G1 X149.173 Y132.562 E.02071
G1 X149.061 Y133.185 E.02037
G1 X148.816 Y133.769 E.02037
G1 X148.472 Y134.3 E.02036
G1 X148.021 Y134.743 E.02036
G1 X147.498 Y135.1 E.02037
G1 X147.039 Y135.304 E.01617
G1 X146.258 Y135.596 E.02682
G1 X145.922 Y135.623 E.01085
G1 X145.569 Y135.546 E.01163
G1 X144.857 Y135.261 E.02466
G1 X144.329 Y135.002 E.01895
G1 X143.829 Y134.614 E.02036
G1 X143.406 Y134.143 E.02037
G1 X143.095 Y133.592 E.02035
G1 X142.887 Y132.994 E.02038
G1 X142.814 Y132.365 E.02036
G1 X142.86 Y131.67 E.02243
G1 X142.838 Y131.098 E.01843
G1 X142.747 Y130.81 E.00971
G1 X142.573 Y130.636 E.0079
G1 X142.31 Y130.545 E.00898
G1 X141.692 Y130.503 E.01992
G1 X140.72 Y130.872 E.03344
G1 X140.19 Y130.975 E.01739
G1 X139.646 Y130.986 E.0175
G1 X139.15 Y130.917 E.01611
G1 X138.556 Y130.726 E.02007
G1 X138.003 Y130.41 E.02049
G1 X138.241 Y130.457 E.00778
G1 X138.617 Y130.468 E.01211
G1 X138.988 Y130.406 E.01211
G1 X139.328 Y130.277 E.0117
G1 X139.659 Y130.072 E.01252
G1 X140.005 Y129.726 E.01575
G1 X140.249 Y129.3 E.0158
G1 X140.39 Y128.797 E.0168
G1 X140.401 Y128.458 E.01092
G1 X140.339 Y128.05 E.01329
G1 X140.205 Y127.698 E.01211
G1 X140.005 Y127.379 E.01211
G1 X139.747 Y127.105 E.01211
G1 X139.34 Y126.833 E.01575
G1 X138.936 Y126.691 E.01379
G1 X138.438 Y126.639 E.01611
G1 X137.99 Y126.698 E.01454
G1 X137.53 Y126.887 E.01597
G1 X137.135 Y127.194 E.01612
G1 X136.82 Y127.598 E.01648
;WIDTH:0.458594
G1 X136.628 Y128.049 E.01611
G1 X136.662 Y127.543 E.01666
;WIDTH:0.449999
G1 X136.761 Y126.961 E.019
G1 X136.979 Y126.402 E.01933
G1 X137.342 Y125.819 E.02208
G1 X137.695 Y125.448 E.01647
G1 X138.273 Y125.023 E.02308
G1 X138.738 Y124.813 E.01643
G1 X139.712 Y124.55 E.03246
G1 X140.135 Y124.282 E.01609
G1 X140.319 Y124.095 E.00845
G1 X140.404 Y123.816 E.00938
G1 X140.35 Y123.547 E.00883
G1 X140.093 Y123.009 E.01918
G1 X139.724 Y122.591 E.01796
G1 X139.376 Y122.055 E.02056
G1 X139.131 Y121.472 E.02035
G1 X139.019 Y120.849 E.02036
G1 X139.018 Y120.216 E.02036
G1 X139.156 Y119.598 E.02037
G1 X139.403 Y119.01 E.02053
G1 X139.803 Y118.367 E.02437
G1 X140.132 Y117.935 E.01746
G1 X140.41 Y117.75 E.01075
G1 X140.784 Y117.624 E.01269
G1 X141.695 Y117.411 E.03009
G1 X142.327 Y117.381 E.02036
G1 X142.952 Y117.463 E.02029
G1 X143.547 Y117.681 E.02039
G1 X144.093 Y117.999 E.02034
G1 X144.557 Y118.43 E.02036
G1 X144.94 Y118.938 E.02049
G1 X144.996 Y119.04 E.00372
G1 X145.345 Y118.892 F30000
;TYPE:Outer wall
;WIDTH:0.419999
G1 F9600
G1 X145.508 Y119.177 E.00976
G1 X145.6 Y119.263 E.00377
G1 X146.086 Y119.461 E.01565
G1 X146.231 Y119.413 E.00455
G1 X146.574 Y118.993 E.01617
G1 X146.841 Y118.548 E.01545
G1 X147.188 Y118.12 E.01642
G1 X147.582 Y117.76 E.0159
G1 X148.096 Y117.421 E.01837
G1 X148.616 Y117.188 E.01697
G1 X149.132 Y117.045 E.01595
G1 X149.641 Y116.983 E.0153
G1 X150.141 Y116.996 E.01491
;WIDTH:0.457639
G1 X150.318 Y117.046 E.00601
;WIDTH:0.495279
G1 X150.494 Y117.095 E.00656
;WIDTH:0.532918
G1 X151.499 Y117.345 E.04009
;WIDTH:0.532153
G1 X151.953 Y117.579 E.01977
G1 X152.312 Y117.943 E.01976
;WIDTH:0.556794
G1 X152.647 Y118.488 E.02598
G1 X152.726 Y118.583 E.00501
;WIDTH:0.516578
G1 X152.806 Y118.677 E.00462
;WIDTH:0.476362
G1 X152.885 Y118.771 E.00422
;WIDTH:0.436146
G1 X153.099 Y119.163 E.01386
;WIDTH:0.419999
G1 X153.291 Y119.752 E.01848
G1 X153.382 Y120.343 E.01782
G1 X153.379 Y120.869 E.01567
G1 X153.289 Y121.402 E.01612
G1 X153.097 Y121.968 E.01781
G1 X152.78 Y122.559 E.01998
G1 X152.472 Y122.958 E.01505
G1 X152.084 Y123.373 E.01693
G1 X152.032 Y123.497 E.004
G1 X152.146 Y123.99 E.0151
G1 X152.245 Y124.114 E.00472
G1 X153.013 Y124.325 E.02374
G1 X153.597 Y124.527 E.0184
G1 X154.02 Y124.747 E.01423
G1 X154.488 Y125.079 E.0171
G1 X154.883 Y125.481 E.01678
G1 X155.231 Y125.972 E.01796
G1 X155.519 Y126.567 E.01969
G1 X155.672 Y127.089 E.01621
G1 X155.738 Y127.598 E.01531
G1 X155.785 Y128.463 E.02581
G1 X155.731 Y128.871 E.01228
G1 X155.534 Y129.324 E.01473
G1 X155.33 Y129.591 E.01
;WIDTH:0.452201
G1 X154.833 Y130.165 E.02457
;WIDTH:0.497764
G1 X154.342 Y130.591 E.02338
;WIDTH:0.499806
G1 X153.952 Y130.855 E.01701
G1 X153.643 Y131.017 E.0126
;WIDTH:0.473585
G1 X153.334 Y131.179 E.01188
;WIDTH:0.447364
G1 X152.838 Y131.324 E.01652
;WIDTH:0.419999
G1 X152.133 Y131.384 E.0211
G1 X151.507 Y131.329 E.0187
G1 X151.006 Y131.201 E.01542
G1 X150.515 Y131 E.01582
G1 X149.996 Y130.837 E.01622
G1 X149.857 Y130.896 E.00449
G1 X149.499 Y131.301 E.01611
G1 X149.584 Y132.36 E.03166
G1 X149.49 Y133.065 E.02121
G1 X149.274 Y133.742 E.02116
G1 X148.914 Y134.356 E.02121
G1 X148.453 Y134.895 E.02116
G1 X147.884 Y135.322 E.0212
G1 X147.411 Y135.569 E.01589
G1 X146.845 Y135.806 E.01831
G1 X146.338 Y135.982 E.01599
G1 X145.896 Y136.019 E.01323
G1 X145.658 Y135.967 E.00726
G1 X145.174 Y135.811 E.01515
G1 X144.388 Y135.476 E.02547
G1 X143.929 Y135.199 E.01598
G1 X143.388 Y134.739 E.02117
G1 X142.961 Y134.17 E.0212
G1 X142.64 Y133.537 E.02116
G1 X142.466 Y132.847 E.02119
G1 X142.416 Y132.138 E.02118
G1 X142.469 Y131.623 E.01545
G1 X142.43 Y131.047 E.01721
G1 X142.313 Y130.943 E.00465
G1 X141.783 Y130.891 E.01588
G1 X141.584 Y130.954 E.00623
G1 X140.981 Y131.197 E.01938
G1 X140.378 Y131.347 E.0185
G1 X139.841 Y131.391 E.01607
G1 X139.318 Y131.35 E.01563
G1 X138.829 Y131.242 E.01492
G1 X138.146 Y130.959 E.02205
;WIDTH:0.443324
G1 X137.662 Y130.638 E.01839
;WIDTH:0.492205
G1 X137.488 Y130.45 E.00909
;WIDTH:0.541086
G1 X136.895 Y129.807 E.03446
;WIDTH:0.526236
G1 X136.708 Y129.544 E.0123
;WIDTH:0.55243
G1 X136.432 Y129.129 E.02007
;WIDTH:0.510678
G1 X136.343 Y128.976 E.00654
;WIDTH:0.468926
G1 X136.255 Y128.823 E.00596
;WIDTH:0.427174
G1 X136.212 Y128.341 E.0147
;WIDTH:0.419999
G1 X136.261 Y127.642 E.0209
G1 X136.342 Y127.048 E.01786
G1 X136.515 Y126.47 E.01799
G1 X136.742 Y125.999 E.01558
G1 X137.049 Y125.559 E.016
G1 X137.439 Y125.151 E.0168
G1 X137.864 Y124.823 E.01601
G1 X138.428 Y124.515 E.01916
G1 X138.871 Y124.358 E.014
G1 X139.445 Y124.239 E.01747
G1 X139.843 Y124.003 E.01382
G1 X139.996 Y123.868 E.00606
G1 X139.995 Y123.713 E.00465
G1 X139.738 Y123.192 E.01728
G1 X139.298 Y122.669 E.02039
G1 X139.03 Y122.238 E.01513
G1 X138.754 Y121.583 E.02116
G1 X138.628 Y120.884 E.02118
G1 X138.628 Y120.173 E.02118
G1 X138.783 Y119.479 E.02119
G1 X139.058 Y118.822 E.02124
G1 X139.504 Y118.105 E.02517
G1 X139.867 Y117.64 E.01759
G1 X140.236 Y117.395 E.0132
G1 X140.676 Y117.247 E.01385
G1 X141.395 Y117.078 E.022
G1 X142.104 Y116.98 E.02132
G1 X142.813 Y117.041 E.0212
G1 X143.498 Y117.225 E.02116
G1 X144.128 Y117.555 E.0212
G1 X144.689 Y117.991 E.02117
G1 X145.155 Y118.559 E.0219
G1 X145.326 Y118.858 E.01024
SET_VELOCITY_LIMIT ACCEL=3000
G1 E-.728 F1800
;WIPE_START
G1 F30000
G1 X145.508 Y119.177 E-.02205
G1 X145.6 Y119.263 E-.00758
G1 X146.086 Y119.461 E-.03151
G1 X146.231 Y119.413 E-.00915
G1 X146.249 Y119.391 E-.00171
;WIPE_END
G1 X149.848 Y126.121 Z1.2
G1 X151.515 Y129.238 Z1.2
G1 Z.8
G1 E.8 F1800
SET_VELOCITY_LIMIT ACCEL=500
G1 F9600
G1 X151.56 Y129.48 E.00732
G1 X151.679 Y129.775 E.00948
G1 X151.835 Y130.009 E.0084
G1 X152.044 Y130.224 E.00894
G1 X152.274 Y130.382 E.0083
G1 X152.553 Y130.506 E.0091
G1 X152.897 Y130.577 E.01048
;WIDTH:0.469948
G1 X153.181 Y130.574 E.00958
;WIDTH:0.519896
G1 X153.465 Y130.571 E.0107
G1 X153.904 Y130.35 E.01853
;WIDTH:0.514785
G1 X154.262 Y130.036 E.01778
G1 X154.374 Y129.775 E.01057
;WIDTH:0.467392
G1 X154.487 Y129.515 E.00951
;WIDTH:0.419999
G1 X154.552 Y129.087 E.01291
G1 X154.497 Y128.627 E.0138
G1 X154.368 Y128.316 E.01003
G1 X154.076 Y127.946 E.01406
G1 X153.766 Y127.714 E.01156
G1 X153.469 Y127.588 E.00959
G1 X152.94 Y127.53 E.01588
G1 X152.505 Y127.621 E.01323
G1 X152.073 Y127.86 E.01472
G1 X151.858 Y128.069 E.00894
G1 X151.689 Y128.316 E.00894
G1 X151.581 Y128.568 E.00816
G1 X151.509 Y128.885 E.0097
G1 X151.505 Y129.185 E.00894
G1 X151.508 Y129.199 E.00042
SET_VELOCITY_LIMIT ACCEL=3000
G1 E-.728 F1800
;WIPE_START
G1 F30000
G1 X151.56 Y129.48 E-.01714
G1 X151.679 Y129.775 E-.01908
G1 X151.835 Y130.009 E-.01691
G1 X152.044 Y130.224 E-.01799
G1 X152.056 Y130.232 E-.00088
;WIPE_END
G1 X150.321 Y122.8 Z1.2
G1 X149.768 Y120.434 Z1.2
G1 Z.8
G1 E.8 F1800
SET_VELOCITY_LIMIT ACCEL=500
G1 F9600
G1 X149.93 Y120.545 E.00586
G1 X150.206 Y120.663 E.00894
G1 X150.499 Y120.725 E.00894
G1 X150.799 Y120.729 E.00894
G1 X151.087 Y120.675 E.00874
G1 X151.501 Y120.481 E.01363
G1 X151.838 Y120.19 E.01327
G1 X152.075 Y119.789 E.01388
G1 X152.191 Y119.337 E.01391
;WIDTH:0.465598
G1 X152.19 Y119.13 E.0069
;WIDTH:0.511196
G1 X152.189 Y118.924 E.00764
;WIDTH:0.556794
G1 X152.188 Y118.717 E.00838
G1 X151.908 Y118.218 E.02326
;WIDTH:0.531893
G1 X151.691 Y117.996 E.01201
;WIDTH:0.530079
G1 X151.431 Y117.826 E.01196
;WIDTH:0.513915
G1 X151.08 Y117.696 E.01391
;WIDTH:0.532918
G1 X150.584 Y117.625 E.0194
G1 X150.518 Y117.648 E.00274
;WIDTH:0.491904
G1 X150.24 Y117.748 E.01046
;WIDTH:0.455952
G1 X149.963 Y117.848 E.00963
;WIDTH:0.419999
G1 X149.711 Y118.011 E.00894
G1 X149.497 Y118.221 E.00894
G1 X149.327 Y118.468 E.00894
G1 X149.227 Y118.701 E.00755
G1 X149.147 Y119.037 E.0103
G1 X149.147 Y119.373 E.01003
G1 X149.278 Y119.833 E.01424
G1 X149.473 Y120.161 E.01138
M73 P43 R7
G1 X149.683 Y120.376 E.00894
G1 X149.735 Y120.411 E.00189
SET_VELOCITY_LIMIT ACCEL=3000
G1 E-.728 F1800
;WIPE_START
G1 F30000
G1 X149.93 Y120.545 E-.01419
G1 X150.206 Y120.663 E-.01799
G1 X150.499 Y120.725 E-.01799
G1 X150.799 Y120.729 E-.01799
G1 X150.862 Y120.717 E-.00384
;WIPE_END
G1 X144.301 Y124.618 Z1.2
G1 X139.538 Y127.45 Z1.2
G1 Z.8
G1 E.8 F1800
SET_VELOCITY_LIMIT ACCEL=500
G1 F9600
G1 X139.223 Y127.213 E.01176
G1 X138.926 Y127.087 E.0096
G1 X138.397 Y127.029 E.01587
G1 X138.062 Y127.083 E.01012
G1 X137.786 Y127.193 E.00886
G1 X137.53 Y127.359 E.00908
G1 X137.225 Y127.697 E.01356
G1 X137.027 Y128.091 E.01315
G1 X136.962 Y128.421 E.01003
;WIDTH:0.467109
G1 X136.958 Y128.617 E.00655
;WIDTH:0.514218
G1 X136.955 Y128.812 E.00728
;WIDTH:0.561327
G1 X136.951 Y129.008 E.00801
G1 X137.106 Y129.316 E.01416
;WIDTH:0.515842
G1 X137.47 Y129.755 E.02129
;WIDTH:0.521805
G1 X137.761 Y129.957 E.01345
G1 X137.947 Y129.996 E.00716
;WIDTH:0.48787
G1 X138.132 Y130.034 E.00666
;WIDTH:0.453935
G1 X138.317 Y130.073 E.00615
;WIDTH:0.419999
G1 X138.617 Y130.076 E.00894
G1 X138.919 Y130.02 E.00917
G1 X139.359 Y129.802 E.01463
G1 X139.656 Y129.537 E.01185
G1 X139.887 Y129.15 E.01344
G1 X140.005 Y128.721 E.01327
G1 X140.009 Y128.458 E.00783
G1 X139.954 Y128.126 E.01002
G1 X139.836 Y127.834 E.00939
G1 X139.562 Y127.482 E.0133
SET_VELOCITY_LIMIT ACCEL=3000
G1 E-.728 F1800
;WIPE_START
G1 F30000
G1 X139.223 Y127.213 E-.026
G1 X138.926 Y127.087 E-.01933
G1 X138.484 Y127.039 E-.02667
;WIPE_END
G1 X136.596 Y128.684 Z1.2
G1 Z.8
G1 E.8 F1800
SET_VELOCITY_LIMIT ACCEL=500
;TYPE:Inner wall
;WIDTH:0.426624
G1 F12000
G1 X136.592 Y128.31 E.01134
;WIDTH:0.458594
G1 X136.628 Y128.049 E.00866
SET_VELOCITY_LIMIT ACCEL=3000
G1 E-.76175 F1800
;WIPE_START
G1 F30000
G1 X136.592 Y128.31 E-.01581
G1 X136.596 Y128.684 E-.02244
;WIPE_END
G1 X139.361 Y121.625 Z1.2
G1 Z.8
G1 E.8 F1800
SET_VELOCITY_LIMIT ACCEL=500
;TYPE:Sparse infill
;WIDTH:0.45
G1 F12000
G1 X143.11 Y117.876 E.17059
G1 X143.229 Y117.914 E.00401
G1 X143.57 Y118.074 E.01213
G1 X143.887 Y118.278 E.01213
G1 X144.174 Y118.522 E.01212
G1 X144.427 Y118.802 E.01212
G1 X144.643 Y119.117 E.01232
G1 X144.875 Y119.558 E.01602
G1 X145.052 Y119.772 E.00894
G1 X138.521 Y126.303 E.29721
G1 X138.982 Y126.348 E.01489
G1 X139.223 Y126.409 E.008
G1 X139.626 Y126.594 E.01426
G1 X139.984 Y126.853 E.01424
G1 X140.244 Y127.12 E.01199
G1 X140.446 Y127.415 E.0115
G1 X140.656 Y127.892 E.01676
G1 X140.673 Y127.989 E.00317
G1 X148.585 Y120.077 E.36001
G1 X148.71 Y120.347 E.00959
G1 X148.92 Y120.652 E.0119
G1 X149.169 Y120.906 E.01144
G1 X149.582 Y121.198 E.01628
G1 X149.929 Y121.347 E.01214
G1 X150.091 Y121.397 E.00545
G1 X150.44 Y121.463 E.01143
G1 X150.878 Y121.464 E.01408
G1 X151.072 Y121.428 E.00635
G1 X142.298 Y130.202 E.39923
G1 X142.452 Y130.216 E.00497
G1 X142.594 Y130.259 E.00477
G1 X142.762 Y130.345 E.00608
G1 X142.914 Y130.468 E.0063
G1 X143.041 Y130.626 E.00651
G1 X143.158 Y130.897 E.0095
G1 X143.197 Y131.403 E.01633
G1 X144.935 Y131.403 E.05591
G1 X151.709 Y124.629 E.30827
G1 X151.916 Y124.775 E.00816
G1 X152.081 Y124.838 E.00567
G1 X153.017 Y125.091 E.03119
G1 X153.376 Y125.233 E.01244
G1 X153.705 Y125.416 E.01213
G1 X154.007 Y125.642 E.01213
G1 X154.274 Y125.902 E.01199
G1 X153.345 Y126.831 E.04226
G1 X152.973 Y126.792 E.01204
G1 X152.828 Y126.795 E.00467
G1 X152.463 Y126.86 E.01194
G1 X152.291 Y126.911 E.00577
G1 X151.953 Y127.056 E.01181
G1 X151.529 Y127.354 E.0167
G1 X151.227 Y127.679 E.01428
G1 X151.021 Y127.996 E.01215
G1 X150.884 Y128.32 E.01133
G1 X150.772 Y128.818 E.0164
G1 X150.77 Y129.268 E.0145
G1 X150.792 Y129.384 E.00381
G1 X149.88 Y130.296 E.04149
SET_VELOCITY_LIMIT ACCEL=3000
G1 E-.728 F1800
;WIPE_START
G1 F30000
G1 X150.728 Y129.448 E-.072
;WIPE_END
G1 X148.766 Y133.517 Z1.2
G1 Z.8
G1 E.8 F1800
SET_VELOCITY_LIMIT ACCEL=500
;TYPE:Internal solid infill
;WIDTH:0.477355
G1 F15000
G1 X147.664 Y134.607 E.05323
G1 X147.342 Y134.807 E.01301
G1 X146.508 Y135.161 E.03111
G1 X148.791 Y132.879 E.11084
G1 X148.826 Y132.721 E.00554
G1 X148.86 Y132.344 E.01301
G1 X148.853 Y132.202 E.00489
G1 X145.798 Y135.257 E.14839
G1 X145.666 Y135.229 E.00462
G1 X145.342 Y135.099 E.012
G1 X148.645 Y131.795 E.16042
G1 X148.031 Y131.795 E.0211
G1 X144.903 Y134.923 E.15189
G1 X144.497 Y134.715 E.01568
G1 X147.586 Y131.626 E.15004
SET_VELOCITY_LIMIT ACCEL=3000
G1 E-.728 F1800
;WIPE_START
G1 F30000
G1 X146.738 Y132.474 E-.072
;WIPE_END
G1 X144.453 Y132.868 Z1.2
G1 Z.8
G1 E.8 F1800
SET_VELOCITY_LIMIT ACCEL=500
;WIDTH:0.375568
G1 F15000
G1 X144.39 Y132.904 E.00189
G1 X144.454 Y132.939 E.00189
SET_VELOCITY_LIMIT ACCEL=3000
G1 E-.79136 F1800
;WIPE_START
G1 F30000
G1 X144.39 Y132.904 E-.00432
G1 X144.453 Y132.868 E-.00432
;WIPE_END
G1 X145.289 Y132.55 Z1.2
G1 Z.8
G1 E.8 F1800
SET_VELOCITY_LIMIT ACCEL=500
;WIDTH:0.419999
G1 F15000
G1 X143.976 Y132.55 E.03912
G1 X144.109 Y133.05 E.01544
G1 X144.351 Y133.488 E.01489
G1 X145.26 Y132.578 E.03835
SET_VELOCITY_LIMIT ACCEL=3000
G1 E-.728 F1800
;WIPE_START
G1 F30000
G1 X144.412 Y133.426 E-.072
;WIPE_END
G1 X146.199 Y132.172 Z1.2
G1 Z.8
G1 E.8 F1800
SET_VELOCITY_LIMIT ACCEL=500
G1 F15000
G1 X143.579 Y132.172 E.07808
G1 X143.633 Y132.787 E.01839
G1 X143.765 Y133.206 E.01309
G1 X144.018 Y133.671 E.0158
G1 X144.345 Y134.027 E.01439
G1 X146.171 Y132.201 E.07697
SET_VELOCITY_LIMIT ACCEL=3000
G1 E-.728 F1800
;WIPE_START
G1 F30000
G1 X145.322 Y133.049 E-.072
;WIPE_END
G1 X147.109 Y131.795 Z1.2
G1 Z.8
G1 E.8 F1800
SET_VELOCITY_LIMIT ACCEL=500
G1 F15000
G1 X143.235 Y131.795 E.11548
G1 X143.21 Y132.495 E.02086
G1 X143.287 Y132.964 E.01416
G1 X143.502 Y133.54 E.01835
G1 X143.757 Y133.953 E.01447
G1 X143.996 Y134.228 E.01086
G1 X144.369 Y134.536 E.0144
G1 X147.081 Y131.824 E.11431
SET_VELOCITY_LIMIT ACCEL=3000
G1 E-.728 F1800
;WIPE_START
G1 F30000
G1 X146.233 Y132.672 E-.072
;WIPE_END
G1 X138.909 Y130.521 Z1.2
G1 X115.572 Y123.666 Z1.2
G1 Z.8
M73 P44 R7
G1 E.8 F1800
SET_VELOCITY_LIMIT ACCEL=500
;TYPE:Inner wall
;WIDTH:0.626218
G1 F11361.933
G1 X115.527 Y123.602 E.00361
;WIDTH:0.591334
G1 F12000
G1 X115.483 Y123.538 E.00339
;WIDTH:0.55645
G1 X115.438 Y123.473 E.00318
;WIDTH:0.521565
G1 X115.32 Y123.265 E.00906
;WIDTH:0.485782
G1 X115.202 Y123.057 E.00838
;WIDTH:0.449999
G1 X114.908 Y122.565 E.01843
G1 X114.568 Y122.105 E.01843
G1 X114.184 Y121.68 E.01843
G1 X113.794 Y121.325 E.01697
G1 X113.301 Y120.952 E.01988
G1 X112.81 Y120.657 E.01843
G1 X112.293 Y120.411 E.01843
G1 X111.754 Y120.217 E.01843
G1 X111.179 Y120.073 E.01907
;WIDTH:0.492037
G1 X110.857 Y120.018 E.0116
;WIDTH:0.534075
G1 X110.535 Y119.963 E.01268
;WIDTH:0.576112
G1 X110.213 Y119.908 E.01377
G1 X110.308 Y119.838 E.00495
;WIDTH:0.534075
G1 X110.403 Y119.769 E.00456
;WIDTH:0.492037
G1 X110.498 Y119.699 E.00417
;WIDTH:0.449999
G1 X110.865 Y119.256 E.01853
G1 X111.162 Y118.774 E.01821
G1 X111.577 Y118.289 E.02054
G1 X112.067 Y117.887 E.02039
G1 X112.506 Y117.667 E.01579
G1 X113.034 Y117.484 E.018
G1 X113.428 Y117.41 E.01289
G1 X114.018 Y117.394 E.01897
G1 X114.681 Y117.502 E.02162
G1 X115.206 Y117.634 E.01741
G1 X115.727 Y117.827 E.01788
G1 X115.979 Y118.053 E.01089
G1 X116.208 Y118.391 E.01315
G1 X116.688 Y119.193 E.03008
G1 X116.89 Y119.769 E.01962
G1 X116.994 Y120.413 E.02102
G1 X116.955 Y121.042 E.02027
G1 X116.804 Y121.659 E.02045
G1 X116.523 Y122.226 E.02036
G1 X116.217 Y122.649 E.01682
G1 X115.801 Y123.102 E.01976
;WIDTH:0.485782
G1 X115.706 Y123.267 E.00667
;WIDTH:0.521565
G1 X115.612 Y123.433 E.00721
;WIDTH:0.55645
G1 X115.598 Y123.511 E.00321
;WIDTH:0.591334
G1 X115.585 Y123.588 E.00343
;WIDTH:0.626218
G1 F11361.933
G1 X115.579 Y123.627 E.0018
SET_VELOCITY_LIMIT ACCEL=3000
G1 E-.728 F1800
;WIPE_START
G1 F30000
G1 X115.527 Y123.602 E-.00342
G1 X115.483 Y123.538 E-.00469
G1 X115.438 Y123.473 E-.00469
G1 X115.32 Y123.265 E-.01437
G1 X115.202 Y123.057 E-.01437
G1 X114.942 Y122.621 E-.03046
;WIPE_END
G1 X113.772 Y130.163 Z1.2
G1 X113.731 Y130.426 Z1.2
G1 Z.8
G1 E.8 F1800
SET_VELOCITY_LIMIT ACCEL=500
;WIDTH:0.608564
G1 F11716.544
G1 X113.784 Y130.361 E.00374
;WIDTH:0.574538
G1 F12000
G1 X113.837 Y130.296 E.00352
;WIDTH:0.540512
G1 X114.003 Y130.115 E.00968
;WIDTH:0.495256
G1 X114.17 Y129.933 E.0088
;WIDTH:0.449999
G1 X114.555 Y129.51 E.01843
G1 X114.897 Y129.05 E.01843
G1 X115.192 Y128.559 E.01843
G1 X115.438 Y128.042 E.01843
G1 X115.632 Y127.503 E.01843
G1 X115.772 Y126.948 E.01843
G1 X115.859 Y126.362 E.01907
G1 X115.881 Y125.684 E.0218
G1 X115.842 Y125.113 E.01842
;WIDTH:0.497281
G1 X115.806 Y124.813 E.01084
;WIDTH:0.544563
G1 X115.771 Y124.514 E.01197
;WIDTH:0.591844
G1 X115.736 Y124.214 E.0131
G1 X115.827 Y124.299 E.00541
;WIDTH:0.546878
G1 X115.917 Y124.385 E.00497
;WIDTH:0.501911
G1 X116.196 Y124.485 E.01073
;WIDTH:0.475955
G1 X116.474 Y124.585 E.01013
;WIDTH:0.449999
G1 X117.121 Y124.761 E.02157
G1 X117.708 Y125.023 E.02069
G1 X118.232 Y125.379 E.02038
G1 X118.569 Y125.737 E.01582
G1 X118.907 Y126.212 E.01874
G1 X119.088 Y126.581 E.01325
G1 X119.259 Y127.111 E.01791
G1 X119.351 Y127.818 E.02292
G1 X119.381 Y128.439 E.02002
G1 X119.338 Y128.843 E.01308
G1 X119.08 Y129.278 E.01625
G1 X118.602 Y129.863 E.02432
G1 X118.128 Y130.309 E.02095
G1 X117.598 Y130.655 E.02036
G1 X117.006 Y130.876 E.02033
G1 X116.383 Y130.99 E.02039
G1 X115.751 Y130.965 E.02035
G1 X115.128 Y130.827 E.02052
G1 X114.665 Y130.637 E.01611
;WIDTH:0.495256
G1 X114.274 Y130.527 E.01452
;WIDTH:0.540512
G1 X113.883 Y130.417 E.01597
;WIDTH:0.574538
G1 X113.807 Y130.422 E.0032
;WIDTH:0.608564
G1 F11716.544
G1 X113.771 Y130.424 E.00161
SET_VELOCITY_LIMIT ACCEL=3000
G1 E-.728 F1800
;WIPE_START
G1 F30000
G1 X113.784 Y130.361 E-.00384
G1 X113.837 Y130.296 E-.00503
G1 X114.003 Y130.115 E-.01477
G1 X114.17 Y129.933 E-.01477
G1 X114.547 Y129.519 E-.03359
;WIPE_END
G1 X107.856 Y125.845 Z1.2
G1 X104.441 Y123.969 Z1.2
G1 Z.8
G1 E.8 F1800
SET_VELOCITY_LIMIT ACCEL=500
;WIDTH:0.586578
G1 F12000
G1 X104.434 Y123.858 E.0048
;WIDTH:0.548732
G1 X104.427 Y123.746 E.00447
;WIDTH:0.510885
G1 X104.392 Y123.666 E.00324
;WIDTH:0.480442
G1 X104.357 Y123.586 E.00303
;WIDTH:0.449999
G1 X104.13 Y123.075 E.01799
G1 X103.728 Y122.596 E.02011
G1 X103.377 Y122.055 E.02077
G1 X103.131 Y121.472 E.02037
G1 X103.02 Y120.849 E.02035
G1 X103.019 Y120.216 E.02036
G1 X103.157 Y119.599 E.02035
G1 X103.405 Y119.006 E.02068
G1 X103.759 Y118.436 E.02158
G1 X104.132 Y117.935 E.02009
G1 X104.409 Y117.751 E.0107
G1 X104.87 Y117.604 E.01558
G1 X105.568 Y117.441 E.02306
G1 X106.109 Y117.373 E.01755
G1 X106.742 Y117.427 E.02044
G1 X107.355 Y117.592 E.02042
G1 X107.915 Y117.885 E.02033
G1 X108.415 Y118.274 E.02038
G1 X108.818 Y118.762 E.02038
G1 X109.164 Y119.365 E.02237
G1 X109.405 Y119.603 E.01089
;WIDTH:0.498748
G1 X109.579 Y119.7 E.00719
;WIDTH:0.547497
G1 X109.753 Y119.798 E.00795
;WIDTH:0.596246
G1 F11977.375
G1 X109.927 Y119.895 E.00872
G1 X109.781 Y119.927 E.00655
;WIDTH:0.547497
G1 F12000
G1 X109.634 Y119.959 E.00597
;WIDTH:0.498748
G1 X109.488 Y119.99 E.00539
;WIDTH:0.449999
G1 X108.921 Y120.073 E.01843
G1 X108.365 Y120.212 E.01843
G1 X107.826 Y120.404 E.01843
G1 X107.308 Y120.648 E.01843
G1 X106.816 Y120.941 E.01843
G1 X106.355 Y121.282 E.01843
G1 X105.93 Y121.665 E.01843
G1 X105.545 Y122.089 E.01843
G1 X105.192 Y122.565 E.01907
G1 X104.879 Y123.098 E.01987
;WIDTH:0.495526
G1 X104.733 Y123.388 E.01164
;WIDTH:0.541052
G1 X104.587 Y123.679 E.01281
;WIDTH:0.586578
G1 X104.459 Y123.934 E.01226
SET_VELOCITY_LIMIT ACCEL=3000
G1 E-.728 F1800
;WIPE_START
G1 F30000
G1 X104.434 Y123.858 E-.00478
G1 X104.427 Y123.746 E-.0067
G1 X104.392 Y123.666 E-.00525
G1 X104.357 Y123.586 E-.00525
G1 X104.13 Y123.075 E-.03354
G1 X103.954 Y122.865 E-.01647
;WIPE_END
G1 X106.368 Y130.105 Z1.2
G1 X106.508 Y130.525 Z1.2
G1 Z.8
G1 E.8 F1800
SET_VELOCITY_LIMIT ACCEL=500
;WIDTH:0.60106
G1 F11874.07
G1 X106.445 Y130.516 E.0028
;WIDTH:0.575249
G1 F12000
G1 X106.383 Y130.508 E.00267
;WIDTH:0.549438
G1 X106.101 Y130.504 E.01126
;WIDTH:0.499719
G1 X105.82 Y130.501 E.01016
;WIDTH:0.449999
G1 X105.534 Y130.547 E.00932
G1 X104.958 Y130.79 E.02012
G1 X104.471 Y130.928 E.01628
G1 X103.841 Y130.998 E.02041
G1 X103.212 Y130.928 E.02036
G1 X102.605 Y130.749 E.02035
G1 X102.052 Y130.442 E.02036
G1 X101.558 Y130.039 E.02048
G1 X101.056 Y129.453 E.02484
G1 X100.732 Y129.014 E.01756
G1 X100.624 Y128.702 E.01064
G1 X100.611 Y128.212 E.01577
G1 X100.673 Y127.398 E.02627
G1 X100.825 Y126.776 E.02061
G1 X101.082 Y126.197 E.02036
G1 X101.459 Y125.689 E.02036
G1 X101.92 Y125.255 E.02036
G1 X102.464 Y124.933 E.02036
G1 X103.061 Y124.709 E.02052
G1 X103.602 Y124.596 E.01778
G1 X104.129 Y124.286 E.01967
;WIDTH:0.494358
G1 X104.221 Y124.215 E.00414
;WIDTH:0.538717
G1 X104.313 Y124.144 E.00455
;WIDTH:0.583076
G1 X104.405 Y124.074 E.00496
G1 X104.4 Y124.125 E.00221
;WIDTH:0.56568
G1 X104.376 Y124.3 E.00731
;WIDTH:0.52712
G1 X104.352 Y124.476 E.00677
;WIDTH:0.48856
G1 X104.328 Y124.651 E.00623
;WIDTH:0.449999
G1 X104.243 Y125.217 E.01843
G1 X104.214 Y125.789 E.01843
G1 X104.24 Y126.347 E.01797
G1 X104.324 Y126.928 E.01889
G1 X104.462 Y127.484 E.01843
G1 X104.654 Y128.024 E.01843
G1 X104.898 Y128.542 E.01843
G1 X105.192 Y129.034 E.01843
G1 X105.545 Y129.51 E.01907
G1 X106.032 Y130.025 E.02281
;WIDTH:0.487765
G1 X106.151 Y130.15 E.00607
;WIDTH:0.52553
G1 X106.27 Y130.275 E.00658
;WIDTH:0.563295
G1 X106.389 Y130.4 E.0071
;WIDTH:0.60106
G1 F11874.07
G1 X106.481 Y130.496 E.00585
SET_VELOCITY_LIMIT ACCEL=3000
G1 E-.728 F1800
;WIPE_START
G1 F30000
G1 X106.445 Y130.516 E-.00244
G1 X106.383 Y130.508 E-.0038
G1 X106.101 Y130.504 E-.01688
G1 X105.82 Y130.501 E-.01688
G1 X105.534 Y130.547 E-.01738
G1 X105.309 Y130.642 E-.01463
;WIPE_END
G1 X108.962 Y135.303 Z1.2
G1 Z.8
G1 E.8 F1800
SET_VELOCITY_LIMIT ACCEL=500
;WIDTH:0.449999
G1 F12000
G1 X108.715 Y135.204 E.00856
G1 X108.156 Y134.879 E.0208
G1 X107.675 Y134.469 E.02034
G1 X107.295 Y133.964 E.02035
G1 X107.009 Y133.399 E.02037
G1 X106.854 Y132.786 E.02034
G1 X106.809 Y132.149 E.02055
G1 X106.859 Y131.634 E.01663
G1 X106.838 Y131.098 E.01728
;WIDTH:0.497498
G1 X106.819 Y130.97 E.00464
;WIDTH:0.544997
G1 X106.8 Y130.842 E.00512
;WIDTH:0.592496
G1 X106.782 Y130.715 E.00561
;WIDTH:0.582679
G1 X106.951 Y130.79 E.00792
;WIDTH:0.538453
G1 X107.121 Y130.866 E.00727
;WIDTH:0.494226
G1 X107.29 Y130.942 E.00662
;WIDTH:0.449999
G1 X107.807 Y131.188 E.01843
G1 X108.346 Y131.381 E.01843
G1 X108.902 Y131.522 E.01843
G1 X109.468 Y131.607 E.01843
G1 X110.04 Y131.636 E.01843
G1 X110.612 Y131.609 E.01843
G1 X111.179 Y131.525 E.01843
G1 X111.754 Y131.381 E.01907
G1 X112.578 Y131.053 E.02855
G1 X113.062 Y130.791 E.01771
;WIDTH:0.498685
G1 X113.214 Y130.72 E.00605
;WIDTH:0.547371
G1 X113.366 Y130.648 E.0067
;WIDTH:0.596057
G1 F11981.468
G1 X113.518 Y130.577 E.00735
G1 X113.407 Y130.738 E.00856
;WIDTH:0.547371
G1 F12000
G1 X113.296 Y130.899 E.00781
;WIDTH:0.498685
G1 X113.185 Y131.061 E.00705
;WIDTH:0.449999
G1 X113.102 Y131.342 E.00943
G1 X113.172 Y131.912 E.01847
G1 X113.172 Y132.562 E.02091
G1 X113.06 Y133.185 E.02036
G1 X112.816 Y133.768 E.02036
G1 X112.472 Y134.299 E.02035
G1 X112.133 Y134.632 E.01529
G1 X111.633 Y135.007 E.02009
G1 X111.083 Y135.285 E.01981
G1 X110.462 Y135.526 E.02146
G1 X109.926 Y135.623 E.0175
G1 X109.445 Y135.497 E.016
G1 X108.999 Y135.318 E.01548
G1 X108.816 Y135.667 F30000
;TYPE:Outer wall
;WIDTH:0.419999
G1 F9600
G1 X108.712 Y135.625 E.00335
G1 X108.123 Y135.337 E.01954
G1 X107.562 Y134.901 E.02118
G1 X107.086 Y134.372 E.02119
G1 X106.738 Y133.753 E.02117
G1 X106.504 Y133.082 E.0212
G1 X106.422 Y132.376 E.02118
G1 X106.468 Y131.651 E.02165
G1 X106.446 Y131.115 E.01599
G1 X106.403 Y131.002 E.0036
G1 X106.275 Y130.935 E.0043
G1 X105.69 Y130.907 E.01746
G1 X105.087 Y131.16 E.01949
G1 X104.548 Y131.313 E.0167
G1 X103.841 Y131.391 E.0212
G1 X103.134 Y131.313 E.02119
G1 X102.453 Y131.112 E.02118
G1 X101.831 Y130.767 E.0212
G1 X101.281 Y130.318 E.02116
G1 X100.713 Y129.655 E.02602
G1 X100.379 Y129.193 E.01699
G1 X100.234 Y128.775 E.01319
G1 X100.21 Y128.317 E.01367
G1 X100.284 Y127.34 E.0292
G1 X100.454 Y126.648 E.02122
G1 X100.742 Y125.999 E.02118
G1 X101.166 Y125.428 E.0212
G1 X101.683 Y124.941 E.02117
G1 X102.295 Y124.578 E.0212
G1 X102.96 Y124.329 E.02117
G1 X103.484 Y124.228 E.0159
G1 X103.925 Y123.951 E.01551
G1 X103.997 Y123.866 E.00333
G1 X103.995 Y123.713 E.00458
G1 X103.738 Y123.192 E.01728
G1 X103.298 Y122.669 E.02039
G1 X103.03 Y122.238 E.01513
G1 X102.754 Y121.583 E.02116
G1 X102.628 Y120.884 E.02118
G1 X102.628 Y120.173 E.02118
G1 X102.783 Y119.479 E.02119
G1 X103.058 Y118.822 E.02124
G1 X103.504 Y118.105 E.02517
G1 X103.867 Y117.64 E.01759
G1 X104.236 Y117.395 E.0132
G1 X104.676 Y117.247 E.01385
G1 X105.395 Y117.078 E.022
G1 X106.104 Y116.98 E.02132
G1 X106.813 Y117.041 E.02121
G1 X107.498 Y117.225 E.02116
G1 X108.128 Y117.555 E.0212
G1 X108.689 Y117.991 E.02117
G1 X109.155 Y118.559 E.0219
G1 X109.508 Y119.177 E.0212
G1 X109.6 Y119.263 E.00377
G1 X110.071 Y119.459 E.01521
G1 X110.228 Y119.416 E.00484
M73 P45 R7
G1 X110.574 Y118.993 E.0163
G1 X110.841 Y118.548 E.01545
G1 X111.304 Y118.007 E.02124
G1 X111.853 Y117.557 E.02115
G1 X112.488 Y117.238 E.0212
G1 X113.169 Y117.036 E.02117
G1 X113.88 Y116.987 E.02122
G1 X114.589 Y117.065 E.02126
G1 X115.377 Y117.267 E.02426
G1 X115.944 Y117.496 E.01823
G1 X116.275 Y117.792 E.01325
G1 X116.543 Y118.179 E.01402
G1 X117.043 Y119.023 E.02925
G1 X117.278 Y119.7 E.02133
G1 X117.388 Y120.394 E.02096
G1 X117.343 Y121.106 E.02125
G1 X117.174 Y121.794 E.02112
G1 X116.858 Y122.431 E.0212
G1 X116.432 Y123.007 E.02134
G1 X116.084 Y123.373 E.01507
G1 X116.032 Y123.491 E.00384
G1 X116.146 Y123.99 E.01526
G1 X116.24 Y124.111 E.00456
G1 X117.473 Y124.477 E.03833
G1 X118.108 Y124.795 E.02117
G1 X118.658 Y125.245 E.02117
G1 X119.121 Y125.785 E.0212
G1 X119.454 Y126.413 E.0212
G1 X119.672 Y127.089 E.02117
G1 X119.744 Y127.701 E.01836
G1 X119.789 Y128.536 E.02495
G1 X119.713 Y128.975 E.01328
G1 X119.596 Y129.202 E.0076
G1 X119.393 Y129.514 E.01108
G1 X118.79 Y130.232 E.02795
G1 X118.37 Y130.618 E.01701
G1 X117.775 Y131.006 E.02117
G1 X117.11 Y131.255 E.02118
G1 X116.41 Y131.383 E.02119
G1 X115.7 Y131.354 E.02118
G1 X115.006 Y131.201 E.02119
G1 X114.541 Y131.009 E.01499
G1 X113.989 Y130.837 E.01723
G1 X113.857 Y130.896 E.00431
G1 X113.499 Y131.301 E.01611
G1 X113.584 Y132.36 E.03166
G1 X113.49 Y133.065 E.02121
G1 X113.274 Y133.742 E.02116
G1 X112.914 Y134.356 E.02121
G1 X112.453 Y134.895 E.02116
G1 X111.884 Y135.322 E.0212
G1 X111.411 Y135.569 E.01589
G1 X110.845 Y135.806 E.01831
G1 X110.338 Y135.982 E.01599
G1 X109.896 Y136.019 E.01323
G1 X109.453 Y135.922 E.01349
G1 X108.853 Y135.682 E.01927
SET_VELOCITY_LIMIT ACCEL=3000
G1 E-.728 F1800
;WIPE_START
G1 F30000
G1 X108.712 Y135.625 E-.00914
G1 X108.123 Y135.337 E-.03933
G1 X107.814 Y135.096 E-.02353
;WIPE_END
G1 X112.1 Y128.781 Z1.2
G1 X115.572 Y123.666 Z1.2
G1 Z.8
G1 E.8 F1800
SET_VELOCITY_LIMIT ACCEL=500
;TYPE:Inner wall
;WIDTH:0.626218
G1 F11361.933
G1 X115.736 Y124.214 E.02635
SET_VELOCITY_LIMIT ACCEL=3000
G1 E-.76571 F1800
;WIPE_START
G1 F30000
G1 X115.572 Y123.666 E-.03429
;WIPE_END
G1 X113.731 Y130.426 Z1.2
G1 Z.8
G1 E.8 F1800
SET_VELOCITY_LIMIT ACCEL=500
;WIDTH:0.608564
G1 F11716.544
G1 X113.519 Y130.576 E.01159
SET_VELOCITY_LIMIT ACCEL=3000
G1 E-.78444 F1800
;WIPE_START
G1 F30000
G1 X113.731 Y130.426 E-.01556
;WIPE_END
G1 X106.757 Y130.704 Z1.2
G1 Z.8
G1 E.8 F1800
SET_VELOCITY_LIMIT ACCEL=500
;WIDTH:0.60106
G1 F11874.07
G1 X106.508 Y130.525 E.01351
SET_VELOCITY_LIMIT ACCEL=3000
G1 E-.78162 F1800
;WIPE_START
G1 F30000
G1 X106.757 Y130.704 E-.01838
;WIPE_END
G1 X109.084 Y123.435 Z1.2
G1 X110.213 Y119.908 Z1.2
G1 Z.8
G1 E.8 F1800
SET_VELOCITY_LIMIT ACCEL=500
;WIDTH:0.596246
G1 F11977.375
G1 X109.927 Y119.895 E.01252
SET_VELOCITY_LIMIT ACCEL=3000
G1 E-.78282 F1800
;WIPE_START
G1 F30000
G1 X110.213 Y119.908 E-.01718
;WIPE_END
G1 X108.988 Y119.658 Z1.2
G1 Z.8
G1 E.8 F1800
SET_VELOCITY_LIMIT ACCEL=500
;TYPE:Internal solid infill
;WIDTH:0.399588
G1 F15000
G1 X108.921 Y119.696 E.00218
G1 X108.99 Y119.731 E.00218
SET_VELOCITY_LIMIT ACCEL=3000
G1 X109.003 Y119.4 F30000
SET_VELOCITY_LIMIT ACCEL=500
;WIDTH:0.419999
G1 F15000
G1 X108.589 Y119.814 E.01747
G1 X108.279 Y119.892 E.00952
G1 X107.81 Y120.06 E.01484
G1 X108.683 Y119.187 E.03679
G1 X108.545 Y118.951 E.00813
G1 X108.473 Y118.864 E.00339
G1 X104.418 Y122.919 E.17094
G1 X104.182 Y122.621 E.01132
G1 X108.232 Y118.571 E.17069
G1 X108.183 Y118.513 E.00227
G1 X107.943 Y118.327 E.00905
G1 X103.946 Y122.324 E.16849
G1 X103.736 Y122 E.01149
G1 X107.628 Y118.109 E.16404
G1 X107.278 Y117.925 E.01177
G1 X103.562 Y121.641 E.15664
G1 X103.451 Y121.377 E.00855
G1 X103.427 Y121.243 E.00405
G1 X106.867 Y117.803 E.145
G1 X106.684 Y117.754 E.00563
G1 X106.406 Y117.731 E.00832
G1 X103.351 Y120.786 E.1288
G1 X103.35 Y120.253 E.01588
G1 X105.877 Y117.727 E.10651
G1 X105.748 Y117.738 E.00387
G1 X105.205 Y117.866 E.01663
G1 X103.279 Y119.791 E.08115
SET_VELOCITY_LIMIT ACCEL=3000
G1 E-.728 F1800
;WIPE_START
G1 F30000
G1 X104.128 Y118.942 E-.072
;WIPE_END
G1 X104.837 Y117.828 Z1.2
G1 Z.8
G1 E.8 F1800
SET_VELOCITY_LIMIT ACCEL=500
;TYPE:Gap infill
;WIDTH:0.337029
G1 F15000
G1 X104.375 Y118.207 E.01388
G1 X104.175 Y118.425 E.00688
;WIDTH:0.310174
G1 X104.065 Y118.564 E.00374
;WIDTH:0.269611
G1 X103.955 Y118.703 E.00318
;WIDTH:0.229048
G1 X103.845 Y118.842 E.00261
;WIDTH:0.188485
G1 X103.735 Y118.98 E.00204
;WIDTH:0.147922
G1 X103.625 Y119.119 E.00147
;WIDTH:0.127639
G1 X103.555 Y119.223 E.00084
SET_VELOCITY_LIMIT ACCEL=3000
G1 E-.79251 F1800
;WIPE_START
G1 F30000
G1 X103.625 Y119.119 E-.00749
;WIPE_END
G1 X104.528 Y123.012 Z1.2
G1 Z.8
G1 E.8 F1800
SET_VELOCITY_LIMIT ACCEL=500
;TYPE:Internal solid infill
;WIDTH:0.38292
G1 F15000
G1 X104.464 Y123.049 E.00198
G1 X104.529 Y123.083 E.00198
SET_VELOCITY_LIMIT ACCEL=3000
G1 E-.79116 F1800
;WIPE_START
G1 F30000
G1 X104.464 Y123.049 E-.00442
G1 X104.528 Y123.012 E-.00442
;WIPE_END
G1 X106.686 Y120.723 Z1.2
G1 Z.8
G1 E.8 F1800
SET_VELOCITY_LIMIT ACCEL=500
G1 F15000
G1 X107.035 Y120.453 E.01186
SET_VELOCITY_LIMIT ACCEL=3000
G1 E-.77352 F1800
;WIPE_START
G1 F30000
G1 X106.686 Y120.723 E-.02648
;WIPE_END
G1 X104.059 Y125.691 Z1.2
G1 Z.8
G1 E.8 F1800
SET_VELOCITY_LIMIT ACCEL=500
;WIDTH:0.420001
G1 F15000
G1 X100.993 Y128.757 E.12921
G1 X100.953 Y128.642 E.00363
G1 X100.944 Y128.273 E.011
G1 X103.906 Y125.311 E.12485
G1 X103.979 Y124.752 E.0168
G1 X103.871 Y124.812 E.00369
G1 X100.982 Y127.702 E.1218
G1 X101.001 Y127.45 E.00753
G1 X101.098 Y127.052 E.01222
G1 X103.327 Y124.823 E.09396
SET_VELOCITY_LIMIT ACCEL=3000
G1 X102.793 Y125.027 F30000
SET_VELOCITY_LIMIT ACCEL=500
;TYPE:Gap infill
;WIDTH:0.222445
G1 F15000
G1 X102.573 Y125.198 E.00395
;WIDTH:0.270174
G1 X102.353 Y125.368 E.005
;WIDTH:0.317902
G1 X102.133 Y125.539 E.00605
;WIDTH:0.350078
G1 X101.73 Y125.93 E.01364
;WIDTH:0.337586
G1 X101.545 Y126.145 E.0066
;WIDTH:0.295976
G1 X101.36 Y126.359 E.00567
;WIDTH:0.251794
G1 X101.284 Y126.47 E.0022
;WIDTH:0.205044
G1 X101.209 Y126.58 E.00171
;WIDTH:0.158294
G1 X101.133 Y126.69 E.00122
;WIDTH:0.134919
G1 X101.058 Y126.8 E.00097
SET_VELOCITY_LIMIT ACCEL=3000
G1 E-.79199 F1800
;WIPE_START
G1 F30000
G1 X101.133 Y126.69 E-.00801
;WIPE_END
G1 X103.568 Y129.385 Z1.2
G1 Z.8
M73 P46 R7
G1 E.8 F1800
SET_VELOCITY_LIMIT ACCEL=500
;TYPE:Internal solid infill
;WIDTH:0.520295
G1 F13882.991
G1 X103.164 Y128.524 E.03588
G1 X102.726 Y128.961 E.02335
G1 X102.967 Y129.15 E.01156
G1 X103.233 Y129.294 E.01141
G1 X103.529 Y129.374 E.01156
SET_VELOCITY_LIMIT ACCEL=3000
G1 E-.728 F1800
;WIPE_START
G1 F30000
G1 X103.233 Y129.294 E-.01838
G1 X102.967 Y129.15 E-.01815
G1 X102.726 Y128.961 E-.01839
G1 X102.927 Y128.76 E-.01708
;WIPE_END
G1 X104.319 Y129.779 Z1.2
G1 Z.8
G1 E.8 F1800
SET_VELOCITY_LIMIT ACCEL=500
;WIDTH:0.419999
G1 F15000
G1 X103.922 Y129.144 E.02234
G1 X103.627 Y128.534 E.02019
G1 X103.346 Y127.737 E.02519
G1 X102.134 Y128.949 E.0511
G1 X102.386 Y129.235 E.01136
G1 X102.76 Y129.524 E.01408
G1 X103.112 Y129.704 E.01181
G1 X103.497 Y129.806 E.01185
G1 X103.872 Y129.841 E.01122
G1 X104.279 Y129.785 E.01227
SET_VELOCITY_LIMIT ACCEL=3000
G1 X104.931 Y129.971 F30000
SET_VELOCITY_LIMIT ACCEL=500
G1 F15000
G1 X104.532 Y129.429 E.02006
G1 X104.22 Y128.902 E.01825
G1 X103.946 Y128.321 E.01914
G1 X103.728 Y127.709 E.01937
G1 X103.556 Y126.994 E.02193
G1 X101.62 Y128.93 E.08161
G1 X102.098 Y129.487 E.02186
G1 X102.565 Y129.847 E.0176
G1 X103.006 Y130.066 E.01465
G1 X103.455 Y130.181 E.01383
G1 X103.913 Y130.216 E.01369
G1 X104.357 Y130.161 E.01332
G1 X104.893 Y129.984 E.01683
SET_VELOCITY_LIMIT ACCEL=3000
G1 X105.586 Y130.139 F30000
SET_VELOCITY_LIMIT ACCEL=500
G1 F15000
G1 X105.243 Y129.759 E.01526
G1 X104.855 Y129.235 E.01941
G1 X104.56 Y128.74 E.01718
G1 X104.301 Y128.193 E.01805
G1 X104.093 Y127.617 E.01824
G1 X103.936 Y126.985 E.01942
G1 X103.849 Y126.378 E.01827
G1 X103.842 Y126.175 E.00607
G1 X101.125 Y128.892 E.11453
G1 X101.77 Y129.683 E.03043
G1 X102.176 Y130.037 E.01604
G1 X102.628 Y130.314 E.01582
G1 X103.187 Y130.512 E.01766
G1 X103.726 Y130.591 E.01624
G1 X104.299 Y130.552 E.01709
G1 X104.801 Y130.427 E.01543
G1 X105.476 Y130.158 E.02166
G1 X105.546 Y130.146 E.00213
SET_VELOCITY_LIMIT ACCEL=3000
G1 E-.728 F1800
;WIPE_START
G1 F30000
G1 X105.476 Y130.158 E-.00429
G1 X104.801 Y130.427 E-.0436
G1 X104.411 Y130.524 E-.02411
;WIPE_END
G1 X108.829 Y132.721 Z1.2
G1 Z.8
G1 E.8 F1800
SET_VELOCITY_LIMIT ACCEL=500
;WIDTH:0.518953
G1 F13922.129
G1 X108.035 Y132.535 E.03068
G1 X108.147 Y132.999 E.01795
G1 X108.282 Y133.267 E.01131
G1 X108.801 Y132.749 E.02758
SET_VELOCITY_LIMIT ACCEL=3000
G1 E-.728 F1800
;WIPE_START
G1 F30000
G1 X108.282 Y133.267 E-.04397
G1 X108.147 Y132.999 E-.01804
G1 X108.108 Y132.837 E-.00998
;WIPE_END
G1 X109.411 Y131.995 Z1.2
G1 Z.8
G1 E.8 F1800
SET_VELOCITY_LIMIT ACCEL=500
;WIDTH:0.419999
G1 F15000
G1 X108.841 Y131.909 E.01718
G1 X108.252 Y131.762 E.01809
M73 P46 R6
G1 X107.637 Y131.541 E.01951
G1 X107.236 Y131.342 E.01331
G1 X107.233 Y131.82 E.01424
G1 X107.205 Y132.197 E.01128
G1 X107.243 Y132.723 E.01572
G1 X107.378 Y133.26 E.01651
G1 X107.629 Y133.756 E.01654
G1 X107.962 Y134.199 E.01652
G1 X108.246 Y134.44 E.01111
G1 X110.689 Y131.996 E.10301
G1 X110.03 Y132.028 E.01966
G1 X109.451 Y131.997 E.01727
SET_VELOCITY_LIMIT ACCEL=3000
G1 X109.761 Y132.391 F30000
SET_VELOCITY_LIMIT ACCEL=500
G1 F15000
G1 X108.804 Y132.286 E.02873
G1 X108.18 Y132.134 E.01913
G1 X107.601 Y131.93 E.01829
G1 X107.606 Y132.512 E.01734
G1 X107.708 Y133.024 E.01557
G1 X107.935 Y133.526 E.01645
G1 X108.228 Y133.925 E.01473
G1 X109.733 Y132.419 E.06345
SET_VELOCITY_LIMIT ACCEL=3000
G1 E-.728 F1800
;WIPE_START
G1 F30000
G1 X108.885 Y133.268 E-.072
;WIPE_END
G1 X112.725 Y133.567 Z1.2
G1 Z.8
G1 E.8 F1800
SET_VELOCITY_LIMIT ACCEL=500
;WIDTH:0.435197
G1 F15000
G1 X111.8 Y134.492 E.04058
G1 X111.332 Y134.811 E.01755
G1 X110.63 Y135.107 E.02361
G1 X112.762 Y132.976 E.09345
G1 X112.841 Y132.532 E.01396
G1 X112.841 Y132.342 E.00591
G1 X109.907 Y135.276 E.12865
G1 X109.475 Y135.152 E.01392
G1 X112.825 Y131.803 E.14688
G1 X112.777 Y131.32 E.01503
G1 X112.729 Y131.344 E.00165
G1 X109.079 Y134.994 E.16006
G1 X108.86 Y134.906 E.00731
G1 X108.703 Y134.815 E.00563
G1 X111.808 Y131.71 E.13613
G1 X111.09 Y131.873 E.02282
G1 X108.232 Y134.731 E.12533
SET_VELOCITY_LIMIT ACCEL=3000
G1 E-.728 F1800
;WIPE_START
G1 F30000
G1 X109.081 Y133.883 E-.072
;WIPE_END
G1 X114.856 Y129.529 Z1.2
G1 Z.8
G1 E.8 F1800
SET_VELOCITY_LIMIT ACCEL=500
;WIDTH:0.38292
G1 F15000
G1 X115.125 Y129.217 E.01109
SET_VELOCITY_LIMIT ACCEL=3000
G1 E-.77524 F1800
;WIPE_START
G1 F30000
G1 X114.856 Y129.529 E-.02476
;WIPE_END
G1 X115.623 Y128.567 Z1.2
G1 Z.8
G1 E.8 F1800
SET_VELOCITY_LIMIT ACCEL=500
;WIDTH:0.419999
G1 F15000
G1 X118.235 Y125.955 E.11011
G1 X118.003 Y125.707 E.01013
G1 X117.57 Y125.403 E.01576
G1 X117.019 Y125.144 E.01815
G1 X116.21 Y124.898 E.02521
G1 X116.272 Y125.655 E.02264
G1 X116.251 Y126.38 E.02162
G1 X116.16 Y127.004 E.01878
G1 X116.001 Y127.636 E.01942
G1 X115.792 Y128.21 E.01821
G1 X115.64 Y128.531 E.01059
SET_VELOCITY_LIMIT ACCEL=3000
G1 E-.728 F1800
;WIPE_START
G1 F30000
G1 X115.792 Y128.21 E-.02132
G1 X116.001 Y127.636 E-.03666
G1 X116.058 Y127.409 E-.01402
;WIPE_END
G1 X116.514 Y127.142 Z1.2
G1 Z.8
G1 E.8 F1800
SET_VELOCITY_LIMIT ACCEL=500
G1 F15000
G1 X117.706 Y125.951 E.05022
G1 X117.222 Y125.648 E.01701
G1 X116.638 Y125.42 E.01868
G1 X116.645 Y126.003 E.0174
G1 X116.523 Y127.103 E.03298
SET_VELOCITY_LIMIT ACCEL=3000
G1 E-.728 F1800
;WIPE_START
G1 F30000
G1 X116.645 Y126.003 E-.06639
G1 X116.644 Y125.91 E-.00561
;WIPE_END
G1 X117.083 Y125.974 Z1.2
G1 Z.8
G1 E.8 F1800
SET_VELOCITY_LIMIT ACCEL=500
;WIDTH:0.485424
G1 F14977.025
G1 X117.027 Y125.974 E.00193
G1 X117 Y126.022 E.00193
G1 X117.027 Y126.07 E.00193
G1 X117.09 Y126.057 E.00225
SET_VELOCITY_LIMIT ACCEL=3000
G1 E-.78618 F1800
;WIPE_START
G1 F30000
G1 X117.027 Y126.07 E-.00386
G1 X117 Y126.022 E-.00332
G1 X117.027 Y125.974 E-.00332
G1 X117.083 Y125.974 E-.00332
;WIPE_END
G1 X114.9 Y128.734 Z1.2
G1 Z.8
G1 E.8 F1800
SET_VELOCITY_LIMIT ACCEL=500
;TYPE:Top surface
;WIDTH:0.422526
G1 F12000
G1 X112.984 Y130.649 E.08859
SET_VELOCITY_LIMIT ACCEL=3000
G1 E-.728 F1800
;WIPE_START
G1 F30000
G1 X113.833 Y129.801 E-.072
;WIPE_END
G1 X111.961 Y131.136 Z1.2
G1 Z.8
G1 E.8 F1800
SET_VELOCITY_LIMIT ACCEL=500
G1 F12000
G1 X115.387 Y127.71 E.15846
SET_VELOCITY_LIMIT ACCEL=3000
G1 X115.604 Y126.956 F30000
SET_VELOCITY_LIMIT ACCEL=500
G1 F12000
G1 X111.207 Y131.353 E.20337
SET_VELOCITY_LIMIT ACCEL=3000
G1 X110.574 Y131.449 F30000
M73 P47 R6
SET_VELOCITY_LIMIT ACCEL=500
G1 F12000
G1 X115.699 Y126.324 E.23706
SET_VELOCITY_LIMIT ACCEL=3000
G1 X115.723 Y125.763 F30000
SET_VELOCITY_LIMIT ACCEL=500
G1 F12000
G1 X110.013 Y131.473 E.2641
SET_VELOCITY_LIMIT ACCEL=3000
G1 X109.502 Y131.448 F30000
SET_VELOCITY_LIMIT ACCEL=500
G1 F12000
G1 X115.698 Y125.251 E.28661
SET_VELOCITY_LIMIT ACCEL=3000
G1 X115.63 Y124.783 F30000
SET_VELOCITY_LIMIT ACCEL=500
G1 F12000
G1 X109.033 Y131.379 E.30509
SET_VELOCITY_LIMIT ACCEL=3000
G1 X108.597 Y131.279 F30000
SET_VELOCITY_LIMIT ACCEL=500
G1 F12000
G1 X115.53 Y124.346 E.32066
SET_VELOCITY_LIMIT ACCEL=3000
G1 X115.403 Y123.935 F30000
SET_VELOCITY_LIMIT ACCEL=500
G1 F12000
G1 X108.186 Y131.153 E.33382
SET_VELOCITY_LIMIT ACCEL=3000
G1 X107.798 Y131.004 F30000
SET_VELOCITY_LIMIT ACCEL=500
G1 F12000
G1 X115.255 Y123.547 E.34493
SET_VELOCITY_LIMIT ACCEL=3000
G1 X115.083 Y123.182 F30000
SET_VELOCITY_LIMIT ACCEL=500
G1 F12000
G1 X107.433 Y130.832 E.35382
SET_VELOCITY_LIMIT ACCEL=3000
G1 X107.093 Y130.636 F30000
SET_VELOCITY_LIMIT ACCEL=500
G1 F12000
G1 X114.886 Y122.842 E.36046
SET_VELOCITY_LIMIT ACCEL=3000
G1 X114.674 Y122.518 F30000
SET_VELOCITY_LIMIT ACCEL=500
G1 F12000
G1 X106.769 Y130.423 E.36563
SET_VELOCITY_LIMIT ACCEL=3000
G1 X106.46 Y130.194 F30000
SET_VELOCITY_LIMIT ACCEL=500
G1 F12000
G1 X114.445 Y122.21 E.36931
SET_VELOCITY_LIMIT ACCEL=3000
G1 X114.191 Y121.927 F30000
SET_VELOCITY_LIMIT ACCEL=500
G1 F12000
G1 X106.178 Y129.94 E.37061
SET_VELOCITY_LIMIT ACCEL=3000
G1 X105.909 Y129.672 F30000
SET_VELOCITY_LIMIT ACCEL=500
G1 F12000
G1 X113.922 Y121.659 E.37061
SET_VELOCITY_LIMIT ACCEL=3000
G1 X113.64 Y121.404 F30000
SET_VELOCITY_LIMIT ACCEL=500
G1 F12000
G1 X105.655 Y129.389 E.36931
SET_VELOCITY_LIMIT ACCEL=3000
G1 X105.426 Y129.081 F30000
SET_VELOCITY_LIMIT ACCEL=500
G1 F12000
G1 X113.331 Y121.176 E.36562
SET_VELOCITY_LIMIT ACCEL=3000
G1 X113.007 Y120.963 F30000
SET_VELOCITY_LIMIT ACCEL=500
G1 F12000
G1 X105.214 Y128.757 E.36046
SET_VELOCITY_LIMIT ACCEL=3000
G1 X105.017 Y128.416 F30000
SET_VELOCITY_LIMIT ACCEL=500
G1 F12000
G1 X112.667 Y120.767 E.35381
SET_VELOCITY_LIMIT ACCEL=3000
G1 X112.302 Y120.594 F30000
SET_VELOCITY_LIMIT ACCEL=500
G1 F12000
G1 X104.845 Y128.052 E.34493
SET_VELOCITY_LIMIT ACCEL=3000
G1 X104.697 Y127.663 F30000
SET_VELOCITY_LIMIT ACCEL=500
G1 F12000
G1 X111.914 Y120.446 E.33382
SET_VELOCITY_LIMIT ACCEL=3000
G1 X111.503 Y120.32 F30000
SET_VELOCITY_LIMIT ACCEL=500
G1 F12000
G1 X104.57 Y127.253 E.32065
SET_VELOCITY_LIMIT ACCEL=3000
G1 X104.47 Y126.816 F30000
SET_VELOCITY_LIMIT ACCEL=500
G1 F12000
G1 X111.066 Y120.22 E.30509
SET_VELOCITY_LIMIT ACCEL=3000
G1 X110.598 Y120.151 F30000
SET_VELOCITY_LIMIT ACCEL=500
G1 F12000
G1 X104.402 Y126.348 E.28661
SET_VELOCITY_LIMIT ACCEL=3000
G1 X104.377 Y125.836 F30000
SET_VELOCITY_LIMIT ACCEL=500
G1 F12000
G1 X110.087 Y120.126 E.2641
SET_VELOCITY_LIMIT ACCEL=3000
G1 X109.526 Y120.15 F30000
SET_VELOCITY_LIMIT ACCEL=500
G1 F12000
G1 X104.401 Y125.275 E.23705
SET_VELOCITY_LIMIT ACCEL=3000
G1 X104.496 Y124.643 F30000
SET_VELOCITY_LIMIT ACCEL=500
G1 F12000
G1 X108.893 Y120.246 E.20337
SET_VELOCITY_LIMIT ACCEL=3000
G1 X108.139 Y120.463 F30000
SET_VELOCITY_LIMIT ACCEL=500
G1 F12000
G1 X104.713 Y123.889 E.15845
SET_VELOCITY_LIMIT ACCEL=3000
G1 E-.728 F1800
;WIPE_START
G1 F30000
G1 X105.562 Y123.04 E-.072
;WIPE_END
G1 X105.2 Y122.865 Z1.2
G1 Z.8
G1 E.8 F1800
SET_VELOCITY_LIMIT ACCEL=500
G1 F12000
G1 X107.115 Y120.95 E.08858
SET_VELOCITY_LIMIT ACCEL=3000
G1 E-.728 F1800
M73 P48 R6
;WIPE_START
G1 F30000
G1 X106.267 Y121.798 E-.072
;WIPE_END
G1 X113.608 Y119.709 Z1.2
G1 X114.604 Y119.426 Z1.2
G1 Z.8
G1 E.8 F1800
SET_VELOCITY_LIMIT ACCEL=500
;TYPE:Internal solid infill
;WIDTH:0.50865
G1 F14230.118
G1 X114.546 Y119.426 E.00214
G1 X114.517 Y119.476 E.00214
G1 X114.546 Y119.526 E.00214
G1 X114.604 Y119.526 E.00214
G1 X114.613 Y119.511 E.00067
SET_VELOCITY_LIMIT ACCEL=3000
G1 E-.78494 F1800
;WIPE_START
G1 F30000
G1 X114.604 Y119.526 E-.00109
G1 X114.546 Y119.526 E-.00349
G1 X114.517 Y119.476 E-.00349
G1 X114.546 Y119.426 E-.00349
G1 X114.604 Y119.426 E-.00349
;WIPE_END
G1 X115.444 Y120.803 Z1.2
G1 Z.8
G1 E.8 F1800
SET_VELOCITY_LIMIT ACCEL=500
;WIDTH:0.419999
G1 F15000
G1 X115.463 Y120.503 E.00897
G1 X115.401 Y120.125 E.01139
G1 X115.231 Y119.734 E.01273
G1 X114.855 Y119.129 E.02122
G1 X114.371 Y118.994 E.01499
G1 X113.872 Y118.91 E.01508
G1 X113.469 Y118.944 E.01205
G1 X113.063 Y119.092 E.01288
G1 X113.563 Y119.334 E.01658
G1 X114.101 Y119.657 E.0187
G1 X114.652 Y120.058 E.0203
G1 X115.19 Y120.534 E.02139
G1 X115.416 Y120.774 E.00984
SET_VELOCITY_LIMIT ACCEL=3000
G1 X115.58 Y121.548 F30000
SET_VELOCITY_LIMIT ACCEL=500
G1 F15000
G1 X115.728 Y121.236 E.01031
G1 X115.819 Y120.836 E.01222
G1 X115.839 Y120.526 E.00925
G1 X115.757 Y120.001 E.01586
G1 X115.608 Y119.626 E.01202
G1 X115.106 Y118.819 E.02833
G1 X114.618 Y118.665 E.01525
G1 X114.127 Y118.556 E.01499
G1 X113.637 Y118.545 E.01461
G1 X113.361 Y118.583 E.0083
G1 X113.02 Y118.691 E.01067
G1 X112.59 Y118.941 E.01481
G1 X112.307 Y119.199 E.01144
G1 X113.031 Y119.494 E.0233
G1 X113.51 Y119.742 E.01609
G1 X113.984 Y120.032 E.01653
G1 X114.497 Y120.418 E.01914
G1 X115.003 Y120.879 E.02042
G1 X115.556 Y121.516 E.02515
SET_VELOCITY_LIMIT ACCEL=3000
G1 X115.574 Y122.181 F30000
SET_VELOCITY_LIMIT ACCEL=500
G1 F15000
G1 X115.621 Y122.161 E.00152
G1 X115.875 Y121.803 E.01307
G1 X116.092 Y121.333 E.01542
G1 X116.196 Y120.86 E.01446
G1 X116.215 Y120.55 E.00925
G1 X116.156 Y120.045 E.01515
G1 X115.99 Y119.525 E.01627
G1 X115.387 Y118.555 E.03405
G1 X115.269 Y118.476 E.00422
G1 X114.705 Y118.298 E.01763
G1 X114.163 Y118.181 E.01651
G1 X113.612 Y118.169 E.01645
G1 X113.254 Y118.221 E.01077
G1 X112.851 Y118.354 E.01265
G1 X112.432 Y118.583 E.01422
G1 X112.091 Y118.871 E.0133
G1 X111.679 Y119.405 E.02011
G1 X112.284 Y119.591 E.01886
G1 X112.871 Y119.835 E.01895
G1 X113.316 Y120.066 E.01494
G1 X113.759 Y120.334 E.01544
G1 X114.244 Y120.698 E.01807
G1 X114.724 Y121.133 E.01932
G1 X115.161 Y121.617 E.01942
G1 X115.551 Y122.149 E.01965
SET_VELOCITY_LIMIT ACCEL=3000
G1 X115.51 Y122.841 F30000
SET_VELOCITY_LIMIT ACCEL=500
G1 F15000
G1 X115.926 Y122.382 E.01848
G1 X116.213 Y121.97 E.01494
G1 X116.459 Y121.423 E.01789
G1 X116.572 Y120.883 E.01644
G1 X116.592 Y120.574 E.00925
G1 X116.528 Y119.985 E.01765
G1 X116.332 Y119.361 E.01948
G1 X115.678 Y118.31 E.03689
G1 X115.515 Y118.164 E.00652
G1 X115.013 Y117.984 E.01591
G1 X114.298 Y117.815 E.02189
G1 X113.75 Y117.781 E.01636
G1 X113.169 Y117.853 E.01744
G1 X112.682 Y118.017 E.01534
G1 X112.193 Y118.291 E.0167
G1 X111.805 Y118.626 E.01528
G1 X111.459 Y119.041 E.01611
G1 X111.193 Y119.473 E.01512
G1 X111.042 Y119.657 E.00709
G1 X111.779 Y119.819 E.0225
G1 X112.406 Y120.034 E.01975
G1 X112.981 Y120.304 E.01894
G1 X113.534 Y120.637 E.01925
G1 X113.992 Y120.978 E.01701
G1 X114.446 Y121.388 E.01822
G1 X114.859 Y121.841 E.01829
G1 X115.245 Y122.364 E.01936
G1 X115.49 Y122.806 E.01508
SET_VELOCITY_LIMIT ACCEL=3000
G1 E-.728 F1800
;WIPE_START
G1 F30000
G1 X115.245 Y122.364 E-.03035
G1 X114.859 Y121.841 E-.03898
G1 X114.829 Y121.809 E-.00267
;WIPE_END
G1 X117.5 Y128.958 Z1.2
G1 X117.893 Y130.011 Z1.2
G1 Z.8
G1 E.8 F1800
SET_VELOCITY_LIMIT ACCEL=500
;WIDTH:0.401895
G1 F15000
G1 X118.318 Y129.598 E.01681
G1 X118.764 Y129.105 E.01887
SET_VELOCITY_LIMIT ACCEL=3000
G1 E-.728 F1800
;WIPE_START
G1 F30000
G1 X118.318 Y129.598 E-.0399
G1 X117.934 Y129.971 E-.0321
;WIPE_END
G1 X116.93 Y130.726 Z1.2
G1 Z.8
G1 E.8 F1800
SET_VELOCITY_LIMIT ACCEL=500
;WIDTH:0.420001
G1 F15000
G1 X119.029 Y128.627 E.08845
G1 X119.054 Y128.347 E.00839
G1 X119.037 Y128.086 E.0078
G1 X116.489 Y130.634 E.1074
G1 X116.359 Y130.658 E.00393
G1 X115.948 Y130.641 E.01225
G1 X119.004 Y127.586 E.12879
G1 X118.926 Y127.131 E.01376
G1 X115.488 Y130.568 E.14488
G1 X115.227 Y130.51 E.00797
G1 X115.075 Y130.448 E.0049
G1 X118.791 Y126.732 E.15664
G1 X118.712 Y126.52 E.00673
G1 X118.617 Y126.373 E.00524
G1 X114.558 Y130.432 E.17107
SET_VELOCITY_LIMIT ACCEL=3000
G1 E-.728 F1800
;WIPE_START
G1 F30000
G1 X115.407 Y129.583 E-.072
;WIPE_END
G1 X118.389 Y125.843 Z1.2
G1 Z.8
G1 E.8 F1800
SET_VELOCITY_LIMIT ACCEL=500
;TYPE:Gap infill
;WIDTH:0.419176
G1 F15000
G1 X118.362 Y126.094 E.0075
G1 X115.226 Y129.245 E.13221
;WIDTH:0.37655
G1 X115.019 Y129.485 E.00836
;WIDTH:0.328949
G1 X114.803 Y129.734 E.00746
;WIDTH:0.297509
G1 X114.263 Y130.289 E.01558
M106 S250
;LAYER_CHANGE
;Z:1
;HEIGHT:0.2
;BEFORE_LAYER_CHANGE
;1
G92 E0

G1 E-.75354 F1800
;WIPE_START
G1 F30000
G1 X114.803 Y129.734 E-.04646
;WIPE_END
M73 L5
;LAYER:5
SET_PRINT_STATS_INFO TOTAL_LAYER=16 CURRENT_LAYER=5
;_SET_FAN_SPEED_CHANGING_LAYER
SET_VELOCITY_LIMIT ACCEL=3000

G1 X115.857 Y129.804 Z1.05714
G1 X116.459 Y130.672 Z1.11429
G1 X116.156 Y131.684 Z1.17143
G1 X115.177 Y132.078 Z1.22857
G1 X114.258 Y131.557 Z1.28571
G1 X114.091 Y130.515 Z1.34286
G1 X114.803 Y129.734 Z1.4
G1 X144.033 Y117.978 Z1.4
G1 Z1
G1 E.8 F1800
SET_VELOCITY_LIMIT ACCEL=500
;TYPE:Inner wall
;WIDTH:0.449999
G1 F12000
G1 X144.415 Y118.274 E.01554
G1 X144.818 Y118.762 E.02038
G1 X145.164 Y119.365 E.02237
G1 X145.372 Y119.585 E.00974
G1 X145.874 Y119.807 E.01764
G1 X146.162 Y119.845 E.00935
G1 X146.451 Y119.733 E.01001
G1 X146.662 Y119.502 E.01005
G1 X147.434 Y118.438 E.0423
G1 X147.82 Y118.072 E.01713
G1 X148.255 Y117.785 E.01676
G1 X148.731 Y117.565 E.01687
G1 X149.193 Y117.434 E.01547
G1 X149.647 Y117.379 E.01471
G1 X150.038 Y117.393 E.01257
G1 X149.744 Y117.522 E.01033
G1 X149.433 Y117.735 E.01213
G1 X149.17 Y118.004 E.01211
G1 X148.964 Y118.319 E.01211
G1 X148.809 Y118.739 E.01441
G1 X148.755 Y119.036 E.0097
G1 X148.772 Y119.495 E.01478
G1 X148.919 Y119.99 E.01662
G1 X149.191 Y120.43 E.01664
G1 X149.48 Y120.713 E.013
G1 X149.781 Y120.909 E.01156
G1 X150.13 Y121.049 E.0121
G1 X150.5 Y121.118 E.01211
G1 X150.877 Y121.114 E.01211
G1 X151.27 Y121.026 E.01297
G1 X151.718 Y120.807 E.01604
G1 X152.113 Y120.468 E.01674
G1 X152.369 Y120.094 E.01458
G1 X152.543 Y119.592 E.01711
G1 X152.588 Y119.054 E.01737
G1 X152.82 Y119.53 E.01705
G1 X152.944 Y119.995 E.01549
G1 X152.988 Y120.595 E.01934
G1 X152.963 Y120.909 E.01016
G1 X152.851 Y121.486 E.01889
G1 X152.626 Y122.045 E.0194
G1 X152.355 Y122.479 E.01646
G1 X151.993 Y122.894 E.01772
G1 X151.678 Y123.297 E.01645
G1 X151.653 Y123.62 E.01044
G1 X151.781 Y124.133 E.017
G1 X151.934 Y124.364 E.00892
G1 X152.216 Y124.514 E.01028
G1 X153.123 Y124.761 E.03027
G1 X153.595 Y124.96 E.01647
G1 X154.096 Y125.285 E.01921
G1 X154.476 Y125.618 E.01626
G1 X154.79 Y126.011 E.01617
G1 X155.064 Y126.498 E.01798
G1 X155.252 Y127.043 E.01855
G1 X155.343 Y127.599 E.01815
G1 X155.388 Y128.393 E.02557
G1 X155.318 Y128.863 E.01529
G1 X155.182 Y129.114 E.00918
G1 X154.888 Y129.512 E.01594
G1 X154.943 Y129.063 E.01456
G1 X154.884 Y128.566 E.01612
G1 X154.685 Y128.085 E.01673
G1 X154.333 Y127.651 E.01799
G1 X153.924 Y127.357 E.0162
G1 X153.436 Y127.188 E.01664
G1 X152.849 Y127.143 E.01891
G1 X152.24 Y127.31 E.02032
G1 X151.794 Y127.583 E.01683
G1 X151.531 Y127.852 E.01211
G1 X151.271 Y128.298 E.0166
G1 X151.143 Y128.733 E.01461
G1 X151.12 Y129.263 E.01706
G1 X151.198 Y129.631 E.01211
G1 X151.346 Y129.977 E.01211
G1 X151.522 Y130.236 E.01009
G1 X151.785 Y130.511 E.01223
G1 X152.142 Y130.757 E.01395
G1 X152.492 Y130.897 E.01211
G1 X152.775 Y130.936 E.0092
G1 X152.147 Y130.99 E.02028
G1 X151.647 Y130.948 E.01614
G1 X151.114 Y130.819 E.01766
M73 P49 R6
G1 X150.397 Y130.548 E.02464
G1 X149.919 Y130.451 E.0157
G1 X149.606 Y130.594 E.01107
G1 X149.221 Y131.013 E.0183
G1 X149.102 Y131.342 E.01126
G1 X149.176 Y131.999 E.02128
G1 X142.829 Y131.999 E.20421
G1 X142.858 Y131.69 E.01
G1 X142.838 Y131.099 E.01901
G1 X142.707 Y130.755 E.01184
G1 X142.433 Y130.57 E.01064
G1 X141.821 Y130.501 E.01982
G1 X141.555 Y130.54 E.00865
G1 X141.053 Y130.757 E.01761
G1 X140.522 Y130.917 E.01783
G1 X140.015 Y130.984 E.01646
G1 X139.496 Y130.974 E.0167
G1 X139.005 Y130.883 E.01607
G1 X138.329 Y130.611 E.02344
G1 X138.039 Y130.431 E.01101
G1 X138.691 Y130.461 E.021
G1 X139.112 Y130.366 E.01389
G1 X139.609 Y130.101 E.01815
G1 X139.987 Y129.749 E.0166
G1 X140.25 Y129.299 E.01679
G1 X140.392 Y128.781 E.01726
G1 X140.394 Y128.373 E.01313
G1 X140.316 Y127.975 E.01306
G1 X140.168 Y127.629 E.01211
G1 X139.956 Y127.318 E.01211
G1 X139.702 Y127.07 E.01144
G1 X139.313 Y126.824 E.0148
G1 X138.901 Y126.688 E.01397
G1 X138.342 Y126.642 E.01802
G1 X137.871 Y126.734 E.01547
G1 X137.408 Y126.97 E.01673
G1 X136.996 Y127.343 E.01787
G1 X136.782 Y127.667 E.01248
G1 X136.624 Y128.097 E.01476
G1 X136.676 Y127.387 E.0229
G1 X136.799 Y126.858 E.01749
G1 X136.928 Y126.531 E.0113
G1 X137.197 Y126.035 E.01817
G1 X137.532 Y125.609 E.01744
G1 X137.871 Y125.298 E.01481
G1 X138.33 Y124.997 E.01766
G1 X138.988 Y124.733 E.02279
G1 X139.545 Y124.617 E.01833
G1 X140.026 Y124.349 E.01772
G1 X140.324 Y124.087 E.01276
G1 X140.398 Y123.718 E.01212
G1 X140.13 Y123.075 E.02241
G1 X139.728 Y122.596 E.0201
G1 X139.377 Y122.055 E.02077
G1 X139.131 Y121.472 E.02037
G1 X139.02 Y120.849 E.02035
G1 X139.019 Y120.216 E.02036
G1 X139.157 Y119.599 E.02035
G1 X139.405 Y119.006 E.02068
G1 X139.759 Y118.436 E.02158
G1 X140.132 Y117.935 E.02009
G1 X140.409 Y117.751 E.0107
G1 X140.87 Y117.604 E.01558
G1 X141.516 Y117.453 E.02134
G1 X142.109 Y117.373 E.01926
G1 X142.742 Y117.427 E.02044
G1 X143.355 Y117.592 E.02042
G1 X143.915 Y117.885 E.02033
G1 X144.002 Y117.953 E.00356
SET_VELOCITY_LIMIT ACCEL=3000
G1 E-.728 F1800
;WIPE_START
G1 F30000
G1 X144.415 Y118.274 E-.03138
G1 X144.818 Y118.762 E-.038
G1 X144.84 Y118.8 E-.00261
;WIPE_END
G1 X149.196 Y125.067 Z1.4
G1 X151.599 Y128.524 Z1.4
G1 Z1
G1 E.8 F1800
SET_VELOCITY_LIMIT ACCEL=500
;TYPE:Outer wall
;WIDTH:0.419999
G1 F9600
G1 X151.581 Y128.568 E.00141
G1 X151.509 Y128.885 E.0097
G1 X151.505 Y129.185 E.00894
G1 X151.56 Y129.48 E.00894
G1 X151.671 Y129.758 E.00894
G1 X151.835 Y130.009 E.00894
G1 X152.044 Y130.224 E.00894
G1 X152.274 Y130.382 E.0083
G1 X152.553 Y130.506 E.0091
G1 X152.897 Y130.577 E.01048
;WIDTH:0.469948
G1 X153.181 Y130.574 E.00958
;WIDTH:0.519896
G1 X153.465 Y130.571 E.0107
G1 X153.904 Y130.35 E.01853
;WIDTH:0.514786
G1 X154.262 Y130.036 E.01778
G1 X154.374 Y129.775 E.01057
;WIDTH:0.467393
G1 X154.487 Y129.515 E.00951
;WIDTH:0.419999
G1 X154.552 Y129.087 E.01291
G1 X154.497 Y128.627 E.0138
G1 X154.368 Y128.316 E.01003
G1 X154.076 Y127.946 E.01406
G1 X153.766 Y127.714 E.01156
G1 X153.469 Y127.588 E.00959
G1 X152.956 Y127.529 E.0154
G1 X152.505 Y127.621 E.01371
G1 X152.073 Y127.86 E.01472
G1 X151.858 Y128.069 E.00894
G1 X151.689 Y128.316 E.00894
G1 X151.615 Y128.488 E.00555
SET_VELOCITY_LIMIT ACCEL=3000
G1 E-.728 F1800
;WIPE_START
G1 F30000
G1 X151.581 Y128.568 E-.00524
G1 X151.509 Y128.885 E-.01953
G1 X151.505 Y129.185 E-.01799
G1 X151.56 Y129.48 E-.01799
G1 X151.63 Y129.654 E-.01125
;WIPE_END
G1 X145.083 Y133.577 Z1.4
G1 X144.273 Y134.062 Z1.4
G1 Z1
G1 E.8 F1800
SET_VELOCITY_LIMIT ACCEL=500
;TYPE:Inner wall
;WIDTH:0.449999
G1 F12000
G1 X148.625 Y134.062 E.14002
G1 X148.48 Y134.286 E.00857
G1 X148.02 Y134.742 E.02086
G1 X147.536 Y135.073 E.01888
G1 X147.053 Y135.298 E.01712
G1 X146.512 Y135.507 E.01865
G1 X145.926 Y135.623 E.01923
G1 X145.445 Y135.497 E.016
G1 X144.715 Y135.204 E.02533
G1 X144.156 Y134.879 E.0208
G1 X143.675 Y134.469 E.02034
G1 X143.369 Y134.062 E.01638
G1 X144.233 Y134.062 E.02781
SET_VELOCITY_LIMIT ACCEL=3000
G1 E-.728 F1800
;WIPE_START
G1 F30000
G1 X145.433 Y134.062 E-.072
;WIPE_END
G1 X139.047 Y129.882 Z1.4
G1 X136.897 Y128.475 Z1.4
G1 Z1
G1 E.8 F1800
SET_VELOCITY_LIMIT ACCEL=500
;TYPE:Outer wall
;WIDTH:0.601014
G1 F9600
G1 X136.871 Y128.546 E.00333
G1 X136.942 Y128.987 E.01971
;WIDTH:0.569668
G1 X137.024 Y129.152 E.00766
;WIDTH:0.542756
G1 X137.106 Y129.316 E.00727
;WIDTH:0.515843
G1 X137.47 Y129.755 E.02129
;WIDTH:0.521807
G1 X137.761 Y129.957 E.01345
G1 X137.947 Y129.996 E.00716
;WIDTH:0.487871
G1 X138.132 Y130.034 E.00666
;WIDTH:0.453935
G1 X138.317 Y130.073 E.00615
;WIDTH:0.419999
G1 X138.617 Y130.076 E.00894
G1 X138.919 Y130.02 E.00917
G1 X139.359 Y129.802 E.01463
G1 X139.656 Y129.537 E.01185
G1 X139.887 Y129.15 E.01344
G1 X140.005 Y128.721 E.01327
G1 X140.009 Y128.458 E.00783
G1 X139.954 Y128.126 E.01002
G1 X139.836 Y127.834 E.00939
G1 X139.538 Y127.45 E.0145
G1 X139.223 Y127.213 E.01176
G1 X138.926 Y127.087 E.0096
G1 X138.413 Y127.028 E.01539
G1 X138.063 Y127.083 E.01056
G1 X137.786 Y127.193 E.0089
G1 X137.412 Y127.471 E.01388
G1 X137.128 Y127.848 E.01406
;WIDTH:0.465253
G1 X137.064 Y128.023 E.0062
;WIDTH:0.510507
G1 X137 Y128.197 E.00687
;WIDTH:0.555761
G1 X136.936 Y128.371 E.00753
;WIDTH:0.601014
G1 X136.911 Y128.437 E.0031
SET_VELOCITY_LIMIT ACCEL=3000
G1 E-.728 F1800
;WIPE_START
G1 F30000
G1 X136.871 Y128.546 E-.00693
G1 X136.942 Y128.987 E-.02681
G1 X137.024 Y129.152 E-.01103
G1 X137.106 Y129.316 E-.01103
G1 X137.278 Y129.524 E-.01619
;WIPE_END
G1 X143.448 Y125.032 Z1.4
G1 X149.766 Y120.432 Z1.4
G1 Z1
G1 E.8 F1800
SET_VELOCITY_LIMIT ACCEL=500
;WIDTH:0.419999
G1 F9600
G1 X149.93 Y120.545 E.00595
G1 X150.206 Y120.663 E.00894
G1 X150.499 Y120.725 E.00894
G1 X150.799 Y120.729 E.00894
G1 X151.087 Y120.675 E.00874
G1 X151.501 Y120.481 E.01363
G1 X151.838 Y120.19 E.01327
G1 X152.075 Y119.789 E.01388
G1 X152.191 Y119.337 E.01391
;WIDTH:0.465598
G1 X152.19 Y119.13 E.0069
;WIDTH:0.511196
G1 X152.189 Y118.924 E.00764
;WIDTH:0.556794
G1 X152.188 Y118.717 E.00838
G1 X151.908 Y118.218 E.02326
;WIDTH:0.531893
G1 X151.691 Y117.996 E.01201
;WIDTH:0.530079
G1 X151.431 Y117.826 E.01196
;WIDTH:0.513915
G1 X151.113 Y117.703 E.01269
;WIDTH:0.530468
G1 X150.601 Y117.626 E.01995
G1 X150.535 Y117.648 E.00269
;WIDTH:0.490811
G1 X150.249 Y117.748 E.01072
;WIDTH:0.455405
G1 X149.963 Y117.848 E.00988
;WIDTH:0.419999
G1 X149.711 Y118.011 E.00894
G1 X149.497 Y118.221 E.00894
G1 X149.327 Y118.468 E.00894
G1 X149.227 Y118.701 E.00755
G1 X149.147 Y119.037 E.0103
G1 X149.147 Y119.373 E.01003
G1 X149.278 Y119.833 E.01424
G1 X149.473 Y120.161 E.01138
G1 X149.683 Y120.376 E.00894
G1 X149.733 Y120.41 E.0018
SET_VELOCITY_LIMIT ACCEL=3000
G1 E-.728 F1800
;WIPE_START
G1 F30000
G1 X149.93 Y120.545 E-.01437
G1 X150.206 Y120.663 E-.01799
G1 X150.499 Y120.725 E-.01799
G1 X150.799 Y120.729 E-.01799
G1 X150.859 Y120.718 E-.00367
;WIPE_END
G1 X144.273 Y117.668 Z1.4
G1 Z1
G1 E.8 F1800
SET_VELOCITY_LIMIT ACCEL=500
G1 F9600
G1 X144.689 Y117.991 E.01569
G1 X145.155 Y118.559 E.0219
G1 X145.508 Y119.177 E.0212
G1 X145.6 Y119.263 E.00377
G1 X146.086 Y119.461 E.01565
G1 X146.231 Y119.413 E.00455
G1 X146.574 Y118.993 E.01617
G1 X146.841 Y118.548 E.01545
G1 X147.188 Y118.12 E.01642
G1 X147.582 Y117.76 E.0159
G1 X148.096 Y117.421 E.01837
G1 X148.616 Y117.188 E.01697
G1 X149.132 Y117.045 E.01595
G1 X149.641 Y116.983 E.0153
G1 X150.141 Y116.996 E.01491
;WIDTH:0.456822
G1 X150.324 Y117.047 E.00619
;WIDTH:0.493645
G1 X150.506 Y117.097 E.00674
;WIDTH:0.530468
G1 X151.499 Y117.345 E.03944
;WIDTH:0.532154
G1 X151.953 Y117.579 E.01977
G1 X152.312 Y117.943 E.01976
;WIDTH:0.556794
G1 X152.647 Y118.488 E.02598
G1 X152.726 Y118.583 E.00501
;WIDTH:0.516578
G1 X152.806 Y118.677 E.00462
;WIDTH:0.476362
G1 X152.885 Y118.771 E.00422
;WIDTH:0.436145
G1 X153.099 Y119.163 E.01386
;WIDTH:0.419999
G1 X153.291 Y119.752 E.01848
G1 X153.382 Y120.343 E.01782
G1 X153.379 Y120.869 E.01567
G1 X153.289 Y121.402 E.01612
G1 X153.097 Y121.968 E.01781
G1 X152.78 Y122.559 E.01998
G1 X152.472 Y122.958 E.01505
G1 X152.084 Y123.373 E.01693
G1 X152.032 Y123.497 E.004
G1 X152.146 Y123.99 E.0151
G1 X152.245 Y124.114 E.00472
G1 X153.041 Y124.333 E.02458
G1 X153.597 Y124.527 E.01756
G1 X154.02 Y124.747 E.01423
G1 X154.488 Y125.079 E.0171
G1 X154.883 Y125.481 E.01678
G1 X155.231 Y125.972 E.01796
G1 X155.519 Y126.567 E.01969
G1 X155.672 Y127.089 E.01621
G1 X155.738 Y127.598 E.01531
G1 X155.785 Y128.463 E.02581
G1 X155.731 Y128.871 E.01228
G1 X155.534 Y129.324 E.01473
G1 X155.33 Y129.591 E.00999
;WIDTH:0.4522
G1 X154.833 Y130.165 E.02457
;WIDTH:0.497764
G1 X154.342 Y130.591 E.02338
;WIDTH:0.499806
G1 X153.952 Y130.855 E.01701
G1 X153.643 Y131.017 E.0126
;WIDTH:0.473585
G1 X153.334 Y131.179 E.01188
;WIDTH:0.447364
G1 X152.838 Y131.324 E.01652
;WIDTH:0.419999
G1 X152.133 Y131.384 E.0211
G1 X151.507 Y131.329 E.0187
G1 X151.006 Y131.201 E.01542
G1 X150.515 Y131 E.01582
G1 X149.996 Y130.837 E.01622
G1 X149.857 Y130.896 E.00449
G1 X149.499 Y131.301 E.01611
G1 X149.584 Y132.36 E.03166
G1 X149.49 Y133.065 E.02121
G1 X149.274 Y133.742 E.02116
G1 X148.914 Y134.356 E.02121
G1 X148.453 Y134.895 E.02116
G1 X147.884 Y135.322 E.0212
G1 X147.411 Y135.569 E.01589
G1 X146.845 Y135.806 E.01831
G1 X146.338 Y135.982 E.01599
G1 X145.896 Y136.019 E.01323
G1 X145.453 Y135.922 E.01349
G1 X144.712 Y135.625 E.02382
G1 X144.123 Y135.337 E.01954
M73 P50 R6
G1 X143.562 Y134.901 E.02118
G1 X143.086 Y134.372 E.02119
G1 X142.738 Y133.753 E.02117
G1 X142.504 Y133.082 E.0212
G1 X142.422 Y132.376 E.02118
G1 X142.468 Y131.651 E.02165
G1 X142.446 Y131.115 E.01599
G1 X142.403 Y131.002 E.0036
G1 X142.275 Y130.935 E.0043
G1 X141.706 Y130.901 E.01698
G1 X141.233 Y131.11 E.01541
G1 X140.71 Y131.28 E.01641
G1 X140.216 Y131.366 E.01495
G1 X139.62 Y131.377 E.01775
G1 X139.073 Y131.301 E.01647
G1 X138.581 Y131.156 E.01529
G1 X138.054 Y130.914 E.01727
;WIDTH:0.443327
G1 X137.624 Y130.609 E.01668
;WIDTH:0.476218
G1 X137.376 Y130.34 E.01254
;WIDTH:0.509108
G1 X137.128 Y130.071 E.01349
;WIDTH:0.515843
G1 X136.73 Y129.602 E.02301
;WIDTH:0.542756
G1 X136.598 Y129.395 E.00968
;WIDTH:0.569668
G1 X136.467 Y129.188 E.0102
;WIDTH:0.59744
G1 X136.319 Y128.698 E.02242
G1 X136.296 Y128.553 E.00644
;WIDTH:0.55308
G1 X136.272 Y128.408 E.00593
;WIDTH:0.50872
G1 X136.249 Y128.263 E.00541
;WIDTH:0.46436
G1 X136.225 Y128.118 E.00489
;WIDTH:0.419999
G1 X136.261 Y127.642 E.01425
G1 X136.342 Y127.048 E.01786
G1 X136.515 Y126.47 E.01799
G1 X136.742 Y125.999 E.01558
G1 X137.049 Y125.559 E.016
G1 X137.457 Y125.136 E.01749
G1 X137.883 Y124.81 E.01599
G1 X138.428 Y124.515 E.01848
G1 X138.871 Y124.358 E.014
G1 X139.445 Y124.239 E.01747
G1 X139.843 Y124.003 E.01382
G1 X139.996 Y123.868 E.00605
G1 X139.995 Y123.713 E.00465
G1 X139.738 Y123.192 E.01728
G1 X139.298 Y122.669 E.02039
G1 X139.03 Y122.238 E.01513
G1 X138.754 Y121.583 E.02116
G1 X138.628 Y120.884 E.02118
G1 X138.628 Y120.173 E.02118
G1 X138.783 Y119.479 E.02119
G1 X139.058 Y118.822 E.02124
G1 X139.504 Y118.105 E.02517
G1 X139.867 Y117.64 E.01759
G1 X140.236 Y117.395 E.0132
G1 X140.676 Y117.247 E.01385
G1 X141.395 Y117.078 E.022
G1 X142.104 Y116.98 E.02132
G1 X142.813 Y117.041 E.0212
G1 X143.498 Y117.225 E.02116
G1 X144.128 Y117.555 E.0212
G1 X144.242 Y117.644 E.00429
SET_VELOCITY_LIMIT ACCEL=3000
G1 E-.728 F1800
;WIPE_START
G1 F30000
G1 X144.689 Y117.991 E-.03399
G1 X145.091 Y118.481 E-.03801
;WIPE_END
G1 X152.136 Y121.417 Z1.4
G1 X152.641 Y121.627 Z1.4
G1 Z1
G1 E.8 F1800
SET_VELOCITY_LIMIT ACCEL=500
;TYPE:Sparse infill
;WIDTH:0.45
G1 F12000
G1 X152.013 Y120.999 E.02854
G1 X151.865 Y121.122 E.00619
G1 X151.406 Y121.347 E.01645
G1 X150.953 Y121.454 E.01497
G1 X150.536 Y121.467 E.01345
G1 X150.096 Y121.398 E.01431
G1 X149.607 Y121.208 E.01688
G1 X149.283 Y121 E.01239
G1 X148.955 Y120.692 E.01446
G1 X148.603 Y120.135 E.0212
G1 X148.433 Y119.569 E.01902
G1 X148.405 Y119.082 E.01572
G1 X148.479 Y118.634 E.01461
G1 X148.665 Y118.145 E.01681
G1 X148.817 Y117.906 E.00914
G1 X148.454 Y118.069 E.01282
G1 X148.034 Y118.346 E.01618
G1 X147.721 Y118.632 E.01364
G1 X147.447 Y118.971 E.01402
G1 X147.153 Y119.451 E.01812
G1 X146.914 Y119.738 E.01201
G1 X155.01 Y127.834 E.3684
G1 X155.018 Y127.973 E.00448
G1 X154.961 Y127.877 E.00359
G1 X154.554 Y127.384 E.02057
G1 X154.118 Y127.07 E.0173
G1 X153.994 Y127.006 E.00448
G1 X153.59 Y126.867 E.01375
G1 X152.936 Y126.793 E.02119
G1 X152.784 Y126.803 E.00491
G1 X152.299 Y126.914 E.016
G1 X151.938 Y127.066 E.01259
G1 X151.549 Y127.335 E.01522
G1 X151.221 Y127.687 E.01548
G1 X151.145 Y127.807 E.00459
G1 X141.216 Y117.878 E.45181
G1 X140.962 Y117.938 E.0084
G1 X140.56 Y118.066 E.01358
G1 X140.365 Y118.196 E.00753
G1 X140.174 Y118.424 E.00959
G1 X139.714 Y119.165 E.02807
G1 X139.488 Y119.704 E.0188
G1 X139.436 Y119.936 E.00765
G1 X149.675 Y130.175 E.46589
G1 X149.51 Y130.242 E.00573
G1 X149.403 Y130.311 E.00409
G1 X149.001 Y130.726 E.0186
G1 X148.912 Y130.857 E.00509
G1 X148.797 Y131.105 E.00879
G1 X148.756 Y131.364 E.00845
G1 X148.791 Y131.653 E.00937
G1 X147.315 Y131.653 E.04751
G1 X140.267 Y124.605 E.32071
G1 X139.74 Y124.909 E.01957
G1 X139.6 Y124.961 E.00481
G1 X139.088 Y125.066 E.01683
G1 X138.488 Y125.306 E.02079
G1 X138.127 Y125.533 E.01369
G1 X137.814 Y125.811 E.01348
G1 X137.733 Y125.909 E.0041
G1 X138.146 Y126.322 E.01877
G1 X138.35 Y126.295 E.00664
G1 X138.945 Y126.344 E.01919
G1 X139.429 Y126.494 E.01632
G1 X139.841 Y126.738 E.01541
G1 X140.19 Y127.058 E.01524
G1 X140.465 Y127.446 E.01529
G1 X140.643 Y127.854 E.01432
G1 X140.74 Y128.328 E.01556
G1 X140.743 Y128.788 E.01481
G1 X140.715 Y128.891 E.00343
G1 X141.996 Y130.172 E.0583
G1 X142.497 Y130.227 E.0162
G1 X142.63 Y130.278 E.00459
G1 X142.895 Y130.455 E.01027
G1 X142.981 Y130.542 E.00394
G1 X143.056 Y130.673 E.00483
G1 X143.151 Y130.919 E.00849
G1 X143.184 Y131.076 E.00516
G1 X143.188 Y131.364 E.00927
G1 X143.66 Y131.836 E.02148
SET_VELOCITY_LIMIT ACCEL=3000
G1 E-.728 F1800
;WIPE_START
G1 F30000
G1 X143.188 Y131.364 E-.04006
G1 X143.184 Y131.076 E-.01729
G1 X143.151 Y130.919 E-.00962
G1 X143.121 Y130.841 E-.00503
;WIPE_END
G1 X144.263 Y134.454 Z1.4
G1 Z1
G1 E.8 F1800
SET_VELOCITY_LIMIT ACCEL=500
;TYPE:Internal solid infill
;WIDTH:0.419999
G1 F15000
G1 X144.874 Y134.843 E.0216
G1 X145.589 Y135.129 E.02296
G1 X145.951 Y135.224 E.01115
G1 X146.382 Y135.135 E.01312
G1 X147.319 Y134.747 E.03022
G1 X147.747 Y134.454 E.01546
G1 X144.303 Y134.454 E.10266
SET_VELOCITY_LIMIT ACCEL=3000
G1 E-.728 F1800
;WIPE_START
G1 F30000
G1 X145.503 Y134.454 E-.072
;WIPE_END
G1 X145.989 Y134.793 Z1.4
G1 Z1
G1 E.8 F1800
SET_VELOCITY_LIMIT ACCEL=500
;WIDTH:0.426292
G1 F15000
G1 X145.917 Y134.834 E.00252
G1 X145.993 Y134.869 E.00253
SET_VELOCITY_LIMIT ACCEL=3000
G1 E-.79002 F1800
;WIPE_START
G1 F30000
G1 X145.917 Y134.834 E-.005
G1 X145.989 Y134.793 E-.00498
;WIPE_END
G1 X148.638 Y132.16 Z1.4
G1 Z1
G1 E.8 F1800
SET_VELOCITY_LIMIT ACCEL=500
;TYPE:Top surface
;WIDTH:0.432867
G1 F12000
G1 X149.377 Y132.899 E.0351
SET_VELOCITY_LIMIT ACCEL=3000
G1 X149.266 Y133.339 F30000
SET_VELOCITY_LIMIT ACCEL=500
G1 F12000
G1 X148.087 Y132.16 E.05602
SET_VELOCITY_LIMIT ACCEL=3000
G1 X147.536 Y132.16 F30000
SET_VELOCITY_LIMIT ACCEL=500
G1 F12000
G1 X149.111 Y133.736 E.07487
SET_VELOCITY_LIMIT ACCEL=3000
G1 X148.725 Y133.901 F30000
SET_VELOCITY_LIMIT ACCEL=500
G1 F12000
G1 X146.984 Y132.16 E.0827
SET_VELOCITY_LIMIT ACCEL=3000
G1 X146.433 Y132.16 F30000
SET_VELOCITY_LIMIT ACCEL=500
G1 F12000
G1 X148.173 Y133.901 E.0827
SET_VELOCITY_LIMIT ACCEL=3000
G1 X147.622 Y133.901 F30000
SET_VELOCITY_LIMIT ACCEL=500
G1 F12000
G1 X145.881 Y132.16 E.0827
SET_VELOCITY_LIMIT ACCEL=3000
G1 X145.33 Y132.16 F30000
SET_VELOCITY_LIMIT ACCEL=500
G1 F12000
G1 X147.07 Y133.901 E.0827
SET_VELOCITY_LIMIT ACCEL=3000
G1 X146.519 Y133.901 F30000
SET_VELOCITY_LIMIT ACCEL=500
G1 F12000
G1 X144.778 Y132.16 E.0827
SET_VELOCITY_LIMIT ACCEL=3000
G1 X144.227 Y132.16 F30000
SET_VELOCITY_LIMIT ACCEL=500
G1 F12000
G1 X145.967 Y133.901 E.0827
SET_VELOCITY_LIMIT ACCEL=3000
G1 X145.416 Y133.901 F30000
SET_VELOCITY_LIMIT ACCEL=500
G1 F12000
G1 X143.675 Y132.16 E.0827
SET_VELOCITY_LIMIT ACCEL=3000
G1 X143.124 Y132.16 F30000
SET_VELOCITY_LIMIT ACCEL=500
G1 F12000
G1 X144.864 Y133.901 E.0827
SET_VELOCITY_LIMIT ACCEL=3000
G1 X144.313 Y133.901 F30000
SET_VELOCITY_LIMIT ACCEL=500
G1 F12000
G1 X142.572 Y132.16 E.0827
SET_VELOCITY_LIMIT ACCEL=3000
G1 X142.596 Y132.736 F30000
M73 P51 R6
SET_VELOCITY_LIMIT ACCEL=500
G1 F12000
G1 X143.761 Y133.901 E.05535
SET_VELOCITY_LIMIT ACCEL=3000
G1 E-.728 F1800
;WIPE_START
G1 F30000
G1 X142.913 Y133.052 E-.072
;WIPE_END
G1 X135.695 Y130.572 Z1.4
G1 X115.579 Y123.661 Z1.4
G1 Z1
G1 E.8 F1800
SET_VELOCITY_LIMIT ACCEL=500
;TYPE:Inner wall
;WIDTH:0.610488
G1 F11676.827
G1 X115.532 Y123.588 E.00389
;WIDTH:0.575227
G1 F12000
G1 X115.486 Y123.515 E.00365
;WIDTH:0.539965
G1 X115.355 Y123.29 E.0102
;WIDTH:0.494982
G1 X115.224 Y123.066 E.00928
;WIDTH:0.449999
G1 X114.931 Y122.572 E.01848
G1 X114.591 Y122.109 E.01848
G1 X114.208 Y121.682 E.01848
G1 X113.784 Y121.294 E.01848
G1 X113.325 Y120.95 E.01848
G1 X112.834 Y120.653 E.01847
G1 X112.292 Y120.394 E.01931
G1 X111.721 Y120.192 E.01949
G1 X111.164 Y120.055 E.01848
;WIDTH:0.4879
G1 X110.841 Y120.005 E.01149
;WIDTH:0.5258
G1 X110.518 Y119.955 E.01247
;WIDTH:0.5637
G1 X110.195 Y119.905 E.01345
G1 X110.309 Y119.823 E.00576
;WIDTH:0.5258
G1 X110.423 Y119.742 E.00534
;WIDTH:0.4879
G1 X110.537 Y119.661 E.00492
;WIDTH:0.449999
G1 X110.857 Y119.267 E.01634
G1 X111.134 Y118.821 E.0169
G1 X111.479 Y118.384 E.01792
G1 X111.905 Y118.008 E.01828
G1 X112.347 Y117.73 E.01679
G1 X112.829 Y117.525 E.01686
G1 X113.351 Y117.41 E.01722
G1 X113.962 Y117.381 E.01965
G1 X114.51 Y117.45 E.01778
G1 X115.28 Y117.647 E.02557
G1 X115.727 Y117.827 E.0155
G1 X115.869 Y117.954 E.00613
G1 X116.176 Y118.337 E.01581
G1 X116.459 Y118.806 E.01763
G1 X116.743 Y119.329 E.01913
G1 X116.919 Y119.882 E.01869
G1 X116.995 Y120.413 E.01725
G1 X116.972 Y120.938 E.01691
G1 X116.83 Y121.575 E.021
G1 X116.594 Y122.112 E.01888
G1 X116.206 Y122.663 E.02166
G1 X115.817 Y123.085 E.01847
;WIDTH:0.494982
G1 X115.706 Y123.288 E.00828
;WIDTH:0.539965
G1 X115.595 Y123.491 E.0091
;WIDTH:0.575227
G1 X115.587 Y123.576 E.00359
;WIDTH:0.610488
G1 F11676.827
G1 X115.583 Y123.621 E.00203
SET_VELOCITY_LIMIT ACCEL=3000
G1 E-.728 F1800
;WIPE_START
G1 F30000
G1 X115.532 Y123.588 E-.00362
G1 X115.486 Y123.515 E-.0052
G1 X115.355 Y123.29 E-.01558
G1 X115.224 Y123.066 E-.01558
G1 X114.952 Y122.607 E-.03202
;WIPE_END
G1 X116.068 Y124.459 Z1.4
G1 Z1
G1 E.8 F1800
SET_VELOCITY_LIMIT ACCEL=500
;WIDTH:0.449999
G1 F12000
G1 X116.178 Y124.506 E.00384
G1 X117.126 Y124.762 E.03159
G1 X117.59 Y124.956 E.01621
G1 X118.157 Y125.321 E.02168
G1 X118.535 Y125.673 E.01663
G1 X118.851 Y126.099 E.01705
G1 X119.13 Y126.652 E.01993
G1 X119.287 Y127.167 E.01733
G1 X119.35 Y127.677 E.01652
G1 X119.387 Y128.357 E.02193
G1 X119.337 Y128.849 E.01591
G1 X119.179 Y129.157 E.01113
G1 X118.65 Y129.804 E.0269
G1 X118.294 Y130.179 E.01662
G1 X117.861 Y130.5 E.01734
G1 X117.308 Y130.779 E.01992
G1 X116.802 Y130.933 E.01705
G1 X116.288 Y130.991 E.01664
G1 X115.701 Y130.959 E.0189
G1 X115.192 Y130.845 E.01678
G1 X114.704 Y130.652 E.01691
G1 X114.177 Y130.475 E.01788
;WIDTH:0.488332
G1 X114.079 Y130.457 E.0035
;WIDTH:0.526664
G1 X113.981 Y130.439 E.0038
;WIDTH:0.564996
G1 X113.884 Y130.42 E.00411
;WIDTH:0.603328
G1 F11826.015
G1 X113.786 Y130.402 E.00441
G1 X113.827 Y130.352 E.00289
;WIDTH:0.577798
G1 F12000
G1 X113.94 Y130.22 E.00735
;WIDTH:0.535199
G1 X114.054 Y130.089 E.00676
;WIDTH:0.492599
G1 X114.167 Y129.957 E.00618
;WIDTH:0.449999
G1 X114.555 Y129.534 E.01848
G1 X114.899 Y129.074 E.01848
G1 X115.197 Y128.583 E.01848
G1 X115.445 Y128.065 E.01848
G1 X115.641 Y127.525 E.01848
G1 X115.787 Y126.954 E.01896
G1 X115.876 Y126.345 E.01983
G1 X115.898 Y125.696 E.02087
G1 X115.816 Y124.828 E.02806
;WIDTH:0.491669
G1 X115.791 Y124.621 E.00739
;WIDTH:0.533339
G1 X115.766 Y124.414 E.00808
;WIDTH:0.575008
G1 X115.742 Y124.207 E.00877
G1 X115.839 Y124.286 E.00526
;WIDTH:0.533339
G1 X115.936 Y124.365 E.00485
;WIDTH:0.491669
G1 X116.031 Y124.443 E.00437
SET_VELOCITY_LIMIT ACCEL=3000
G1 E-.728 F1800
;WIPE_START
G1 F30000
G1 X116.178 Y124.506 E-.00956
G1 X117.126 Y124.762 E-.0589
G1 X117.18 Y124.785 E-.00353
;WIPE_END
G1 X109.562 Y124.32 Z1.4
G1 X104.423 Y124.007 Z1.4
G1 Z1
G1 E.8 F1800
SET_VELOCITY_LIMIT ACCEL=500
;WIDTH:0.562316
G1 F12000
G1 X104.405 Y123.867 E.00577
;WIDTH:0.524877
G1 X104.386 Y123.728 E.00536
;WIDTH:0.487438
G1 X104.367 Y123.588 E.00494
;WIDTH:0.449999
G1 X104.135 Y123.085 E.01785
G1 X103.475 Y122.242 E.03443
G1 X103.247 Y121.786 E.01639
G1 X103.06 Y121.16 E.02103
G1 X103 Y120.638 E.0169
G1 X103.048 Y120.047 E.01909
G1 X103.183 Y119.513 E.01772
G1 X103.403 Y119.01 E.01766
G1 X103.803 Y118.367 E.02437
G1 X104.132 Y117.935 E.01746
G1 X104.41 Y117.75 E.01075
G1 X104.784 Y117.624 E.01269
G1 X105.426 Y117.474 E.02123
G1 X105.993 Y117.384 E.01847
G1 X106.536 Y117.39 E.01746
G1 X107.106 Y117.512 E.01877
G1 X107.647 Y117.728 E.01873
G1 X108.093 Y117.999 E.01681
G1 X108.471 Y118.334 E.01623
G1 X108.912 Y118.897 E.02301
G1 X109.172 Y119.38 E.01763
G1 X109.446 Y119.623 E.01179
;WIDTH:0.490256
G1 X109.61 Y119.713 E.00664
;WIDTH:0.530512
G1 X109.775 Y119.803 E.00724
;WIDTH:0.570768
G1 X109.94 Y119.894 E.00784
G1 X109.847 Y119.912 E.00396
;WIDTH:0.541321
G1 X109.404 Y119.982 E.01767
;WIDTH:0.49566
G1 X108.961 Y120.052 E.01605
;WIDTH:0.449999
G1 X108.379 Y120.192 E.01926
G1 X107.837 Y120.383 E.01848
G1 X107.317 Y120.625 E.01848
G1 X106.823 Y120.918 E.01848
G1 X106.36 Y121.258 E.01848
G1 X105.933 Y121.642 E.01848
G1 X105.545 Y122.065 E.01848
G1 X105.201 Y122.525 E.01848
G1 X104.903 Y123.016 E.01848
G1 X104.65 Y123.545 E.01887
;WIDTH:0.487438
G1 X104.574 Y123.699 E.00602
;WIDTH:0.524877
G1 X104.499 Y123.853 E.00653
;WIDTH:0.562316
G1 X104.441 Y123.971 E.0054
SET_VELOCITY_LIMIT ACCEL=3000
G1 E-.728 F1800
;WIPE_START
G1 F30000
G1 X104.405 Y123.867 E-.00658
G1 X104.386 Y123.728 E-.00844
G1 X104.367 Y123.588 E-.00844
G1 X104.135 Y123.085 E-.03328
G1 X103.978 Y122.884 E-.01526
;WIPE_END
G1 X106.46 Y130.102 Z1.4
G1 X106.636 Y130.613 Z1.4
G1 Z1
G1 E.8 F1800
SET_VELOCITY_LIMIT ACCEL=500
;WIDTH:0.558744
G1 F12000
G1 X106.496 Y130.588 E.00583
;WIDTH:0.522496
G1 X106.355 Y130.562 E.00542
;WIDTH:0.486248
G1 X106.214 Y130.536 E.00501
;WIDTH:0.449999
G1 X105.682 Y130.505 E.01717
G1 X104.677 Y130.887 E.03458
G1 X104.148 Y130.978 E.01728
G1 X103.521 Y130.977 E.02016
G1 X103.005 Y130.887 E.01687
G1 X102.503 Y130.699 E.01724
G1 X101.977 Y130.392 E.01958
G1 X101.561 Y130.043 E.01749
G1 X101.095 Y129.499 E.02306
G1 X100.732 Y129.014 E.01949
G1 X100.623 Y128.699 E.01073
G1 X100.603 Y128.321 E.01216
G1 X100.643 Y127.795 E.01697
G1 X100.732 Y127.095 E.02271
G1 X100.893 Y126.575 E.01751
G1 X101.146 Y126.102 E.01727
G1 X101.531 Y125.608 E.02016
G1 X101.919 Y125.255 E.01689
G1 X102.351 Y124.986 E.01636
G1 X103.057 Y124.71 E.02438
G1 X103.567 Y124.613 E.01671
G1 X103.975 Y124.383 E.01508
;WIDTH:0.489402
G1 X104.115 Y124.283 E.00606
;WIDTH:0.528804
G1 X104.254 Y124.183 E.0066
;WIDTH:0.568206
G1 X104.394 Y124.082 E.00713
G1 X104.39 Y124.115 E.00136
;WIDTH:0.558476
G1 X104.365 Y124.287 E.00707
;WIDTH:0.522317
G1 X104.341 Y124.458 E.00657
;WIDTH:0.486158
G1 X104.317 Y124.63 E.00607
;WIDTH:0.449999
G1 X104.23 Y125.198 E.01848
G1 X104.199 Y125.771 E.01848
G1 X104.224 Y126.336 E.0182
G1 X104.305 Y126.913 E.01876
G1 X104.442 Y127.471 E.01848
G1 X104.633 Y128.012 E.01848
G1 X104.876 Y128.533 E.01848
G1 X105.174 Y129.035 E.01879
G1 X105.545 Y129.534 E.02
G1 X106.021 Y130.037 E.0223
;WIDTH:0.486248
G1 X106.226 Y130.229 E.00984
;WIDTH:0.522496
G1 X106.431 Y130.421 E.01065
;WIDTH:0.558744
G1 X106.607 Y130.586 E.00982
SET_VELOCITY_LIMIT ACCEL=3000
G1 E-.728 F1800
;WIPE_START
G1 F30000
G1 X106.496 Y130.588 E-.00668
G1 X106.355 Y130.562 E-.00857
G1 X106.214 Y130.536 E-.00857
G1 X105.682 Y130.505 E-.03202
G1 X105.43 Y130.6 E-.01615
;WIPE_END
G1 X110.057 Y131.649 Z1.4
G1 Z1
G1 E.8 F1800
SET_VELOCITY_LIMIT ACCEL=500
;WIDTH:0.449999
G1 F12000
G1 X110.595 Y131.625 E.01734
G1 X111.213 Y131.534 E.02011
G1 X111.776 Y131.391 E.01868
G1 X112.316 Y131.194 E.01848
G1 X112.833 Y130.946 E.01848
;WIDTH:0.491393
G1 X112.969 Y130.889 E.00521
;WIDTH:0.532787
G1 X113.104 Y130.831 E.00569
;WIDTH:0.574181
G1 X113.239 Y130.773 E.00617
;WIDTH:0.615574
G1 F11573.119
G1 X113.374 Y130.715 E.00665
G1 X113.312 Y130.831 E.00595
;WIDTH:0.574181
G1 F12000
G1 X113.25 Y130.947 E.00552
;WIDTH:0.532787
G1 X113.188 Y131.063 E.00509
;WIDTH:0.491393
G1 X113.127 Y131.179 E.00466
;WIDTH:0.449999
G1 X113.104 Y131.439 E.00839
G1 X113.174 Y131.956 E.01677
G1 X113.18 Y132.476 E.01673
G1 X113.081 Y133.097 E.02025
G1 X112.915 Y133.582 E.01647
G1 X112.656 Y134.041 E.01697
G1 X112.263 Y134.524 E.02005
G1 X111.857 Y134.877 E.0173
G1 X111.387 Y135.15 E.01751
G1 X110.741 Y135.425 E.02257
G1 X110.258 Y135.596 E.01649
G1 X109.922 Y135.623 E.01085
G1 X109.569 Y135.546 E.01163
G1 X108.8 Y135.239 E.02663
G1 X108.329 Y135.002 E.01698
G1 X107.897 Y134.677 E.01737
G1 X107.475 Y134.227 E.01985
G1 X107.182 Y133.784 E.01709
G1 X106.981 Y133.307 E.01667
G1 X106.856 Y132.804 E.01668
G1 X106.808 Y132.154 E.02096
G1 X106.86 Y131.605 E.01773
G1 X106.838 Y131.098 E.01635
;WIDTH:0.489455
G1 X106.799 Y130.959 E.00507
;WIDTH:0.528911
G1 X106.761 Y130.821 E.00551
;WIDTH:0.568366
G1 X106.722 Y130.683 E.00596
G1 X106.799 Y130.72 E.00355
;WIDTH:0.542625
G1 X107.033 Y130.833 E.01026
;WIDTH:0.496312
G1 X107.267 Y130.946 E.00931
;WIDTH:0.449999
G1 X107.763 Y131.184 E.01771
G1 X108.324 Y131.391 E.01924
G1 X108.881 Y131.533 E.01848
G1 X109.448 Y131.62 E.01848
G1 X110.017 Y131.651 E.01833
G1 X109.638 Y131.239 F30000
;TYPE:Outer wall
;WIDTH:0.419999
G1 F9600
G1 X110.041 Y131.259 E.01202
G1 X110.576 Y131.234 E.01597
G1 X111.072 Y131.161 E.01494
G1 X111.626 Y131.027 E.01699
G1 X112.131 Y130.847 E.01597
G1 X112.616 Y130.619 E.01597
G1 X113.076 Y130.344 E.01597
G1 X113.507 Y130.026 E.01597
G1 X113.904 Y129.667 E.01597
G1 X114.265 Y129.27 E.01597
G1 X114.585 Y128.84 E.01597
G1 X114.861 Y128.381 E.01597
G1 X115.091 Y127.897 E.01597
G1 X115.272 Y127.393 E.01597
G1 X115.403 Y126.874 E.01597
G1 X115.483 Y126.344 E.01597
G1 X115.51 Y125.809 E.01597
G1 X115.484 Y125.273 E.01597
G1 X115.407 Y124.743 E.01597
G1 X115.277 Y124.223 E.01597
G1 X115.098 Y123.719 E.01597
G1 X114.869 Y123.234 E.01597
G1 X114.595 Y122.774 E.01597
G1 X114.276 Y122.343 E.01597
G1 X113.917 Y121.945 E.01597
G1 X113.521 Y121.585 E.01597
G1 X113.091 Y121.265 E.01597
G1 X112.632 Y120.989 E.01596
G1 X112.148 Y120.759 E.01598
G1 X111.644 Y120.577 E.01597
G1 X111.124 Y120.446 E.01597
G1 X110.594 Y120.367 E.01598
G1 X109.893 Y120.348 E.02091
G1 X108.933 Y120.457 E.02879
G1 X108.099 Y120.705 E.02593
G1 X107.624 Y120.914 E.01549
G1 X107.024 Y121.255 E.02054
G1 X106.593 Y121.573 E.01597
G1 X106.196 Y121.932 E.01597
G1 X105.835 Y122.329 E.01597
G1 X105.515 Y122.758 E.01597
G1 X105.239 Y123.218 E.01597
G1 X105.009 Y123.701 E.01597
G1 X104.828 Y124.206 E.01597
G1 X104.697 Y124.725 E.01597
G1 X104.617 Y125.255 E.01597
G1 X104.59 Y125.79 E.01597
G1 X104.615 Y126.317 E.01571
G1 X104.693 Y126.855 E.01623
G1 X104.823 Y127.375 E.01597
G1 X105.002 Y127.88 E.01597
G1 X105.231 Y128.365 E.01597
G1 X105.505 Y128.825 E.01597
G1 X105.824 Y129.256 E.01597
G1 X106.183 Y129.654 E.01597
G1 X106.579 Y130.014 E.01597
G1 X106.991 Y130.32 E.01529
G1 X107.468 Y130.61 E.01664
G1 X107.93 Y130.83 E.01526
G1 X108.456 Y131.021 E.01668
G1 X108.976 Y131.152 E.01597
G1 X109.506 Y131.232 E.01597
G1 X109.598 Y131.237 E.00275
SET_VELOCITY_LIMIT ACCEL=3000
G1 E-.728 F1800
;WIPE_START
G1 F30000
G1 X110.041 Y131.259 E-.0266
G1 X110.576 Y131.234 E-.03215
G1 X110.794 Y131.202 E-.01325
;WIPE_END
G1 X115.55 Y125.232 Z1.4
G1 X116.404 Y124.159 Z1.4
G1 Z1
G1 E.8 F1800
SET_VELOCITY_LIMIT ACCEL=500
G1 F9600
G1 X117.318 Y124.417 E.02831
G1 X117.781 Y124.614 E.015
G1 X118.391 Y125.007 E.02164
G1 X118.828 Y125.411 E.01772
G1 X119.189 Y125.9 E.01812
G1 X119.491 Y126.5 E.02001
G1 X119.672 Y127.089 E.01837
G1 X119.742 Y127.656 E.01702
M73 P52 R6
G1 X119.789 Y128.536 E.02629
G1 X119.713 Y128.975 E.01328
G1 X119.509 Y129.373 E.01333
G1 X118.659 Y130.366 E.03896
G1 X118.184 Y130.765 E.01847
G1 X117.647 Y131.061 E.01828
G1 X117.056 Y131.27 E.01867
G1 X116.53 Y131.366 E.01594
G1 X115.936 Y131.385 E.01773
G1 X115.367 Y131.298 E.01716
G1 X114.16 Y130.882 E.03803
G1 X113.934 Y130.847 E.00682
G1 X113.542 Y131.228 E.01629
G1 X113.492 Y131.384 E.00489
G1 X113.566 Y131.938 E.01667
G1 X113.556 Y132.675 E.02197
G1 X113.463 Y133.183 E.01538
G1 X113.274 Y133.742 E.01758
G1 X112.976 Y134.269 E.01804
G1 X112.55 Y134.792 E.02011
G1 X112.086 Y135.197 E.01835
G1 X111.547 Y135.508 E.01854
G1 X110.845 Y135.806 E.02276
G1 X110.338 Y135.982 E.01599
G1 X109.896 Y136.019 E.01323
G1 X109.603 Y135.955 E.00894
G1 X109.057 Y135.764 E.01723
G1 X108.254 Y135.406 E.02622
G1 X107.736 Y135.062 E.01852
G1 X107.299 Y134.63 E.01832
G1 X106.987 Y134.213 E.01551
G1 X106.69 Y133.648 E.01904
G1 X106.504 Y133.082 E.01777
G1 X106.425 Y132.493 E.01771
G1 X106.454 Y131.303 E.03546
G1 X106.411 Y131.013 E.00876
G1 X106.248 Y130.933 E.00539
G1 X105.69 Y130.907 E.01666
G1 X105.182 Y131.128 E.0165
G1 X104.683 Y131.285 E.0156
G1 X104.174 Y131.369 E.01539
G1 X103.495 Y131.369 E.02022
G1 X102.902 Y131.267 E.01795
G1 X102.328 Y131.05 E.01828
G1 X101.757 Y130.717 E.01969
G1 X101.281 Y130.318 E.01852
G1 X100.713 Y129.655 E.02602
G1 X100.379 Y129.193 E.01699
G1 X100.234 Y128.775 E.01319
G1 X100.21 Y128.317 E.01367
G1 X100.311 Y127.204 E.03332
G1 X100.438 Y126.695 E.01564
G1 X100.636 Y126.212 E.01555
G1 X100.932 Y125.718 E.01716
G1 X101.323 Y125.251 E.01817
G1 X101.785 Y124.874 E.01775
G1 X102.418 Y124.519 E.02163
G1 X102.96 Y124.329 E.01713
G1 X103.511 Y124.213 E.0168
G1 X103.987 Y123.886 E.01721
G1 X103.988 Y123.698 E.0056
G1 X103.748 Y123.203 E.01639
G1 X103.347 Y122.738 E.01832
G1 X102.971 Y122.128 E.02136
G1 X102.754 Y121.583 E.01746
G1 X102.638 Y120.992 E.01798
G1 X102.615 Y120.479 E.01529
G1 X102.662 Y119.979 E.01499
G1 X102.81 Y119.394 E.01796
G1 X103.058 Y118.822 E.01859
G1 X103.504 Y118.105 E.02517
G1 X103.867 Y117.64 E.01759
G1 X104.236 Y117.395 E.0132
G1 X104.676 Y117.247 E.01385
G1 X105.632 Y117.023 E.02924
G1 X106.25 Y116.986 E.01847
G1 X106.909 Y117.058 E.01975
G1 X107.498 Y117.225 E.01826
G1 X108.034 Y117.495 E.01789
G1 X108.501 Y117.831 E.01715
G1 X108.943 Y118.272 E.01859
G1 X109.277 Y118.736 E.01705
G1 X109.526 Y119.206 E.01585
G1 X110.055 Y119.456 E.01745
G1 X110.228 Y119.415 E.0053
G1 X110.574 Y118.993 E.01627
G1 X110.841 Y118.548 E.01545
G1 X111.205 Y118.103 E.01714
G1 X111.67 Y117.694 E.01848
G1 X112.156 Y117.388 E.0171
G1 X112.709 Y117.151 E.01793
G1 X113.308 Y117.02 E.01827
G1 X113.97 Y116.989 E.01975
G1 X114.589 Y117.065 E.01859
G1 X115.377 Y117.267 E.02426
G1 X115.944 Y117.496 E.01823
G1 X116.275 Y117.792 E.01325
G1 X116.543 Y118.179 E.01402
G1 X117.043 Y119.023 E.02925
G1 X117.253 Y119.602 E.01833
G1 X117.372 Y120.26 E.01993
G1 X117.379 Y120.869 E.01816
G1 X117.273 Y121.456 E.01777
G1 X117.069 Y122.032 E.01821
G1 X116.782 Y122.556 E.01781
G1 X116.46 Y122.972 E.0157
G1 X116.101 Y123.355 E.01562
G1 X116.032 Y123.499 E.00478
G1 X116.146 Y123.99 E.01503
G1 X116.249 Y124.116 E.00484
G1 X116.365 Y124.149 E.00359
SET_VELOCITY_LIMIT ACCEL=3000
G1 X115.742 Y124.207 F30000
SET_VELOCITY_LIMIT ACCEL=500
;TYPE:Inner wall
;WIDTH:0.610488
G1 F11676.827
G1 X115.579 Y123.661 E.02557
SET_VELOCITY_LIMIT ACCEL=3000
G1 E-.7658 F1800
;WIPE_START
G1 F30000
G1 X115.742 Y124.207 E-.0342
;WIPE_END
G1 X113.786 Y130.402 Z1.4
G1 Z1
G1 E.8 F1800
SET_VELOCITY_LIMIT ACCEL=500
;WIDTH:0.615574
G1 F11573.119
G1 X113.374 Y130.715 E.02342
SET_VELOCITY_LIMIT ACCEL=3000
G1 E-.76896 F1800
;WIPE_START
G1 F30000
G1 X113.786 Y130.402 E-.03104
;WIPE_END
G1 X111.163 Y123.235 Z1.4
G1 X109.94 Y119.894 Z1.4
G1 Z1
G1 E.8 F1800
SET_VELOCITY_LIMIT ACCEL=500
;WIDTH:0.570768
G1 F12000
G1 X110.195 Y119.905 E.01065
SET_VELOCITY_LIMIT ACCEL=3000
G1 E-.78468 F1800
;WIPE_START
G1 F30000
G1 X109.94 Y119.894 E-.01532
;WIPE_END
G1 X111.022 Y119.628 Z1.4
G1 Z1
G1 E.8 F1800
SET_VELOCITY_LIMIT ACCEL=500
;TYPE:Internal solid infill
;WIDTH:0.38292
G1 F15000
G1 X110.958 Y119.665 E.00198
G1 X111.023 Y119.7 E.00198
SET_VELOCITY_LIMIT ACCEL=3000
G1 E-.79116 F1800
;WIPE_START
G1 F30000
G1 X110.958 Y119.665 E-.00442
G1 X111.022 Y119.628 E-.00442
;WIPE_END
G1 X105.433 Y119.466 Z1.4
G1 Z1
G1 E.8 F1800
SET_VELOCITY_LIMIT ACCEL=500
;WIDTH:0.554176
G1 F12962.965
G1 X105.369 Y119.466 E.00258
G1 X105.337 Y119.522 E.00258
G1 X105.369 Y119.577 E.00258
G1 X105.433 Y119.577 E.00258
G1 X105.445 Y119.556 E.00097
SET_VELOCITY_LIMIT ACCEL=3000
G1 E-.78323 F1800
;WIPE_START
G1 F30000
G1 X105.433 Y119.577 E-.00143
G1 X105.369 Y119.577 E-.00383
G1 X105.337 Y119.522 E-.00383
G1 X105.369 Y119.466 E-.00383
G1 X105.433 Y119.466 E-.00383
;WIPE_END
G1 X104.56 Y120.885 Z1.4
G1 Z1
G1 E.8 F1800
SET_VELOCITY_LIMIT ACCEL=500
;WIDTH:0.419999
G1 F15000
G1 X105.008 Y120.424 E.01916
G1 X105.668 Y119.877 E.02556
G1 X106.165 Y119.541 E.01786
G1 X106.657 Y119.253 E.017
G1 X106.985 Y119.1 E.01078
G1 X106.609 Y118.956 E.01199
G1 X106.163 Y118.907 E.01339
G1 X105.69 Y118.986 E.01428
G1 X105.117 Y119.137 E.01766
G1 X104.734 Y119.758 E.02176
G1 X104.571 Y120.183 E.01354
G1 X104.527 Y120.612 E.01286
G1 X104.555 Y120.845 E.00701
SET_VELOCITY_LIMIT ACCEL=3000
G1 X104.446 Y121.625 F30000
SET_VELOCITY_LIMIT ACCEL=500
G1 F15000
G1 X104.88 Y121.094 E.02045
G1 X105.261 Y120.703 E.01628
G1 X105.895 Y120.178 E.02454
G1 X106.359 Y119.864 E.0167
G1 X106.817 Y119.594 E.01582
G1 X107.457 Y119.301 E.02098
G1 X107.717 Y119.21 E.00823
G1 X107.396 Y118.914 E.01302
G1 X106.937 Y118.661 E.01563
G1 X106.496 Y118.562 E.01346
G1 X105.947 Y118.543 E.01636
G1 X104.899 Y118.804 E.03219
G1 X104.515 Y119.393 E.02095
G1 X104.276 Y119.861 E.01566
G1 X104.159 Y120.38 E.01586
G1 X104.173 Y120.882 E.01496
G1 X104.323 Y121.39 E.01579
G1 X104.427 Y121.59 E.00672
SET_VELOCITY_LIMIT ACCEL=3000
G1 X104.458 Y122.263 F30000
SET_VELOCITY_LIMIT ACCEL=500
G1 F15000
G1 X104.894 Y121.653 E.02237
G1 X105.3 Y121.193 E.01827
G1 X105.796 Y120.728 E.02027
G1 X106.362 Y120.302 E.02112
G1 X106.976 Y119.936 E.02129
G1 X107.581 Y119.657 E.01987
G1 X108.303 Y119.418 E.02266
G1 X108.062 Y119.029 E.01362
G1 X107.669 Y118.648 E.01634
G1 X107.32 Y118.424 E.01235
G1 X106.784 Y118.217 E.01713
G1 X106.21 Y118.149 E.01723
G1 X105.715 Y118.2 E.01483
G1 X104.735 Y118.458 E.03019
G1 X104.518 Y118.673 E.00911
G1 X104.08 Y119.378 E.02476
G1 X103.861 Y119.92 E.01741
G1 X103.777 Y120.468 E.01651
G1 X103.811 Y120.991 E.01563
G1 X103.969 Y121.521 E.01647
G1 X104.145 Y121.857 E.01132
G1 X104.433 Y122.231 E.01407
SET_VELOCITY_LIMIT ACCEL=3000
G1 X104.5 Y122.951 F30000
SET_VELOCITY_LIMIT ACCEL=500
G1 F15000
G1 X104.833 Y122.371 E.01992
G1 X105.255 Y121.801 E.02112
G1 X105.655 Y121.365 E.01766
G1 X106.062 Y120.996 E.01638
G1 X106.557 Y120.625 E.01843
G1 X107.135 Y120.278 E.02009
G1 X107.706 Y120.013 E.01877
G1 X108.283 Y119.811 E.01823
G1 X108.895 Y119.67 E.01869
G1 X108.387 Y118.826 E.02937
G1 X107.999 Y118.434 E.01644
G1 X107.548 Y118.115 E.01648
G1 X106.98 Y117.883 E.01826
G1 X106.348 Y117.785 E.01906
G1 X105.757 Y117.799 E.01761
G1 X104.579 Y118.109 E.03632
G1 X104.331 Y118.309 E.00949
G1 X103.874 Y118.995 E.02457
G1 X103.627 Y119.454 E.01554
G1 X103.458 Y119.985 E.01662
G1 X103.397 Y120.546 E.01682
G1 X103.443 Y121.074 E.01579
G1 X103.589 Y121.58 E.0157
G1 X103.81 Y122.036 E.01509
G1 X104.417 Y122.792 E.0289
G1 X104.482 Y122.915 E.00416
SET_VELOCITY_LIMIT ACCEL=3000
G1 E-.728 F1800
;WIPE_START
G1 F30000
G1 X104.417 Y122.792 E-.00837
G1 X103.81 Y122.036 E-.05817
G1 X103.77 Y121.954 E-.00546
;WIPE_END
G1 X103.9 Y126.847 Z1.4
G1 Z1
G1 E.8 F1800
SET_VELOCITY_LIMIT ACCEL=500
G1 F15000
G1 X103.807 Y125.847 E.02993
G1 X103.835 Y125.21 E.01901
G1 X103.884 Y124.879 E.00997
G1 X103.578 Y125.01 E.00992
G1 X102.83 Y125.196 E.02296
G1 X102.451 Y125.398 E.0128
G1 X103.872 Y126.819 E.05988
SET_VELOCITY_LIMIT ACCEL=3000
G1 E-.728 F1800
;WIPE_START
G1 F30000
G1 X103.023 Y125.97 E-.072
;WIPE_END
G1 X103.468 Y125.93 Z1.4
G1 Z1
G1 E.8 F1800
SET_VELOCITY_LIMIT ACCEL=500
;WIDTH:0.351394
G1 F15000
G1 X103.483 Y125.377 E.01349
G1 X103.029 Y125.491 E.01141
G1 X103.44 Y125.902 E.01414
SET_VELOCITY_LIMIT ACCEL=3000
G1 E-.728 F1800
;WIPE_START
G1 F30000
G1 X103.029 Y125.491 E-.0348
G1 X103.483 Y125.377 E-.02809
G1 X103.479 Y125.529 E-.00912
M73 P53 R6
;WIPE_END
G1 X104.287 Y127.501 Z1.4
G1 Z1
G1 E.8 F1800
SET_VELOCITY_LIMIT ACCEL=500
;WIDTH:0.419999
G1 F15000
G1 X102.232 Y125.446 E.08664
G1 X101.933 Y125.68 E.01132
G1 X104.291 Y128.038 E.0994
G1 X104.579 Y128.679 E.02096
G1 X104.84 Y129.12 E.01524
G1 X101.67 Y125.95 E.13362
G1 X101.442 Y126.255 E.01136
G1 X105.424 Y130.237 E.16785
G1 X105.052 Y130.399 E.01207
G1 X101.251 Y126.598 E.16021
G1 X101.103 Y126.983 E.0123
G1 X104.662 Y130.542 E.15
G1 X104.59 Y130.567 E.00227
G1 X104.227 Y130.64 E.01104
G1 X101.005 Y127.418 E.13579
G1 X100.966 Y127.912 E.01476
G1 X103.712 Y130.658 E.11575
G1 X103.463 Y130.642 E.00745
G1 X103.086 Y130.565 E.01147
G1 X100.77 Y128.25 E.09759
SET_VELOCITY_LIMIT ACCEL=3000
G1 E-.728 F1800
;WIPE_START
G1 F30000
G1 X101.619 Y129.099 E-.072
;WIPE_END
G1 X105.6 Y130.307 Z1.4
G1 Z1
G1 E.8 F1800
SET_VELOCITY_LIMIT ACCEL=500
;TYPE:Gap infill
;WIDTH:0.229423
G1 F15000
G1 X105.739 Y130.198 E.0026
G1 X105.692 Y130.121 E.00134
G1 X105.317 Y129.728 E.00801
;WIDTH:0.251754
G1 X105.126 Y129.506 E.00483
;WIDTH:0.268322
G1 X104.934 Y129.285 E.00521
SET_VELOCITY_LIMIT ACCEL=3000
G1 E-.78244 F1800
;WIPE_START
G1 F30000
G1 X105.126 Y129.506 E-.01756
;WIPE_END
G1 X102.814 Y130.598 Z1.4
G1 Z1
G1 E.8 F1800
SET_VELOCITY_LIMIT ACCEL=500
;WIDTH:0.160742
G1 F15000
G1 X102.671 Y130.495 E.00164
;WIDTH:0.202509
G1 X102.528 Y130.392 E.00222
;WIDTH:0.244276
G1 X102.386 Y130.289 E.0028
;WIDTH:0.283136
G1 X102.239 Y130.168 E.00361
;WIDTH:0.319094
G1 X102.093 Y130.047 E.00415
;WIDTH:0.331232
G1 X101.82 Y129.789 E.00855
G1 X101.213 Y129.134 E.02036
;WIDTH:0.275151
G1 X101.021 Y128.904 E.00549
;WIDTH:0.260104
G1 X100.83 Y128.674 E.00513
SET_VELOCITY_LIMIT ACCEL=3000
G1 E-.78205 F1800
;WIPE_START
G1 F30000
G1 X101.021 Y128.904 E-.01795
;WIPE_END
G1 X108.266 Y131.306 Z1.4
G1 X111.987 Y132.54 Z1.4
G1 Z1
G1 E.8 F1800
SET_VELOCITY_LIMIT ACCEL=500
;TYPE:Internal solid infill
;WIDTH:0.544664
G1 F13208.715
G1 X111.924 Y132.54 E.00249
G1 X111.892 Y132.594 E.00249
G1 X111.924 Y132.649 E.00249
G1 X111.987 Y132.649 E.00249
G1 X111.998 Y132.629 E.0009
SET_VELOCITY_LIMIT ACCEL=3000
G1 E-.78358 F1800
;WIPE_START
G1 F30000
G1 X111.987 Y132.649 E-.00136
G1 X111.924 Y132.649 E-.00376
G1 X111.892 Y132.594 E-.00376
G1 X111.924 Y132.54 E-.00376
G1 X111.987 Y132.54 E-.00376
;WIPE_END
G1 X111.073 Y132.333 Z1.4
G1 Z1
G1 E.8 F1800
SET_VELOCITY_LIMIT ACCEL=500
;WIDTH:0.419999
G1 F15000
G1 X112.14 Y133.401 E.04501
G1 X112.326 Y132.948 E.01461
G1 X112.417 Y132.373 E.01733
G1 X112.385 Y131.989 E.0115
G1 X111.908 Y132.153 E.01502
G1 X111.347 Y132.291 E.01724
G1 X111.112 Y132.327 E.00707
SET_VELOCITY_LIMIT ACCEL=3000
G1 E-.728 F1800
;WIPE_START
G1 F30000
G1 X111.347 Y132.291 E-.01422
G1 X111.908 Y132.153 E-.0347
G1 X112.272 Y132.028 E-.02308
;WIPE_END
G1 X110.226 Y132.02 Z1.4
G1 Z1
G1 E.8 F1800
SET_VELOCITY_LIMIT ACCEL=500
G1 F15000
G1 X112.197 Y133.991 E.08309
G1 X112.395 Y133.727 E.00982
G1 X112.669 Y133.115 E.01999
G1 X112.775 Y132.606 E.0155
G1 X112.746 Y131.811 E.02371
G1 X112.692 Y131.446 E.011
G1 X111.941 Y131.744 E.02408
G1 X111.306 Y131.915 E.0196
G1 X110.686 Y132.01 E.01871
G1 X110.266 Y132.019 E.01252
SET_VELOCITY_LIMIT ACCEL=3000
G1 E-.728 F1800
;WIPE_START
G1 F30000
G1 X110.686 Y132.01 E-.02521
G1 X111.306 Y131.915 E-.03766
G1 X111.453 Y131.876 E-.00912
;WIPE_END
G1 X112.246 Y134.306 Z1.4
G1 Z1
G1 E.8 F1800
SET_VELOCITY_LIMIT ACCEL=500
;WIDTH:0.42
G1 F15000
G1 X109.915 Y131.976 E.09823
G1 X109.345 Y131.939 E.01703
G1 X111.856 Y134.45 E.10584
G1 X111.664 Y134.607 E.0074
G1 X111.551 Y134.678 E.00398
G1 X108.702 Y131.829 E.12008
G1 X108.292 Y131.727 E.01259
G1 X107.94 Y131.601 E.01114
G1 X111.205 Y134.866 E.13761
G1 X110.831 Y135.025 E.01211
G1 X107.181 Y131.375 E.15385
G1 X107.191 Y131.599 E.00669
G1 X107.165 Y131.892 E.00875
G1 X110.453 Y135.18 E.1386
G1 X110.19 Y135.269 E.00827
G1 X110.022 Y135.283 E.00502
G1 X107.146 Y132.407 E.12123
G1 X107.15 Y132.546 E.00415
G1 X107.21 Y132.92 E.0113
G1 X107.246 Y133.04 E.00372
G1 X109.586 Y135.379 E.09862
SET_VELOCITY_LIMIT ACCEL=3000
G1 X108.984 Y135.085 F30000
SET_VELOCITY_LIMIT ACCEL=500
;TYPE:Gap infill
;WIDTH:0.180737
G1 F15000
G1 X108.822 Y134.965 E.00219
;WIDTH:0.220865
G1 X108.66 Y134.846 E.00283
;WIDTH:0.260993
G1 X108.498 Y134.726 E.00347
;WIDTH:0.297007
G1 X108.353 Y134.604 E.00381
;WIDTH:0.342555
G1 X107.938 Y134.221 E.01337
G1 X107.685 Y133.943 E.00891
;WIDTH:0.300317
G1 X107.566 Y133.793 E.00389
;WIDTH:0.256599
G1 X107.447 Y133.643 E.00323
;WIDTH:0.211156
G1 X107.372 Y133.535 E.00175
;WIDTH:0.163987
G1 X107.298 Y133.427 E.00126
;WIDTH:0.116817
G1 X107.223 Y133.319 E.00077
;WIDTH:0.0932309
G1 X107.206 Y133.29 E.00013
SET_VELOCITY_LIMIT ACCEL=3000
G1 E-.79802 F1800
;WIPE_START
G1 F30000
G1 X107.223 Y133.319 E-.00198
;WIPE_END
G1 X114.253 Y130.348 Z1.4
G1 X116.541 Y129.381 Z1.4
G1 Z1
G1 E.8 F1800
SET_VELOCITY_LIMIT ACCEL=500
;TYPE:Internal solid infill
;WIDTH:0.504218
G1 F14366.838
G1 X116.899 Y129.25 E.01389
G1 X117.253 Y129.004 E.01572
G1 X117.374 Y128.88 E.00632
G1 X116.965 Y128.471 E.02109
G1 X116.559 Y129.345 E.03514
SET_VELOCITY_LIMIT ACCEL=3000
G1 E-.728 F1800
;WIPE_START
G1 F30000
G1 X116.965 Y128.471 E-.05783
G1 X117.132 Y128.638 E-.01417
;WIPE_END
G1 X115.778 Y129.813 Z1.4
G1 Z1
G1 E.8 F1800
SET_VELOCITY_LIMIT ACCEL=500
;WIDTH:0.419999
G1 F15000
G1 X116.283 Y129.845 E.01509
G1 X116.801 Y129.744 E.01571
G1 X117.278 Y129.513 E.0158
G1 X117.553 Y129.297 E.01045
G1 X117.943 Y128.857 E.01752
G1 X116.783 Y127.696 E.04892
G1 X116.548 Y128.393 E.02191
G1 X116.241 Y129.062 E.02193
G1 X115.801 Y129.78 E.02512
SET_VELOCITY_LIMIT ACCEL=3000
G1 X115.159 Y130.009 F30000
SET_VELOCITY_LIMIT ACCEL=500
G1 F15000
G1 X115.666 Y130.176 E.01591
G1 X116.284 Y130.222 E.01848
G1 X116.798 Y130.136 E.01553
G1 X117.304 Y129.936 E.01622
G1 X117.728 Y129.646 E.0153
G1 X118.044 Y129.33 E.01332
G1 X118.451 Y128.831 E.01918
M73 P54 R6
G1 X116.566 Y126.946 E.07948
G1 X116.404 Y127.657 E.02175
M73 P54 R5
G1 X116.171 Y128.32 E.02093
G1 X115.884 Y128.929 E.02009
G1 X115.515 Y129.535 E.02113
G1 X115.183 Y129.977 E.01647
SET_VELOCITY_LIMIT ACCEL=3000
G1 X114.49 Y130.166 F30000
SET_VELOCITY_LIMIT ACCEL=500
G1 F15000
G1 X115.569 Y130.54 E.03404
G1 X116.044 Y130.6 E.01428
G1 X116.647 Y130.559 E.018
G1 X117.155 Y130.418 E.01573
G1 X117.662 Y130.163 E.0169
G1 X118.094 Y129.823 E.01639
G1 X118.834 Y128.959 E.03391
G1 X118.934 Y128.776 E.00622
G1 X116.276 Y126.123 E.11193
G1 X116.172 Y127.027 E.02713
G1 X116.033 Y127.583 E.01707
G1 X115.829 Y128.161 E.01826
G1 X115.561 Y128.735 E.01889
G1 X115.214 Y129.308 E.01999
G1 X114.842 Y129.801 E.0184
G1 X114.518 Y130.137 E.0139
SET_VELOCITY_LIMIT ACCEL=3000
G1 E-.728 F1800
;WIPE_START
G1 F30000
G1 X114.842 Y129.801 E-.02799
G1 X115.214 Y129.308 E-.03704
G1 X115.274 Y129.209 E-.00697
;WIPE_END
G1 X116.818 Y125.079 Z1.4
G1 Z1
G1 E.8 F1800
SET_VELOCITY_LIMIT ACCEL=500
;WIDTH:0.407456
G1 F15000
G1 X118.879 Y127.136 E.08387
G1 X118.669 Y126.552 E.01786
G1 X118.47 Y126.214 E.01131
G1 X117.985 Y125.688 E.02062
G1 X117.675 Y125.441 E.0114
G1 X117.01 Y125.127 E.02119
G1 X116.857 Y125.089 E.00455
SET_VELOCITY_LIMIT ACCEL=3000
G1 E-.728 F1800
;WIPE_START
G1 F30000
G1 X117.01 Y125.127 E-.00947
G1 X117.675 Y125.441 E-.04412
G1 X117.915 Y125.632 E-.01841
;WIPE_END
G1 X116.152 Y124.666 Z1.4
G1 Z1
G1 E.8 F1800
SET_VELOCITY_LIMIT ACCEL=500
;WIDTH:0.420005
G1 F15000
G1 X119 Y127.514 E.12004
G1 X119.041 Y128.088 E.01715
G1 X116.01 Y125.057 E.12773
SET_VELOCITY_LIMIT ACCEL=3000
G1 E-.728 F1800
;WIPE_START
G1 F30000
G1 X116.859 Y125.906 E-.072
;WIPE_END
G1 X119.178 Y128.268 Z1.4
G1 Z1
G1 E.8 F1800
SET_VELOCITY_LIMIT ACCEL=500
;TYPE:Gap infill
;WIDTH:0.332092
G1 F15000
G1 X119.095 Y128.379 E.00317
;WIDTH:0.376767
G1 X119.012 Y128.49 E.00367
;WIDTH:0.415435
G1 X118.992 Y128.506 E.00073
;WIDTH:0.421466
G1 X118.973 Y128.522 E.00075
G1 X118.866 Y128.446 E.00393
G1 X116.101 Y125.681 E.117
SET_VELOCITY_LIMIT ACCEL=3000
G1 E-.728 F1800
;WIPE_START
G1 F30000
G1 X116.949 Y126.53 E-.072
;WIPE_END
G1 X116.737 Y119.817 Z1.4
G1 Z1
G1 E.8 F1800
SET_VELOCITY_LIMIT ACCEL=500
;TYPE:Internal solid infill
;WIDTH:0.421709
G1 F15000
G1 X114.78 Y117.86 E.08284
G1 X114.444 Y117.774 E.01041
G1 X114.106 Y117.722 E.01021
G1 X116.645 Y120.261 E.10748
G1 X116.664 Y120.429 E.00506
G1 X116.657 Y120.808 E.01137
G1 X113.574 Y117.726 E.13052
G1 X113.296 Y117.749 E.00835
G1 X113.109 Y117.796 E.00579
G1 X116.576 Y121.263 E.14681
G1 X116.441 Y121.664 E.01267
G1 X112.706 Y117.929 E.15814
G1 X112.349 Y118.108 E.01195
G1 X116.262 Y122.021 E.16567
G1 X116.143 Y122.215 E.00683
G1 X116.044 Y122.338 E.00473
G1 X112.032 Y118.326 E.16986
G1 X111.751 Y118.581 E.01135
G1 X115.796 Y122.627 E.1713
G1 X115.536 Y122.902 E.01135
G1 X115.482 Y122.847 E.00232
G1 X115.212 Y122.397 E.01573
G1 X114.815 Y121.859 E.02002
G1 X114.394 Y121.4 E.01863
G1 X114.002 Y121.045 E.01584
G1 X113.517 Y120.681 E.01816
G1 X113.009 Y120.375 E.01774
G1 X111.506 Y118.871 E.06368
G1 X111.295 Y119.196 E.0116
G1 X112.059 Y119.96 E.03234
G1 X111.807 Y119.872 E.00798
G1 X111.312 Y119.75 E.01526
G1 X110.958 Y119.395 E.01499
SET_VELOCITY_LIMIT ACCEL=3000
G1 E-.728 F1800
;WIPE_START
G1 F30000
G1 X111.312 Y119.75 E-.03005
G1 X111.807 Y119.872 E-.03058
G1 X111.986 Y119.935 E-.01137
;WIPE_END
G1 X116.458 Y119.242 Z1.4
G1 Z1
G1 E.8 F1800
SET_VELOCITY_LIMIT ACCEL=500
;TYPE:Gap infill
;WIDTH:0.108906
G1 F15000
G1 X116.353 Y119.108 E.00089
;WIDTH:0.150377
G1 X116.249 Y118.973 E.00145
;WIDTH:0.191849
G1 X116.144 Y118.838 E.00201
;WIDTH:0.233321
G1 X116.04 Y118.704 E.00257
;WIDTH:0.274793
G1 X115.935 Y118.569 E.00312
;WIDTH:0.311544
G1 X115.821 Y118.432 E.00379
;WIDTH:0.348956
G1 X115.706 Y118.295 E.00432
G1 X115.529 Y118.127 E.00589
;WIDTH:0.321618
G1 X115.295 Y117.964 E.0063
;WIDTH:0.297009
G1 X115.06 Y117.801 E.00574
;LAYER_CHANGE
;Z:1.2
;HEIGHT:0.2
;BEFORE_LAYER_CHANGE
;1.2
G92 E0

G1 E-.78284 F1800
;WIPE_START
G1 F30000
G1 X115.295 Y117.964 E-.01716
;WIPE_END
M73 L6
;LAYER:6
SET_PRINT_STATS_INFO TOTAL_LAYER=16 CURRENT_LAYER=6
;_SET_FAN_SPEED_CHANGING_LAYER
SET_VELOCITY_LIMIT ACCEL=3000

G1 X115.884 Y118.84 Z1.25714
G1 X115.566 Y119.848 Z1.31429
G1 X114.58 Y120.227 Z1.37143
G1 X113.669 Y119.693 Z1.42857
G1 X113.519 Y118.647 Z1.48571
G1 X114.242 Y117.878 Z1.54286
G1 X115.295 Y117.964 Z1.6
G1 X144.589 Y135.137 Z1.6
G1 Z1.2
G1 E.8 F1800
SET_VELOCITY_LIMIT ACCEL=500
;TYPE:Inner wall
;WIDTH:0.449999
G1 F12000
G1 X144.358 Y135.017 E.00838
G1 X144.004 Y134.772 E.01385
G1 X143.686 Y134.48 E.01391
G1 X143.365 Y134.078 E.01653
G1 X148.63 Y134.078 E.16941
G1 X148.198 Y134.594 E.02165
G1 X147.88 Y134.859 E.01331
G1 X147.465 Y135.113 E.01565
G1 X146.347 Y135.565 E.03882
G1 X145.922 Y135.623 E.0138
G1 X145.569 Y135.546 E.01163
G1 X144.739 Y135.214 E.02877
G1 X144.625 Y135.155 E.00412
G1 X144.41 Y135.484 F30000
;TYPE:Outer wall
;WIDTH:0.419999
G1 F9600
G1 X144.176 Y135.364 E.00785
G1 X143.778 Y135.092 E.01438
G1 X143.419 Y134.767 E.01443
G1 X143.105 Y134.395 E.01452
G1 X142.845 Y133.984 E.01448
G1 X142.716 Y133.686 E.00967
G1 X149.294 Y133.686 E.19606
G1 X149.062 Y134.143 E.01528
G1 X148.797 Y134.52 E.01372
G1 X148.485 Y134.861 E.0138
G1 X148.129 Y135.162 E.01387
G1 X147.684 Y135.446 E.01573
G1 X146.821 Y135.815 E.02797
G1 X146.338 Y135.982 E.01524
G1 X145.896 Y136.019 E.01323
G1 X145.453 Y135.922 E.01349
G1 X144.593 Y135.578 E.02762
G1 X144.446 Y135.503 E.00494
SET_VELOCITY_LIMIT ACCEL=3000
G1 E-.728 F1800
;WIPE_START
G1 F30000
G1 X144.176 Y135.364 E-.0182
G1 X143.778 Y135.092 E-.02894
G1 X143.47 Y134.814 E-.02486
;WIPE_END
G1 X147.735 Y134.47 Z1.6
G1 Z1.2
G1 E.8 F1800
SET_VELOCITY_LIMIT ACCEL=500
;TYPE:Internal solid infill
G1 F15000
G1 X144.257 Y134.47 E.10367
G1 X144.866 Y134.841 E.02126
M73 P55 R5
G1 X145.684 Y135.17 E.02628
G1 X146.004 Y135.223 E.00967
G1 X146.221 Y135.194 E.00652
G1 X147.311 Y134.753 E.03505
G1 X147.702 Y134.492 E.01399
SET_VELOCITY_LIMIT ACCEL=3000
G1 E-.728 F1800
;WIPE_START
G1 F30000
G1 X147.311 Y134.753 E-.02816
G1 X146.634 Y135.027 E-.04384
;WIPE_END
G1 X145.973 Y134.847 Z1.6
G1 Z1.2
G1 E.8 F1800
SET_VELOCITY_LIMIT ACCEL=500
;WIDTH:0.419802
G1 F15000
G1 X146.062 Y134.844 E.00263
SET_VELOCITY_LIMIT ACCEL=3000
G1 E-.7947 F1800
;WIPE_START
G1 F30000
G1 X145.973 Y134.847 E-.0053
;WIPE_END
G1 X142.5 Y128.051 Z1.6
G1 X139.127 Y121.453 Z1.6
G1 Z1.2
G1 E.8 F1800
SET_VELOCITY_LIMIT ACCEL=500
;TYPE:Inner wall
;WIDTH:0.449999
G1 F12000
G1 X139.019 Y120.849 E.01973
G1 X139.018 Y120.216 E.02036
G1 X139.156 Y119.598 E.02037
G1 X139.403 Y119.01 E.02053
G1 X139.803 Y118.367 E.02437
G1 X140.132 Y117.935 E.01746
G1 X140.41 Y117.75 E.01075
G1 X140.784 Y117.624 E.01269
G1 X141.695 Y117.411 E.03009
G1 X142.327 Y117.381 E.02036
G1 X142.952 Y117.463 E.02029
G1 X143.547 Y117.681 E.02039
G1 X144.093 Y117.999 E.02034
G1 X144.557 Y118.43 E.02036
G1 X144.94 Y118.938 E.02049
G1 X145.23 Y119.462 E.01926
G1 X145.446 Y119.623 E.00866
G1 X146.051 Y119.852 E.02081
G1 X146.302 Y119.819 E.00815
G1 X146.539 Y119.658 E.00922
G1 X146.879 Y119.24 E.01735
G1 X147.098 Y118.883 E.01346
G1 X147.426 Y118.436 E.01786
G1 X147.817 Y118.074 E.01713
G1 X148.288 Y117.763 E.01815
G1 X148.849 Y117.52 E.01968
G1 X149.391 Y117.405 E.01784
G1 X150.056 Y117.384 E.02139
G1 X149.813 Y117.486 E.00847
G1 X149.494 Y117.685 E.01211
G1 X149.22 Y117.944 E.01211
G1 X149.001 Y118.25 E.01211
G1 X148.865 Y118.551 E.01062
G1 X148.763 Y118.96 E.01359
G1 X148.77 Y119.485 E.01689
G1 X148.916 Y119.983 E.01668
G1 X149.147 Y120.379 E.01476
G1 X149.406 Y120.653 E.01211
G1 X149.712 Y120.871 E.01211
G1 X150.056 Y121.025 E.01211
G1 X150.423 Y121.11 E.01211
G1 X150.799 Y121.121 E.01211
G1 X151.164 Y121.06 E.0119
G1 X151.522 Y120.925 E.01232
G1 X151.841 Y120.725 E.01211
G1 X152.187 Y120.379 E.01575
G1 X152.437 Y119.939 E.01629
G1 X152.572 Y119.45 E.01631
G1 X152.576 Y119.004 E.01436
G1 X152.784 Y119.431 E.01527
G1 X152.949 Y120.011 E.01941
G1 X152.991 Y120.631 E.02001
G1 X152.937 Y121.163 E.0172
G1 X152.805 Y121.659 E.01653
G1 X152.57 Y122.151 E.01753
G1 X152.167 Y122.711 E.02221
G1 X151.8 Y123.103 E.01728
G1 X151.673 Y123.309 E.00779
G1 X151.647 Y123.597 E.0093
G1 X151.766 Y124.084 E.01613
G1 X151.889 Y124.324 E.00869
G1 X152.126 Y124.489 E.00927
G1 X152.964 Y124.718 E.02798
G1 X153.453 Y124.891 E.01668
G1 X153.953 Y125.169 E.01841
G1 X154.49 Y125.63 E.02277
G1 X154.825 Y126.055 E.01741
G1 X155.063 Y126.495 E.0161
G1 X155.254 Y127.046 E.01876
G1 X155.347 Y127.619 E.01869
G1 X155.394 Y128.484 E.02786
G1 X155.345 Y128.804 E.01042
G1 X155.185 Y129.145 E.01212
G1 X154.891 Y129.508 E.01503
G1 X154.944 Y129.087 E.01367
G1 X154.882 Y128.551 E.01737
G1 X154.748 Y128.199 E.01211
G1 X154.551 Y127.884 E.01195
G1 X154.353 Y127.669 E.00941
G1 X153.984 Y127.388 E.01495
G1 X153.576 Y127.211 E.0143
G1 X153.017 Y127.139 E.01812
G1 X152.54 Y127.198 E.01546
G1 X152.174 Y127.334 E.01258
G1 X151.855 Y127.534 E.01211
G1 X151.581 Y127.792 E.01211
G1 X151.363 Y128.099 E.01211
G1 X151.218 Y128.418 E.01127
G1 X151.124 Y128.809 E.01294
G1 X151.113 Y129.185 E.01211
G1 X151.175 Y129.556 E.01211
G1 X151.309 Y129.908 E.01211
G1 X151.509 Y130.227 E.01211
G1 X151.767 Y130.501 E.01211
G1 X152.056 Y130.708 E.01143
G1 X152.403 Y130.868 E.01229
G1 X152.717 Y130.945 E.0104
G1 X152.378 Y130.991 E.01098
G1 X151.71 Y130.96 E.02153
G1 X151.155 Y130.835 E.01829
G1 X150.639 Y130.628 E.01791
G1 X150.061 Y130.449 E.01945
G1 X149.809 Y130.475 E.00818
G1 X149.573 Y130.626 E.00901
G1 X149.157 Y131.104 E.02038
G1 X149.104 Y131.439 E.01092
G1 X149.175 Y131.983 E.01765
G1 X142.827 Y131.983 E.20427
G1 X142.86 Y131.605 E.0122
G1 X142.838 Y131.098 E.01635
G1 X142.783 Y130.875 E.00738
G1 X142.707 Y130.755 E.00457
G1 X142.573 Y130.636 E.00575
G1 X142.31 Y130.545 E.00898
G1 X141.692 Y130.503 E.01992
G1 X140.72 Y130.872 E.03344
G1 X140.19 Y130.975 E.01739
G1 X139.646 Y130.986 E.0175
G1 X139.15 Y130.917 E.01611
G1 X138.556 Y130.726 E.02007
G1 X138.003 Y130.41 E.02049
G1 X138.241 Y130.457 E.00778
G1 X138.617 Y130.468 E.01211
G1 X138.988 Y130.406 E.01211
G1 X139.328 Y130.277 E.0117
G1 X139.659 Y130.072 E.01252
G1 X140.005 Y129.726 E.01575
G1 X140.249 Y129.3 E.0158
G1 X140.39 Y128.797 E.0168
G1 X140.401 Y128.458 E.01092
G1 X140.339 Y128.05 E.01329
G1 X140.205 Y127.698 E.01211
G1 X140.005 Y127.379 E.01211
G1 X139.815 Y127.173 E.00902
G1 X139.44 Y126.887 E.01517
G1 X139.032 Y126.71 E.01432
G1 X138.474 Y126.638 E.01809
G1 X137.997 Y126.697 E.01546
G1 X137.531 Y126.887 E.01622
G1 X137.135 Y127.194 E.01612
G1 X136.82 Y127.598 E.01648
;WIDTH:0.45859
G1 X136.628 Y128.049 E.01611
G1 X136.662 Y127.543 E.01666
;WIDTH:0.449999
G1 X136.761 Y126.961 E.019
G1 X136.979 Y126.402 E.01933
G1 X137.342 Y125.819 E.02208
G1 X137.73 Y125.418 E.01795
G1 X138.273 Y125.023 E.0216
G1 X138.753 Y124.809 E.01692
G1 X139.712 Y124.55 E.03196
G1 X140.135 Y124.282 E.01609
G1 X140.319 Y124.095 E.00845
G1 X140.404 Y123.816 E.00938
G1 X140.35 Y123.547 E.00883
G1 X140.093 Y123.009 E.01918
G1 X139.724 Y122.591 E.01796
G1 X139.376 Y122.055 E.02056
G1 X139.139 Y121.491 E.01969
G1 X138.743 Y121.522 F30000
;TYPE:Outer wall
;WIDTH:0.419999
G1 F9600
G1 X138.628 Y120.884 E.01931
G1 X138.628 Y120.173 E.02118
G1 X138.783 Y119.479 E.02119
G1 X139.058 Y118.822 E.02124
G1 X139.504 Y118.105 E.02517
G1 X139.867 Y117.64 E.01759
G1 X140.236 Y117.395 E.0132
G1 X140.676 Y117.247 E.01385
G1 X141.395 Y117.078 E.022
G1 X142.104 Y116.98 E.02132
G1 X142.813 Y117.041 E.02121
G1 X143.498 Y117.225 E.02116
G1 X144.128 Y117.555 E.0212
G1 X144.689 Y117.991 E.02117
G1 X145.155 Y118.559 E.0219
G1 X145.508 Y119.177 E.0212
G1 X145.6 Y119.263 E.00377
G1 X146.086 Y119.461 E.01565
G1 X146.231 Y119.413 E.00455
G1 X146.574 Y118.993 E.01617
G1 X146.841 Y118.548 E.01545
G1 X147.188 Y118.12 E.01642
G1 X147.582 Y117.76 E.0159
G1 X148.096 Y117.421 E.01837
G1 X148.616 Y117.188 E.01697
G1 X149.132 Y117.045 E.01595
G1 X149.641 Y116.983 E.0153
G1 X150.141 Y116.996 E.01491
;WIDTH:0.456004
G1 X150.329 Y117.048 E.00637
;WIDTH:0.492009
G1 X150.517 Y117.099 E.00692
;WIDTH:0.528014
G1 X151.499 Y117.345 E.03879
;WIDTH:0.532154
G1 X151.953 Y117.579 E.01977
G1 X152.312 Y117.943 E.01976
;WIDTH:0.556794
G1 X152.647 Y118.488 E.02598
G1 X152.726 Y118.583 E.00501
;WIDTH:0.516578
G1 X152.806 Y118.677 E.00462
;WIDTH:0.476361
G1 X152.885 Y118.771 E.00422
;WIDTH:0.436144
G1 X153.099 Y119.163 E.01386
;WIDTH:0.419999
G1 X153.291 Y119.752 E.01848
G1 X153.382 Y120.343 E.01782
G1 X153.379 Y120.869 E.01567
G1 X153.289 Y121.402 E.01612
G1 X153.097 Y121.968 E.01781
G1 X152.78 Y122.559 E.01998
G1 X152.472 Y122.958 E.01505
G1 X152.084 Y123.373 E.01693
G1 X152.032 Y123.497 E.004
G1 X152.146 Y123.99 E.0151
G1 X152.245 Y124.114 E.00472
G1 X153.067 Y124.34 E.02539
G1 X153.597 Y124.527 E.01676
G1 X154.02 Y124.747 E.01423
G1 X154.488 Y125.079 E.0171
G1 X154.883 Y125.481 E.01678
G1 X155.231 Y125.972 E.01796
G1 X155.519 Y126.567 E.01969
G1 X155.672 Y127.089 E.01621
G1 X155.738 Y127.598 E.01531
G1 X155.785 Y128.463 E.02581
G1 X155.731 Y128.871 E.01228
G1 X155.534 Y129.324 E.01473
G1 X155.33 Y129.591 E.01
;WIDTH:0.452205
G1 X154.833 Y130.165 E.02457
;WIDTH:0.497764
G1 X154.342 Y130.591 E.02338
;WIDTH:0.499805
G1 X153.952 Y130.855 E.01701
G1 X153.375 Y131.158 E.02353
;WIDTH:0.453867
G1 X152.881 Y131.318 E.01688
;WIDTH:0.419999
G1 X152.38 Y131.383 E.01504
G1 X151.66 Y131.349 E.02149
G1 X151.054 Y131.214 E.01849
G1 X150.554 Y131.014 E.01606
G1 X150.053 Y130.847 E.01573
G1 X149.893 Y130.866 E.00481
G1 X149.542 Y131.228 E.01501
G1 X149.492 Y131.384 E.00489
G1 X149.56 Y131.86 E.01433
G1 X149.583 Y132.375 E.01536
G1 X142.422 Y132.375 E.21343
G1 X142.416 Y132.154 E.0066
G1 X142.469 Y131.623 E.0159
G1 X142.428 Y131.043 E.01733
G1 X142.313 Y130.943 E.00453
G1 X141.783 Y130.891 E.01588
G1 X141.584 Y130.954 E.00623
G1 X140.981 Y131.197 E.01938
G1 X140.378 Y131.347 E.0185
G1 X139.841 Y131.391 E.01607
G1 X139.318 Y131.35 E.01563
G1 X138.829 Y131.242 E.01492
G1 X138.146 Y130.959 E.02205
;WIDTH:0.443328
G1 X137.662 Y130.638 E.01839
;WIDTH:0.492208
G1 X137.488 Y130.45 E.00909
;WIDTH:0.541088
G1 X136.895 Y129.807 E.03446
;WIDTH:0.526236
G1 X136.708 Y129.544 E.0123
;WIDTH:0.552429
G1 X136.432 Y129.129 E.02007
;WIDTH:0.510675
G1 X136.343 Y128.976 E.00654
;WIDTH:0.468921
G1 X136.255 Y128.823 E.00596
;WIDTH:0.427166
G1 X136.212 Y128.341 E.0147
;WIDTH:0.419999
G1 X136.261 Y127.642 E.0209
G1 X136.342 Y127.048 E.01786
G1 X136.515 Y126.47 E.01799
G1 X136.742 Y125.999 E.01558
G1 X137.049 Y125.559 E.016
G1 X137.474 Y125.121 E.01817
G1 X137.902 Y124.797 E.016
G1 X138.428 Y124.515 E.01779
G1 X138.871 Y124.358 E.014
G1 X139.445 Y124.239 E.01747
G1 X139.843 Y124.003 E.01382
M73 P56 R5
G1 X139.996 Y123.868 E.00605
G1 X139.995 Y123.713 E.00465
G1 X139.738 Y123.192 E.01728
G1 X139.298 Y122.669 E.02039
G1 X139.03 Y122.238 E.01513
G1 X138.754 Y121.583 E.02116
G1 X138.75 Y121.561 E.00068
SET_VELOCITY_LIMIT ACCEL=3000
G1 E-.728 F1800
;WIPE_START
G1 F30000
G1 X138.628 Y120.884 E-.04127
G1 X138.628 Y120.372 E-.03073
;WIPE_END
G1 X145.488 Y123.718 Z1.6
G1 X153.407 Y127.581 Z1.6
G1 Z1.2
G1 E.8 F1800
SET_VELOCITY_LIMIT ACCEL=500
G1 F9600
G1 X152.972 Y127.529 E.01306
G1 X152.505 Y127.621 E.01419
G1 X152.073 Y127.86 E.01472
G1 X151.858 Y128.069 E.00894
G1 X151.689 Y128.316 E.00894
G1 X151.581 Y128.568 E.00816
G1 X151.509 Y128.885 E.0097
G1 X151.505 Y129.185 E.00894
G1 X151.56 Y129.48 E.00894
G1 X151.671 Y129.758 E.00894
G1 X151.835 Y130.009 E.00894
G1 X152.044 Y130.224 E.00894
G1 X152.274 Y130.382 E.0083
G1 X152.553 Y130.506 E.0091
G1 X152.86 Y130.574 E.00939
;WIDTH:0.428778
G1 X153.465 Y130.571 E.01843
;WIDTH:0.519896
G1 X153.904 Y130.35 E.01853
;WIDTH:0.514785
G1 X154.262 Y130.036 E.01778
G1 X154.374 Y129.775 E.01057
;WIDTH:0.467392
G1 X154.487 Y129.515 E.00951
;WIDTH:0.419999
G1 X154.552 Y129.087 E.01291
G1 X154.497 Y128.627 E.0138
G1 X154.368 Y128.316 E.01003
G1 X154.076 Y127.946 E.01406
G1 X153.766 Y127.714 E.01156
G1 X153.469 Y127.588 E.00959
G1 X153.447 Y127.586 E.00067
SET_VELOCITY_LIMIT ACCEL=3000
G1 E-.728 F1800
;WIPE_START
G1 F30000
G1 X152.972 Y127.529 E-.02868
G1 X152.505 Y127.621 E-.02857
G1 X152.29 Y127.74 E-.01475
;WIPE_END
G1 X149.958 Y120.557 Z1.6
G1 Z1.2
G1 E.8 F1800
SET_VELOCITY_LIMIT ACCEL=500
G1 F9600
G1 X150.206 Y120.663 E.00803
G1 X150.499 Y120.725 E.00894
G1 X150.799 Y120.729 E.00894
G1 X151.087 Y120.675 E.00874
G1 X151.501 Y120.481 E.01363
G1 X151.838 Y120.19 E.01327
G1 X152.075 Y119.789 E.01388
G1 X152.191 Y119.337 E.01391
;WIDTH:0.465598
G1 X152.19 Y119.13 E.0069
;WIDTH:0.511196
G1 X152.189 Y118.924 E.00764
;WIDTH:0.556794
G1 X152.188 Y118.717 E.00838
G1 X151.908 Y118.218 E.02326
;WIDTH:0.531893
G1 X151.691 Y117.996 E.01201
;WIDTH:0.530079
G1 X151.431 Y117.826 E.01196
;WIDTH:0.513915
G1 X151.113 Y117.703 E.01269
;WIDTH:0.528014
G1 X150.617 Y117.627 E.01922
G1 X150.551 Y117.647 E.00265
;WIDTH:0.489563
G1 X150.257 Y117.748 E.01098
;WIDTH:0.454781
G1 X149.963 Y117.848 E.01012
;WIDTH:0.419999
G1 X149.711 Y118.011 E.00894
G1 X149.497 Y118.221 E.00894
G1 X149.327 Y118.468 E.00894
G1 X149.227 Y118.701 E.00755
G1 X149.147 Y119.037 E.0103
G1 X149.147 Y119.373 E.01003
G1 X149.278 Y119.833 E.01424
G1 X149.473 Y120.161 E.01138
G1 X149.683 Y120.376 E.00894
G1 X149.922 Y120.54 E.00865
SET_VELOCITY_LIMIT ACCEL=3000
G1 E-.728 F1800
;WIPE_START
G1 F30000
G1 X150.206 Y120.663 E-.01854
G1 X150.499 Y120.725 E-.01799
G1 X150.799 Y120.729 E-.01799
G1 X151.085 Y120.676 E-.01748
;WIPE_END
G1 X144.806 Y125.015 Z1.6
G1 X137.708 Y129.92 Z1.6
G1 Z1.2
G1 E.8 F1800
SET_VELOCITY_LIMIT ACCEL=500
;WIDTH:0.521806
G1 F9600
G1 X137.761 Y129.957 E.00247
G1 X137.947 Y129.996 E.00716
;WIDTH:0.487871
G1 X138.132 Y130.034 E.00666
;WIDTH:0.453935
G1 X138.317 Y130.073 E.00615
;WIDTH:0.419999
G1 X138.617 Y130.076 E.00894
G1 X138.919 Y130.02 E.00917
G1 X139.359 Y129.802 E.01463
G1 X139.656 Y129.537 E.01185
G1 X139.887 Y129.15 E.01344
G1 X140.005 Y128.721 E.01327
G1 X140.009 Y128.458 E.00783
G1 X139.954 Y128.126 E.01002
G1 X139.836 Y127.834 E.00939
G1 X139.538 Y127.45 E.0145
G1 X139.223 Y127.213 E.01176
G1 X138.926 Y127.087 E.0096
G1 X138.429 Y127.028 E.01491
G1 X138.064 Y127.083 E.01101
G1 X137.786 Y127.193 E.00893
G1 X137.53 Y127.359 E.00908
G1 X137.225 Y127.697 E.01356
G1 X137.027 Y128.091 E.01315
G1 X136.962 Y128.421 E.01003
;WIDTH:0.467108
G1 X136.958 Y128.617 E.00655
;WIDTH:0.514216
G1 X136.955 Y128.812 E.00728
;WIDTH:0.561324
G1 X136.951 Y129.008 E.00801
G1 X137.106 Y129.316 E.01416
;WIDTH:0.515843
G1 X137.47 Y129.755 E.02129
;WIDTH:0.521806
G1 X137.675 Y129.897 E.00946
SET_VELOCITY_LIMIT ACCEL=3000
G1 E-.728 F1800
;WIPE_START
G1 F30000
G1 X137.761 Y129.957 E-.00632
G1 X137.947 Y129.996 E-.01135
G1 X138.132 Y130.034 E-.01135
G1 X138.317 Y130.073 E-.01135
G1 X138.617 Y130.076 E-.01799
G1 X138.84 Y130.034 E-.01364
;WIPE_END
G1 X136.596 Y128.684 Z1.6
G1 Z1.2
G1 E.8 F1800
SET_VELOCITY_LIMIT ACCEL=500
;TYPE:Inner wall
;WIDTH:0.426618
G1 F12000
G1 X136.592 Y128.31 E.01134
;WIDTH:0.45859
G1 X136.628 Y128.049 E.00866
SET_VELOCITY_LIMIT ACCEL=3000
G1 E-.76175 F1800
;WIPE_START
G1 F30000
G1 X136.592 Y128.31 E-.01581
G1 X136.596 Y128.684 E-.02244
;WIPE_END
G1 X139.361 Y121.625 Z1.6
G1 Z1.2
G1 E.8 F1800
SET_VELOCITY_LIMIT ACCEL=500
;TYPE:Sparse infill
;WIDTH:0.45
G1 F12000
G1 X143.11 Y117.876 E.17059
G1 X143.229 Y117.914 E.00401
G1 X143.57 Y118.074 E.01213
G1 X143.887 Y118.278 E.01213
G1 X144.174 Y118.522 E.01212
G1 X144.427 Y118.802 E.01212
G1 X144.643 Y119.117 E.01232
G1 X144.875 Y119.558 E.01602
G1 X145.052 Y119.772 E.00894
G1 X138.523 Y126.301 E.29712
G1 X139.127 Y126.377 E.0196
G1 X139.482 Y126.517 E.01228
G1 X139.873 Y126.759 E.01477
G1 X140.244 Y127.119 E.01664
G1 X140.493 Y127.496 E.01454
G1 X140.676 Y127.986 E.01684
G1 X148.585 Y120.077 E.35988
G1 X148.71 Y120.347 E.00959
G1 X148.92 Y120.652 E.0119
G1 X149.169 Y120.906 E.01144
G1 X149.582 Y121.198 E.01628
G1 X149.929 Y121.347 E.01215
G1 X150.091 Y121.397 E.00545
G1 X150.44 Y121.463 E.01143
G1 X150.878 Y121.464 E.01408
G1 X151.072 Y121.428 E.00635
G1 X142.303 Y130.197 E.39901
G1 X142.592 Y130.258 E.00948
G1 X142.789 Y130.362 E.00719
G1 X142.974 Y130.534 E.00813
G1 X143.099 Y130.731 E.00751
G1 X143.183 Y131.068 E.01117
G1 X143.204 Y131.637 E.01831
G1 X144.701 Y131.637 E.04817
G1 X151.709 Y124.629 E.3189
G1 X151.916 Y124.775 E.00816
G1 X152.081 Y124.838 E.00567
G1 X153.017 Y125.091 E.03119
G1 X153.376 Y125.233 E.01244
G1 X153.705 Y125.416 E.01213
G1 X154.007 Y125.642 E.01213
G1 X154.274 Y125.902 E.01199
G1 X153.342 Y126.834 E.04243
G1 X152.991 Y126.79 E.01137
G1 X152.845 Y126.795 E.00471
G1 X152.474 Y126.858 E.0121
G1 X152.291 Y126.911 E.00612
G1 X151.955 Y127.055 E.01178
G1 X151.582 Y127.305 E.01443
G1 X151.227 Y127.678 E.01658
G1 X151.021 Y127.996 E.01218
G1 X150.884 Y128.32 E.01133
G1 X150.772 Y128.817 E.01638
G1 X150.767 Y129.191 E.01204
G1 X150.789 Y129.387 E.00635
G1 X150.068 Y130.108 E.03279
G1 X150.001 Y130.097 E.00218
G1 X149.701 Y130.145 E.00978
G1 X149.5 Y130.241 E.00717
G1 X149.365 Y130.344 E.00547
G1 X148.999 Y130.728 E.01705
G1 X148.838 Y130.961 E.00912
G1 X148.768 Y131.408 E.01457
G1 X148.356 Y131.82 E.01875
SET_VELOCITY_LIMIT ACCEL=3000
G1 E-.728 F1800
;WIPE_START
G1 F30000
G1 X148.768 Y131.408 E-.03496
G1 X148.838 Y130.961 E-.02718
G1 X148.932 Y130.826 E-.00986
;WIPE_END
G1 X141.585 Y128.754 Z1.6
G1 X110.182 Y119.901 Z1.6
G1 Z1.2
G1 E.8 F1800
SET_VELOCITY_LIMIT ACCEL=500
;TYPE:Inner wall
;WIDTH:0.553586
G1 F12000
G1 X110.3 Y119.821 E.00577
;WIDTH:0.519057
G1 X110.418 Y119.741 E.00538
;WIDTH:0.484528
G1 X110.537 Y119.66 E.00499
;WIDTH:0.449999
G1 X110.857 Y119.267 E.01634
G1 X111.134 Y118.821 E.0169
G1 X111.479 Y118.384 E.01792
G1 X111.905 Y118.008 E.01828
G1 X112.347 Y117.73 E.01678
G1 X112.829 Y117.525 E.01686
G1 X113.351 Y117.41 E.01722
G1 X113.962 Y117.381 E.01965
G1 X114.51 Y117.45 E.01778
G1 X115.28 Y117.647 E.02557
G1 X115.727 Y117.827 E.0155
G1 X115.869 Y117.954 E.00613
G1 X116.176 Y118.337 E.01581
G1 X116.459 Y118.806 E.01763
G1 X116.743 Y119.329 E.01913
G1 X116.919 Y119.882 E.01869
G1 X116.995 Y120.413 E.01725
G1 X116.972 Y120.938 E.01691
G1 X116.83 Y121.575 E.021
G1 X116.594 Y122.112 E.01888
G1 X116.206 Y122.663 E.02166
G1 X115.817 Y123.085 E.01847
;WIDTH:0.494981
G1 X115.706 Y123.288 E.00828
;WIDTH:0.539962
G1 X115.595 Y123.491 E.0091
;WIDTH:0.575225
G1 X115.587 Y123.576 E.00359
;WIDTH:0.610488
G1 F11676.827
G1 X115.579 Y123.661 E.00383
G1 X115.532 Y123.588 E.00389
;WIDTH:0.575225
G1 F12000
G1 X115.486 Y123.515 E.00365
;WIDTH:0.539962
G1 X115.355 Y123.29 E.0102
;WIDTH:0.494981
G1 X115.224 Y123.066 E.00928
;WIDTH:0.449999
G1 X114.931 Y122.572 E.01848
G1 X114.591 Y122.109 E.01848
G1 X114.208 Y121.682 E.01848
G1 X113.784 Y121.294 E.01848
G1 X113.325 Y120.95 E.01848
G1 X112.834 Y120.653 E.01847
G1 X112.316 Y120.404 E.01849
G1 X111.776 Y120.208 E.01848
G1 X111.219 Y120.066 E.01848
G1 X110.689 Y119.984 E.01728
;WIDTH:0.484528
G1 X110.52 Y119.957 E.00597
;WIDTH:0.519057
G1 X110.351 Y119.929 E.00644
;WIDTH:0.553586
G1 X110.222 Y119.908 E.00529
SET_VELOCITY_LIMIT ACCEL=3000
G1 E-.728 F1800
;WIPE_START
G1 F30000
G1 X110.3 Y119.821 E-.00703
G1 X110.418 Y119.741 E-.00857
G1 X110.537 Y119.66 E-.00857
G1 X110.857 Y119.267 E-.03046
G1 X111.01 Y119.021 E-.01737
;WIPE_END
G1 X115.742 Y124.207 Z1.6
G1 Z1.2
M73 P57 R5
G1 E.8 F1800
SET_VELOCITY_LIMIT ACCEL=500
;WIDTH:0.575008
G1 F12000
G1 X115.839 Y124.286 E.00526
;WIDTH:0.533339
G1 X115.936 Y124.365 E.00485
;WIDTH:0.491669
G1 X116.033 Y124.444 E.00444
;WIDTH:0.449999
G1 X116.178 Y124.506 E.00507
G1 X117.126 Y124.762 E.03159
G1 X117.59 Y124.956 E.01621
G1 X118.157 Y125.321 E.02168
G1 X118.535 Y125.673 E.01663
G1 X118.851 Y126.099 E.01705
G1 X119.13 Y126.652 E.01993
G1 X119.287 Y127.167 E.01733
G1 X119.35 Y127.677 E.01652
G1 X119.387 Y128.357 E.02193
G1 X119.337 Y128.849 E.01591
G1 X119.179 Y129.157 E.01113
G1 X118.65 Y129.804 E.0269
G1 X118.294 Y130.179 E.01662
G1 X117.861 Y130.5 E.01734
G1 X117.308 Y130.779 E.01992
G1 X116.802 Y130.933 E.01705
G1 X116.288 Y130.991 E.01664
G1 X115.701 Y130.959 E.0189
G1 X115.192 Y130.845 E.01678
G1 X114.704 Y130.652 E.01691
G1 X114.177 Y130.475 E.01788
;WIDTH:0.488332
G1 X114.079 Y130.457 E.0035
;WIDTH:0.526664
G1 X113.981 Y130.439 E.0038
;WIDTH:0.564996
G1 X113.884 Y130.42 E.00411
;WIDTH:0.603328
G1 F11826.015
G1 X113.786 Y130.402 E.00441
G1 X113.827 Y130.352 E.00289
;WIDTH:0.577798
G1 F12000
G1 X113.94 Y130.22 E.00735
;WIDTH:0.535199
G1 X114.054 Y130.089 E.00676
;WIDTH:0.492599
G1 X114.167 Y129.957 E.00618
;WIDTH:0.449999
G1 X114.555 Y129.534 E.01848
G1 X114.899 Y129.074 E.01848
G1 X115.197 Y128.583 E.01848
G1 X115.445 Y128.065 E.01848
G1 X115.641 Y127.525 E.01848
G1 X115.787 Y126.954 E.01896
G1 X115.876 Y126.345 E.01983
G1 X115.898 Y125.696 E.02087
G1 X115.816 Y124.828 E.02806
;WIDTH:0.491669
G1 X115.791 Y124.621 E.00739
;WIDTH:0.533339
G1 X115.766 Y124.414 E.00808
;WIDTH:0.575008
G1 X115.747 Y124.247 E.00709
SET_VELOCITY_LIMIT ACCEL=3000
G1 E-.728 F1800
;WIPE_START
G1 F30000
G1 X115.839 Y124.286 E-.00602
G1 X115.936 Y124.365 E-.00751
G1 X116.033 Y124.444 E-.00751
G1 X116.178 Y124.506 E-.00946
G1 X116.846 Y124.686 E-.04151
;WIPE_END
G1 X109.225 Y124.269 Z1.6
G1 X104.423 Y124.007 Z1.6
G1 Z1.2
G1 E.8 F1800
SET_VELOCITY_LIMIT ACCEL=500
;WIDTH:0.562316
G1 F12000
G1 X104.405 Y123.867 E.00577
;WIDTH:0.524877
G1 X104.386 Y123.728 E.00536
;WIDTH:0.487438
G1 X104.367 Y123.588 E.00494
;WIDTH:0.449999
G1 X104.135 Y123.085 E.01785
G1 X103.475 Y122.242 E.03443
G1 X103.247 Y121.786 E.01639
G1 X103.06 Y121.16 E.02103
G1 X103 Y120.638 E.0169
G1 X103.048 Y120.047 E.01909
G1 X103.183 Y119.513 E.01772
G1 X103.403 Y119.01 E.01766
G1 X103.803 Y118.367 E.02437
G1 X104.132 Y117.935 E.01746
G1 X104.41 Y117.75 E.01075
G1 X104.784 Y117.624 E.01269
G1 X105.695 Y117.411 E.03009
G1 X106.234 Y117.378 E.01739
G1 X106.841 Y117.444 E.01965
G1 X107.355 Y117.591 E.01721
G1 X107.822 Y117.825 E.01681
G1 X108.247 Y118.13 E.01684
G1 X108.652 Y118.534 E.0184
G1 X108.94 Y118.938 E.01598
G1 X109.202 Y119.428 E.01786
G1 X109.559 Y119.672 E.01391
;WIDTH:0.499701
G1 X109.789 Y119.785 E.00926
;WIDTH:0.549402
G1 X110.019 Y119.898 E.01026
G1 X109.762 Y119.936 E.0104
;WIDTH:0.499701
G1 X109.505 Y119.973 E.00938
;WIDTH:0.449999
G1 X108.936 Y120.055 E.01848
G1 X108.379 Y120.192 E.01848
G1 X107.837 Y120.383 E.01848
G1 X107.317 Y120.625 E.01848
G1 X106.823 Y120.918 E.01848
G1 X106.36 Y121.258 E.01848
G1 X105.933 Y121.642 E.01848
G1 X105.545 Y122.065 E.01848
G1 X105.201 Y122.525 E.01848
G1 X104.903 Y123.016 E.01848
G1 X104.65 Y123.545 E.01887
;WIDTH:0.487438
G1 X104.574 Y123.699 E.00602
;WIDTH:0.524877
G1 X104.499 Y123.853 E.00653
;WIDTH:0.562316
G1 X104.441 Y123.971 E.0054
SET_VELOCITY_LIMIT ACCEL=3000
G1 E-.728 F1800
;WIPE_START
G1 F30000
G1 X104.405 Y123.867 E-.00658
G1 X104.386 Y123.728 E-.00844
G1 X104.367 Y123.588 E-.00844
G1 X104.135 Y123.085 E-.03328
G1 X103.978 Y122.884 E-.01526
;WIPE_END
G1 X104.454 Y127.504 Z1.6
G1 Z1.2
G1 E.8 F1800
SET_VELOCITY_LIMIT ACCEL=500
;WIDTH:0.449999
G1 F12000
G1 X104.633 Y128.012 E.01734
G1 X104.876 Y128.533 E.01848
G1 X105.174 Y129.035 E.01879
G1 X105.545 Y129.534 E.02
G1 X106.021 Y130.037 E.0223
;WIDTH:0.486248
G1 X106.226 Y130.229 E.00984
;WIDTH:0.522496
G1 X106.431 Y130.421 E.01065
;WIDTH:0.558744
G1 X106.636 Y130.613 E.01145
G1 X106.496 Y130.588 E.00583
;WIDTH:0.522496
G1 X106.355 Y130.562 E.00542
;WIDTH:0.486248
G1 X106.214 Y130.536 E.00501
;WIDTH:0.449999
G1 X105.682 Y130.505 E.01717
G1 X104.677 Y130.887 E.03458
G1 X104.148 Y130.978 E.01728
G1 X103.521 Y130.977 E.02016
G1 X103.005 Y130.887 E.01687
G1 X102.503 Y130.699 E.01724
G1 X101.977 Y130.392 E.01958
G1 X101.561 Y130.043 E.01749
G1 X101.095 Y129.499 E.02306
G1 X100.732 Y129.014 E.01949
G1 X100.623 Y128.699 E.01073
G1 X100.603 Y128.321 E.01216
G1 X100.643 Y127.795 E.01697
G1 X100.732 Y127.095 E.02271
G1 X100.893 Y126.575 E.01751
G1 X101.146 Y126.102 E.01727
G1 X101.531 Y125.608 E.02016
G1 X101.919 Y125.255 E.01689
G1 X102.351 Y124.986 E.01636
G1 X103.057 Y124.71 E.02438
G1 X103.567 Y124.613 E.01671
G1 X103.975 Y124.383 E.01508
;WIDTH:0.489402
G1 X104.115 Y124.283 E.00606
;WIDTH:0.528804
G1 X104.254 Y124.183 E.0066
;WIDTH:0.568206
G1 X104.394 Y124.082 E.00713
G1 X104.39 Y124.115 E.00136
;WIDTH:0.558476
G1 X104.365 Y124.287 E.00707
;WIDTH:0.522317
G1 X104.341 Y124.458 E.00657
;WIDTH:0.486158
G1 X104.317 Y124.63 E.00607
;WIDTH:0.449999
G1 X104.23 Y125.198 E.01848
G1 X104.199 Y125.771 E.01848
G1 X104.224 Y126.336 E.0182
G1 X104.305 Y126.913 E.01876
G1 X104.441 Y127.466 E.01832
SET_VELOCITY_LIMIT ACCEL=3000
G1 E-.728 F1800
;WIPE_START
G1 F30000
G1 X104.633 Y128.012 E-.03474
G1 X104.876 Y128.533 E-.03445
G1 X104.9 Y128.573 E-.00281
;WIPE_END
G1 X106.722 Y130.683 Z1.6
G1 Z1.2
G1 E.8 F1800
SET_VELOCITY_LIMIT ACCEL=500
;WIDTH:0.568366
G1 F12000
G1 X106.799 Y130.72 E.00355
;WIDTH:0.542627
G1 X107.033 Y130.833 E.01026
;WIDTH:0.496313
G1 X107.267 Y130.946 E.00931
;WIDTH:0.449999
G1 X107.763 Y131.184 E.01771
G1 X108.324 Y131.391 E.01924
G1 X108.881 Y131.533 E.01848
G1 X109.448 Y131.62 E.01848
G1 X110.022 Y131.651 E.01848
G1 X110.595 Y131.625 E.01848
G1 X111.213 Y131.534 E.02011
G1 X111.776 Y131.391 E.01868
G1 X112.316 Y131.194 E.01848
G1 X112.833 Y130.946 E.01848
;WIDTH:0.491394
G1 X112.969 Y130.889 E.00521
;WIDTH:0.532788
G1 X113.104 Y130.831 E.00569
;WIDTH:0.574182
G1 X113.239 Y130.773 E.00617
;WIDTH:0.615576
G1 F11573.08
G1 X113.374 Y130.715 E.00665
G1 X113.312 Y130.831 E.00595
;WIDTH:0.574182
G1 F12000
G1 X113.25 Y130.947 E.00552
;WIDTH:0.532788
G1 X113.188 Y131.063 E.00509
;WIDTH:0.491394
G1 X113.127 Y131.179 E.00466
;WIDTH:0.449999
G1 X113.104 Y131.439 E.00839
G1 X113.174 Y131.956 E.01677
G1 X113.18 Y132.476 E.01673
G1 X113.081 Y133.097 E.02025
G1 X112.915 Y133.582 E.01647
G1 X112.656 Y134.041 E.01697
G1 X112.263 Y134.524 E.02005
G1 X111.857 Y134.877 E.0173
G1 X111.387 Y135.15 E.01751
G1 X110.741 Y135.425 E.02257
G1 X110.258 Y135.596 E.01649
G1 X109.922 Y135.623 E.01085
G1 X109.569 Y135.546 E.01163
G1 X108.8 Y135.239 E.02663
G1 X108.329 Y135.002 E.01698
G1 X107.897 Y134.677 E.01737
G1 X107.475 Y134.227 E.01985
G1 X107.182 Y133.784 E.01709
G1 X106.981 Y133.307 E.01667
G1 X106.856 Y132.804 E.01668
G1 X106.808 Y132.154 E.02096
G1 X106.86 Y131.605 E.01773
G1 X106.838 Y131.098 E.01635
;WIDTH:0.489455
G1 X106.799 Y130.959 E.00507
;WIDTH:0.528911
G1 X106.761 Y130.821 E.00551
;WIDTH:0.568366
G1 X106.733 Y130.721 E.0043
SET_VELOCITY_LIMIT ACCEL=3000
G1 E-.728 F1800
;WIPE_START
G1 F30000
G1 X106.799 Y130.72 E-.00398
G1 X107.033 Y130.833 E-.01558
G1 X107.267 Y130.946 E-.01558
G1 X107.763 Y131.184 E-.03302
G1 X107.823 Y131.206 E-.00384
;WIPE_END
G1 X104.742 Y127.049 Z1.6
G1 Z1.2
G1 E.8 F1800
SET_VELOCITY_LIMIT ACCEL=500
;TYPE:Outer wall
;WIDTH:0.419999
G1 F9600
G1 X104.823 Y127.375 E.01001
G1 X105.002 Y127.88 E.01597
G1 X105.231 Y128.365 E.01597
G1 X105.505 Y128.825 E.01597
G1 X105.824 Y129.256 E.01597
G1 X106.183 Y129.654 E.01597
G1 X106.579 Y130.014 E.01597
G1 X106.991 Y130.32 E.01529
G1 X107.468 Y130.61 E.01664
G1 X107.93 Y130.83 E.01526
G1 X108.456 Y131.021 E.01668
G1 X108.976 Y131.152 E.01597
G1 X109.506 Y131.232 E.01597
G1 X110.041 Y131.259 E.01597
G1 X110.576 Y131.234 E.01597
G1 X111.072 Y131.161 E.01494
G1 X111.626 Y131.027 E.01699
G1 X112.131 Y130.847 E.01597
G1 X112.616 Y130.619 E.01597
G1 X113.076 Y130.344 E.01597
G1 X113.507 Y130.026 E.01597
G1 X113.904 Y129.667 E.01597
G1 X114.265 Y129.27 E.01597
G1 X114.585 Y128.84 E.01597
G1 X114.861 Y128.381 E.01597
G1 X115.091 Y127.897 E.01597
G1 X115.272 Y127.393 E.01597
G1 X115.403 Y126.874 E.01597
G1 X115.483 Y126.344 E.01597
G1 X115.51 Y125.809 E.01597
G1 X115.484 Y125.273 E.01597
G1 X115.407 Y124.743 E.01597
G1 X115.277 Y124.223 E.01597
G1 X115.098 Y123.719 E.01597
G1 X114.869 Y123.234 E.01597
G1 X114.595 Y122.774 E.01597
G1 X114.276 Y122.343 E.01597
G1 X113.917 Y121.945 E.01597
G1 X113.507 Y121.573 E.01652
G1 X112.791 Y121.084 E.02582
G1 X112.272 Y120.817 E.01741
G1 X111.755 Y120.617 E.01651
G1 X111.215 Y120.469 E.0167
G1 X110.631 Y120.372 E.01764
G1 X110.059 Y120.34 E.01707
G1 X109.506 Y120.367 E.01652
G1 X108.933 Y120.457 E.01727
G1 X108.353 Y120.614 E.01791
G1 X107.818 Y120.822 E.01711
G1 X107.024 Y121.255 E.02694
G1 X106.593 Y121.573 E.01597
G1 X106.196 Y121.932 E.01597
G1 X105.835 Y122.329 E.01597
G1 X105.515 Y122.758 E.01597
G1 X105.239 Y123.218 E.01597
G1 X105.009 Y123.701 E.01597
G1 X104.828 Y124.206 E.01597
G1 X104.697 Y124.725 E.01597
G1 X104.617 Y125.255 E.01597
G1 X104.59 Y125.79 E.01597
G1 X104.615 Y126.317 E.01571
G1 X104.693 Y126.855 E.01623
G1 X104.732 Y127.011 E.00477
SET_VELOCITY_LIMIT ACCEL=3000
G1 E-.728 F1800
;WIPE_START
G1 F30000
G1 X104.823 Y127.375 E-.02255
G1 X105.002 Y127.88 E-.03215
G1 X105.125 Y128.141 E-.0173
;WIPE_END
G1 X103.14 Y122.401 Z1.6
G1 Z1.2
G1 E.8 F1800
SET_VELOCITY_LIMIT ACCEL=500
G1 F9600
G1 X102.971 Y122.128 E.00957
G1 X102.754 Y121.583 E.01746
G1 X102.638 Y120.992 E.01798
G1 X102.615 Y120.479 E.01529
G1 X102.662 Y119.979 E.01499
G1 X102.81 Y119.394 E.01796
G1 X103.058 Y118.822 E.01859
G1 X103.504 Y118.105 E.02517
G1 X103.867 Y117.64 E.01759
G1 X104.236 Y117.395 E.0132
G1 X104.676 Y117.247 E.01385
G1 X105.632 Y117.023 E.02924
G1 X106.25 Y116.986 E.01847
G1 X106.909 Y117.058 E.01975
G1 X107.498 Y117.225 E.01826
G1 X108.034 Y117.495 E.01789
G1 X108.501 Y117.831 E.01715
G1 X108.943 Y118.272 E.01859
G1 X109.235 Y118.675 E.01486
G1 X109.508 Y119.177 E.01702
G1 X109.6 Y119.263 E.00377
G1 X110.078 Y119.461 E.01542
G1 X110.231 Y119.412 E.00478
G1 X110.574 Y118.993 E.01616
G1 X110.841 Y118.548 E.01545
G1 X111.205 Y118.103 E.01714
G1 X111.67 Y117.694 E.01848
G1 X112.156 Y117.388 E.0171
G1 X112.709 Y117.151 E.01793
G1 X113.308 Y117.02 E.01827
G1 X113.97 Y116.989 E.01975
G1 X114.589 Y117.065 E.01859
G1 X115.377 Y117.267 E.02426
G1 X115.944 Y117.496 E.01823
G1 X116.275 Y117.792 E.01325
G1 X116.543 Y118.179 E.01402
G1 X117.043 Y119.023 E.02925
G1 X117.253 Y119.602 E.01833
G1 X117.372 Y120.26 E.01993
G1 X117.379 Y120.869 E.01816
G1 X117.273 Y121.456 E.01777
G1 X117.069 Y122.032 E.01821
G1 X116.782 Y122.556 E.01781
G1 X116.46 Y122.972 E.01571
G1 X116.101 Y123.355 E.01562
G1 X116.032 Y123.499 E.00478
G1 X116.146 Y123.99 E.01503
G1 X116.249 Y124.116 E.00484
G1 X117.318 Y124.417 E.0331
G1 X117.781 Y124.614 E.015
G1 X118.391 Y125.007 E.02164
G1 X118.828 Y125.411 E.01772
G1 X119.189 Y125.9 E.01812
G1 X119.491 Y126.5 E.02001
G1 X119.672 Y127.089 E.01837
G1 X119.742 Y127.656 E.01702
G1 X119.789 Y128.536 E.02629
G1 X119.713 Y128.975 E.01328
G1 X119.509 Y129.373 E.01333
G1 X118.659 Y130.366 E.03896
G1 X118.184 Y130.765 E.01847
G1 X117.647 Y131.061 E.01828
G1 X117.056 Y131.27 E.01867
G1 X116.53 Y131.366 E.01594
G1 X115.936 Y131.385 E.01773
G1 X115.367 Y131.298 E.01716
G1 X114.16 Y130.882 E.03803
G1 X113.934 Y130.847 E.00682
G1 X113.542 Y131.228 E.01629
M73 P58 R5
G1 X113.492 Y131.384 E.00489
G1 X113.566 Y131.938 E.01667
G1 X113.556 Y132.675 E.02197
G1 X113.463 Y133.183 E.01538
G1 X113.274 Y133.742 E.01758
G1 X112.976 Y134.269 E.01804
G1 X112.55 Y134.792 E.02011
G1 X112.086 Y135.197 E.01835
G1 X111.547 Y135.508 E.01854
G1 X110.845 Y135.806 E.02276
G1 X110.338 Y135.982 E.01599
G1 X109.896 Y136.019 E.01323
G1 X109.603 Y135.955 E.00894
G1 X109.057 Y135.764 E.01723
G1 X108.254 Y135.406 E.02622
G1 X107.736 Y135.062 E.01852
G1 X107.299 Y134.63 E.01832
G1 X106.987 Y134.213 E.01551
G1 X106.69 Y133.648 E.01904
G1 X106.504 Y133.082 E.01777
G1 X106.425 Y132.493 E.01771
G1 X106.454 Y131.303 E.03546
G1 X106.411 Y131.013 E.00876
G1 X106.248 Y130.933 E.00539
G1 X105.69 Y130.907 E.01666
G1 X105.182 Y131.128 E.0165
G1 X104.683 Y131.285 E.0156
G1 X104.174 Y131.369 E.01539
G1 X103.495 Y131.369 E.02022
G1 X102.902 Y131.267 E.01795
G1 X102.328 Y131.05 E.01828
G1 X101.757 Y130.717 E.01969
G1 X101.281 Y130.318 E.01852
G1 X100.713 Y129.655 E.02602
G1 X100.379 Y129.193 E.01699
G1 X100.234 Y128.775 E.01319
G1 X100.21 Y128.317 E.01367
G1 X100.311 Y127.204 E.03332
G1 X100.438 Y126.695 E.01564
G1 X100.636 Y126.212 E.01555
G1 X100.932 Y125.718 E.01716
G1 X101.323 Y125.251 E.01817
G1 X101.785 Y124.874 E.01775
G1 X102.418 Y124.519 E.02163
G1 X102.96 Y124.329 E.01713
G1 X103.511 Y124.213 E.0168
G1 X103.987 Y123.886 E.01721
G1 X103.988 Y123.698 E.0056
G1 X103.748 Y123.203 E.01639
G1 X103.347 Y122.738 E.01832
G1 X103.16 Y122.435 E.0106
SET_VELOCITY_LIMIT ACCEL=3000
G1 E-.728 F1800
;WIPE_START
G1 F30000
G1 X102.971 Y122.128 E-.02166
G1 X102.754 Y121.583 E-.03515
G1 X102.705 Y121.335 E-.01519
;WIPE_END
G1 X110.159 Y122.977 Z1.6
G1 X115.742 Y124.207 Z1.6
G1 Z1.2
G1 E.8 F1800
SET_VELOCITY_LIMIT ACCEL=500
;TYPE:Inner wall
;WIDTH:0.610488
G1 F11676.827
G1 X115.579 Y123.661 E.02557
SET_VELOCITY_LIMIT ACCEL=3000
G1 E-.7658 F1800
;WIPE_START
G1 F30000
G1 X115.742 Y124.207 E-.0342
;WIPE_END
G1 X113.786 Y130.402 Z1.6
G1 Z1.2
G1 E.8 F1800
SET_VELOCITY_LIMIT ACCEL=500
;WIDTH:0.615576
G1 F11573.08
G1 X113.374 Y130.715 E.02342
SET_VELOCITY_LIMIT ACCEL=3000
G1 E-.76896 F1800
;WIPE_START
G1 F30000
G1 X113.786 Y130.402 E-.03104
;WIPE_END
G1 X111.209 Y123.218 Z1.6
G1 X110.019 Y119.898 Z1.6
G1 Z1.2
G1 E.8 F1800
SET_VELOCITY_LIMIT ACCEL=500
;WIDTH:0.553586
G1 F12000
G1 X110.182 Y119.901 E.00658
SET_VELOCITY_LIMIT ACCEL=3000
G1 E-.79022 F1800
;WIPE_START
G1 F30000
G1 X110.019 Y119.898 E-.00978
;WIPE_END
G1 X108.97 Y119.648 Z1.6
G1 Z1.2
G1 E.8 F1800
SET_VELOCITY_LIMIT ACCEL=500
;TYPE:Internal solid infill
;WIDTH:0.38292
G1 F15000
G1 X108.907 Y119.685 E.00198
G1 X108.972 Y119.72 E.00198
SET_VELOCITY_LIMIT ACCEL=3000
G1 X109.005 Y119.398 F30000
SET_VELOCITY_LIMIT ACCEL=500
;WIDTH:0.419999
G1 F15000
G1 X108.611 Y119.792 E.01662
G1 X108.292 Y119.872 E.00978
G1 X107.837 Y120.033 E.01441
G1 X108.693 Y119.177 E.03609
G1 X108.482 Y118.855 E.01148
G1 X104.417 Y122.919 E.17131
G1 X104.382 Y122.845 E.00246
G1 X104.185 Y122.618 E.00894
G1 X108.236 Y118.568 E.17072
G1 X107.954 Y118.316 E.01126
G1 X103.943 Y122.327 E.1691
G1 X103.727 Y122.01 E.01144
G1 X107.637 Y118.1 E.16482
G1 X107.281 Y117.922 E.01185
G1 X103.551 Y121.653 E.15726
G1 X103.42 Y121.25 E.01262
G1 X106.882 Y117.788 E.14592
G1 X106.42 Y117.717 E.01392
G1 X103.346 Y120.791 E.12958
G1 X103.332 Y120.631 E.00479
G1 X103.348 Y120.256 E.0112
G1 X105.873 Y117.731 E.10642
G1 X105.746 Y117.739 E.00379
G1 X105.205 Y117.866 E.01657
G1 X103.257 Y119.813 E.08208
SET_VELOCITY_LIMIT ACCEL=3000
G1 E-.728 F1800
;WIPE_START
G1 F30000
G1 X104.106 Y118.964 E-.072
;WIPE_END
G1 X104.849 Y117.818 Z1.6
G1 Z1.2
G1 E.8 F1800
SET_VELOCITY_LIMIT ACCEL=500
;TYPE:Gap infill
;WIDTH:0.336663
G1 F15000
G1 X104.375 Y118.207 E.01424
G1 X104.175 Y118.425 E.00687
;WIDTH:0.30994
G1 X104.064 Y118.565 E.00378
;WIDTH:0.268915
G1 X103.953 Y118.706 E.0032
;WIDTH:0.22789
G1 X103.841 Y118.846 E.00262
;WIDTH:0.186865
G1 X103.73 Y118.987 E.00204
;WIDTH:0.14584
G1 X103.618 Y119.127 E.00146
;WIDTH:0.125327
G1 X103.543 Y119.234 E.00085
SET_VELOCITY_LIMIT ACCEL=3000
G1 E-.79214 F1800
;WIPE_START
G1 F30000
G1 X103.618 Y119.127 E-.00786
;WIPE_END
G1 X104.044 Y125.687 Z1.6
G1 Z1.2
G1 E.8 F1800
SET_VELOCITY_LIMIT ACCEL=500
;TYPE:Internal solid infill
;WIDTH:0.42
G1 F15000
G1 X100.988 Y128.743 E.12879
G1 X100.951 Y128.635 E.00341
G1 X100.94 Y128.258 E.01123
G1 X103.89 Y125.308 E.12437
G1 X103.96 Y124.785 E.01571
G1 X103.792 Y124.873 E.00565
G1 X100.983 Y127.682 E.11839
G1 X101.001 Y127.438 E.00728
G1 X101.08 Y127.052 E.01176
G1 X103.305 Y124.827 E.09377
SET_VELOCITY_LIMIT ACCEL=3000
G1 X102.819 Y125.013 F30000
SET_VELOCITY_LIMIT ACCEL=500
;TYPE:Gap infill
;WIDTH:0.142082
G1 F15000
G1 X102.687 Y125.106 E.00126
;WIDTH:0.186141
G1 X102.556 Y125.199 E.00182
;WIDTH:0.230199
G1 X102.424 Y125.292 E.00238
;WIDTH:0.271849
G1 X102.277 Y125.413 E.00345
;WIDTH:0.311093
G1 X102.129 Y125.533 E.00404
;WIDTH:0.345979
G1 X101.853 Y125.789 E.00901
G1 X101.595 Y126.062 E.009
;WIDTH:0.318256
G1 X101.474 Y126.209 E.00414
;WIDTH:0.281965
G1 X101.353 Y126.356 E.00359
;WIDTH:0.242858
G1 X101.251 Y126.497 E.00276
;WIDTH:0.200938
G1 X101.149 Y126.639 E.00218
;WIDTH:0.179978
G1 X101.047 Y126.781 E.00189
SET_VELOCITY_LIMIT ACCEL=3000
G1 E-.78953 F1800
;WIPE_START
G1 F30000
G1 X101.149 Y126.639 E-.01047
;WIPE_END
G1 X103.558 Y129.394 Z1.6
G1 Z1.2
G1 E.8 F1800
SET_VELOCITY_LIMIT ACCEL=500
;TYPE:Internal solid infill
;WIDTH:0.520335
G1 F13881.828
G1 X103.322 Y128.926 E.01977
G1 X103.145 Y128.523 E.0166
G1 X102.71 Y128.959 E.02323
G1 X103.035 Y129.206 E.01543
G1 X103.519 Y129.386 E.01947
SET_VELOCITY_LIMIT ACCEL=3000
G1 E-.728 F1800
;WIPE_START
G1 F30000
G1 X103.035 Y129.206 E-.03096
G1 X102.71 Y128.959 E-.02453
G1 X102.905 Y128.764 E-.01651
;WIPE_END
G1 X104.309 Y129.792 Z1.6
G1 Z1.2
G1 E.8 F1800
SET_VELOCITY_LIMIT ACCEL=500
;WIDTH:0.419999
G1 F15000
G1 X103.963 Y129.238 E.01946
G1 X103.709 Y128.744 E.01654
G1 X103.38 Y127.912 E.02667
G1 X103.331 Y127.734 E.00551
G1 X102.125 Y128.939 E.05081
G1 X102.554 Y129.392 E.01858
G1 X103.015 Y129.674 E.0161
G1 X103.545 Y129.827 E.01643
G1 X104.078 Y129.834 E.0159
G1 X104.27 Y129.799 E.00582
SET_VELOCITY_LIMIT ACCEL=3000
G1 X104.922 Y129.984 F30000
SET_VELOCITY_LIMIT ACCEL=500
G1 F15000
G1 X104.514 Y129.43 E.0205
G1 X104.18 Y128.86 E.01969
G1 X103.919 Y128.299 E.01844
G1 X103.719 Y127.731 E.01795
G1 X103.54 Y126.992 E.02268
M73 P59 R5
G1 X101.611 Y128.92 E.08128
G1 X102.112 Y129.503 E.0229
G1 X102.56 Y129.858 E.01703
G1 X103.071 Y130.097 E.01681
G1 X103.572 Y130.21 E.01531
G1 X104.103 Y130.21 E.01583
G1 X104.496 Y130.136 E.01191
G1 X104.885 Y129.997 E.01231
SET_VELOCITY_LIMIT ACCEL=3000
G1 X105.562 Y130.136 F30000
SET_VELOCITY_LIMIT ACCEL=500
G1 F15000
G1 X105.16 Y129.671 E.01834
G1 X104.839 Y129.238 E.01605
G1 X104.521 Y128.7 E.01863
G1 X104.274 Y128.172 E.01738
G1 X104.084 Y127.64 E.01684
G1 X103.917 Y126.969 E.02059
G1 X103.832 Y126.361 E.01831
G1 X103.826 Y126.172 E.00563
G1 X101.117 Y128.881 E.11418
G1 X101.792 Y129.709 E.03185
G1 X102.192 Y130.064 E.01594
G1 X102.678 Y130.348 E.01678
G1 X103.188 Y130.524 E.01609
G1 X103.773 Y130.601 E.01756
G1 X104.353 Y130.552 E.01736
G1 X104.94 Y130.382 E.01822
G1 X105.525 Y130.151 E.01874
SET_VELOCITY_LIMIT ACCEL=3000
G1 E-.728 F1800
;WIPE_START
G1 F30000
G1 X104.94 Y130.382 E-.03772
G1 X104.391 Y130.541 E-.03428
;WIPE_END
G1 X108.843 Y132.74 Z1.6
G1 Z1.2
G1 E.8 F1800
SET_VELOCITY_LIMIT ACCEL=500
;WIDTH:0.52473
G1 F13755.2
G1 X108.03 Y132.552 E.03179
G1 X108.14 Y132.992 E.01728
G1 X108.289 Y133.294 E.01282
G1 X108.815 Y132.768 E.02832
SET_VELOCITY_LIMIT ACCEL=3000
G1 E-.728 F1800
;WIPE_START
G1 F30000
G1 X108.289 Y133.294 E-.04461
G1 X108.14 Y132.992 E-.0202
G1 X108.111 Y132.876 E-.00719
;WIPE_END
G1 X109.39 Y132.008 Z1.6
G1 Z1.2
G1 E.8 F1800
SET_VELOCITY_LIMIT ACCEL=500
;WIDTH:0.419999
G1 F15000
G1 X108.804 Y131.918 E.01766
G1 X108.266 Y131.782 E.01655
G1 X107.613 Y131.547 E.02066
G1 X107.242 Y131.363 E.01236
G1 X107.204 Y132.136 E.02308
G1 X107.228 Y132.644 E.01517
G1 X107.354 Y133.186 E.01659
G1 X107.559 Y133.648 E.01507
G1 X107.935 Y134.169 E.01915
G1 X108.265 Y134.459 E.01308
G1 X110.711 Y132.01 E.10315
G1 X110.026 Y132.043 E.02045
G1 X109.43 Y132.01 E.01778
SET_VELOCITY_LIMIT ACCEL=3000
G1 X109.783 Y132.408 F30000
SET_VELOCITY_LIMIT ACCEL=500
G1 F15000
G1 X108.765 Y132.294 E.03053
G1 X108.139 Y132.137 E.01924
G1 X107.6 Y131.944 E.01705
G1 X107.587 Y132.48 E.01597
G1 X107.715 Y133.078 E.01823
G1 X107.88 Y133.449 E.01209
G1 X108.226 Y133.93 E.01767
G1 X108.653 Y133.538 E.01726
G1 X109.755 Y132.436 E.04645
SET_VELOCITY_LIMIT ACCEL=3000
G1 E-.728 F1800
;WIPE_START
G1 F30000
G1 X108.906 Y133.284 E-.072
;WIPE_END
G1 X112.732 Y133.583 Z1.6
G1 Z1.2
G1 E.8 F1800
SET_VELOCITY_LIMIT ACCEL=500
;WIDTH:0.433566
G1 F15000
G1 X111.905 Y134.409 E.03609
G1 X111.664 Y134.607 E.00963
G1 X111.343 Y134.806 E.01166
G1 X110.667 Y135.095 E.02271
G1 X112.764 Y132.998 E.09156
G1 X112.826 Y132.721 E.00878
G1 X112.859 Y132.351 E.01148
G1 X109.925 Y135.285 E.12813
G1 X109.666 Y135.229 E.00817
G1 X109.497 Y135.161 E.00564
G1 X112.826 Y131.832 E.14537
G1 X112.775 Y131.474 E.01115
G1 X112.78 Y131.337 E.00424
G1 X109.102 Y135.003 E.16034
G1 X108.719 Y134.833 E.01293
G1 X111.836 Y131.717 E.13609
G1 X111.286 Y131.857 E.01752
G1 X111.117 Y131.883 E.00529
G1 X108.251 Y134.749 E.12514
SET_VELOCITY_LIMIT ACCEL=3000
G1 E-.728 F1800
;WIPE_START
G1 F30000
G1 X109.099 Y133.901 E-.072
;WIPE_END
G1 X116.177 Y131.043 Z1.6
G1 X116.997 Y130.712 Z1.6
G1 Z1.2
G1 E.8 F1800
SET_VELOCITY_LIMIT ACCEL=500
;WIDTH:0.42
G1 F15000
G1 X119.03 Y128.678 E.08571
G1 X119.063 Y128.493 E.0056
G1 X119.043 Y128.132 E.01078
G1 X116.541 Y130.635 E.10548
G1 X116.359 Y130.66 E.00546
G1 X115.981 Y130.661 E.01128
G1 X119.015 Y127.627 E.1279
G1 X118.962 Y127.234 E.01182
G1 X118.943 Y127.166 E.0021
G1 X115.519 Y130.59 E.14434
G1 X115.112 Y130.463 E.01269
G1 X118.816 Y126.76 E.15611
G1 X118.714 Y126.519 E.00778
G1 X118.643 Y126.399 E.00417
G1 X114.732 Y130.311 E.16487
G1 X114.391 Y130.197 E.01071
G1 X114.804 Y129.751 E.01811
G1 X114.945 Y129.564 E.007
G1 X118.432 Y126.078 E.14695
G1 X118.183 Y125.792 E.01127
G1 X115.716 Y128.26 E.10402
G1 X115.777 Y128.129 E.00432
G1 X116.008 Y127.435 E.02181
G1 X117.9 Y125.543 E.07975
G1 X117.714 Y125.404 E.00693
G1 X117.58 Y125.329 E.00456
G1 X116.151 Y126.758 E.06024
G1 X116.199 Y126.444 E.00948
G1 X116.213 Y126.164 E.00837
G1 X117.221 Y125.155 E.04249
G1 X116.82 Y125.022 E.01257
G1 X116.061 Y125.781 E.03199
SET_VELOCITY_LIMIT ACCEL=3000
G1 E-.728 F1800
;WIPE_START
G1 F30000
G1 X116.82 Y125.022 E-.0644
G1 X116.941 Y125.062 E-.0076
;WIPE_END
G1 X116.214 Y124.851 Z1.6
G1 Z1.2
G1 E.8 F1800
SET_VELOCITY_LIMIT ACCEL=500
;WIDTH:0.38292
G1 F15000
G1 X116.15 Y124.888 E.00198
G1 X116.215 Y124.923 E.00198
SET_VELOCITY_LIMIT ACCEL=3000
G1 E-.79116 F1800
;WIPE_START
G1 F30000
G1 X116.15 Y124.888 E-.00442
G1 X116.214 Y124.851 E-.00442
;WIPE_END
G1 X117.764 Y130.151 Z1.6
G1 Z1.2
G1 E.8 F1800
SET_VELOCITY_LIMIT ACCEL=500
G1 F15000
G1 X118.323 Y129.62 E.02073
G1 X118.878 Y129.007 E.02221
SET_VELOCITY_LIMIT ACCEL=3000
G1 E-.728 F1800
;WIPE_START
G1 F30000
G1 X118.323 Y129.62 E-.04959
G1 X118.052 Y129.877 E-.02241
;WIPE_END
G1 X115.664 Y122.628 Z1.6
G1 X114.606 Y119.419 Z1.6
G1 Z1.2
G1 E.8 F1800
M73 P60 R5
SET_VELOCITY_LIMIT ACCEL=500
;WIDTH:0.495256
G1 F14651.483
G1 X114.55 Y119.419 E.00202
G1 X114.521 Y119.468 E.00202
G1 X114.55 Y119.516 E.00202
G1 X114.606 Y119.516 E.00202
G1 X114.614 Y119.502 E.00059
SET_VELOCITY_LIMIT ACCEL=3000
G1 E-.78544 F1800
;WIPE_START
G1 F30000
G1 X114.606 Y119.516 E-.00099
G1 X114.55 Y119.516 E-.00339
G1 X114.521 Y119.468 E-.00339
G1 X114.55 Y119.419 E-.00339
G1 X114.606 Y119.419 E-.00339
;WIPE_END
G1 X115.453 Y120.791 Z1.6
G1 Z1.2
G1 E.8 F1800
SET_VELOCITY_LIMIT ACCEL=500
;WIDTH:0.419999
G1 F15000
G1 X115.47 Y120.494 E.00888
G1 X115.385 Y120.037 E.01385
G1 X114.842 Y119.107 E.03209
G1 X114.214 Y118.95 E.01931
G1 X113.654 Y118.915 E.01671
G1 X113.29 Y118.981 E.01104
G1 X113.062 Y119.075 E.00733
G1 X113.561 Y119.316 E.0165
G1 X114.126 Y119.656 E.01965
G1 X114.714 Y120.088 E.02175
G1 X115.19 Y120.513 E.01903
G1 X115.426 Y120.762 E.01021
SET_VELOCITY_LIMIT ACCEL=3000
G1 E-.728 F1800
;WIPE_START
G1 F30000
G1 X115.19 Y120.513 E-.02055
G1 X114.714 Y120.088 E-.0383
G1 X114.537 Y119.958 E-.01314
;WIPE_END
G1 X115.597 Y121.546 Z1.6
G1 Z1.2
G1 E.8 F1800
SET_VELOCITY_LIMIT ACCEL=500
G1 F15000
G1 X115.796 Y121.025 E.0166
G1 X115.847 Y120.501 E.01571
G1 X115.761 Y119.977 E.01582
G1 X115.584 Y119.586 E.01279
G1 X115.087 Y118.795 E.02785
G1 X114.496 Y118.629 E.01829
G1 X113.822 Y118.533 E.02029
G1 X113.377 Y118.569 E.01332
G1 X112.906 Y118.731 E.01483
G1 X112.484 Y119.006 E.01503
G1 X112.303 Y119.182 E.00751
G1 X112.932 Y119.43 E.02016
G1 X113.441 Y119.684 E.01696
G1 X114.012 Y120.033 E.01994
G1 X114.554 Y120.445 E.02029
G1 X114.999 Y120.854 E.01801
G1 X115.475 Y121.38 E.02115
G1 X115.573 Y121.514 E.00494
SET_VELOCITY_LIMIT ACCEL=3000
G1 X115.591 Y122.178 F30000
SET_VELOCITY_LIMIT ACCEL=500
G1 F15000
G1 X115.801 Y121.935 E.00959
G1 X116.066 Y121.429 E.01703
G1 X116.211 Y120.822 E.01859
G1 X116.224 Y120.508 E.00937
G1 X116.173 Y120.07 E.01314
G1 X116 Y119.543 E.01654
G1 X115.388 Y118.556 E.0346
G1 X115.145 Y118.406 E.00852
G1 X114.371 Y118.208 E.02381
G1 X113.768 Y118.149 E.01805
G1 X113.12 Y118.245 E.01952
G1 X112.722 Y118.402 E.01276
G1 X112.258 Y118.705 E.01652
G1 X111.861 Y119.128 E.01731
G1 X111.689 Y119.391 E.00936
G1 X112.398 Y119.615 E.02215
G1 X112.965 Y119.862 E.01846
G1 X113.616 Y120.229 E.02225
G1 X114.261 Y120.691 E.02366
G1 X114.721 Y121.109 E.01852
G1 X115.171 Y121.604 E.01996
G1 X115.567 Y122.146 E.01999
SET_VELOCITY_LIMIT ACCEL=3000
G1 X115.52 Y122.828 F30000
SET_VELOCITY_LIMIT ACCEL=500
G1 F15000
G1 X116.095 Y122.177 E.0259
G1 X116.376 Y121.662 E.01748
G1 X116.54 Y121.169 E.01549
G1 X116.601 Y120.547 E.01862
G1 X116.539 Y119.978 E.01707
G1 X116.385 Y119.489 E.01528
G1 X115.891 Y118.652 E.02896
G1 X115.597 Y118.237 E.01517
G1 X115.271 Y118.049 E.01119
G1 X114.436 Y117.835 E.02569
G1 X113.771 Y117.77 E.01994
G1 X113.205 Y117.835 E.01697
G1 X112.675 Y118.008 E.01661
G1 X112.226 Y118.257 E.01532
G1 X111.754 Y118.664 E.01857
G1 X111.472 Y119.02 E.01354
G1 X111.195 Y119.47 E.01575
G1 X111.055 Y119.643 E.00662
G1 X111.799 Y119.807 E.02271
G1 X112.411 Y120.02 E.01931
G1 X112.978 Y120.285 E.01865
G1 X113.559 Y120.636 E.02023
G1 X114.047 Y121.004 E.01823
G1 X114.443 Y121.363 E.01594
G1 X114.868 Y121.828 E.01877
G1 X115.271 Y122.377 E.02028
G1 X115.5 Y122.793 E.01417
;LAYER_CHANGE
;Z:1.4
;HEIGHT:0.2
;BEFORE_LAYER_CHANGE
;1.4
G92 E0

G1 E-.728 F1800
;WIPE_START
G1 F30000
G1 X115.271 Y122.377 E-.02852
G1 X114.868 Y121.828 E-.04083
G1 X114.838 Y121.796 E-.00265
;WIPE_END
M73 L7
;LAYER:7
SET_PRINT_STATS_INFO TOTAL_LAYER=16 CURRENT_LAYER=7
;_SET_FAN_SPEED_CHANGING_LAYER
SET_VELOCITY_LIMIT ACCEL=3000

G1 X115.519 Y122.603 Z1.45714
G1 X115.312 Y123.639 Z1.51429
G1 X114.373 Y124.122 Z1.57143
G1 X113.41 Y123.69 Z1.62857
G1 X113.147 Y122.668 Z1.68571
G1 X113.782 Y121.824 Z1.74286
G1 X114.838 Y121.796 Z1.8
G1 X144.912 Y135.283 Z1.8
G1 Z1.4
G1 E.8 F1800
SET_VELOCITY_LIMIT ACCEL=500
;TYPE:Inner wall
;WIDTH:0.449999
G1 F12000
G1 X144.736 Y135.213 E.00609
G1 X144.354 Y135.015 E.01382
G1 X143.969 Y134.743 E.01519
G1 X143.45 Y134.197 E.02423
G1 X148.545 Y134.197 E.16396
G1 X148.195 Y134.597 E.01712
G1 X147.877 Y134.861 E.0133
G1 X147.47 Y135.111 E.01536
G1 X146.34 Y135.568 E.03921
G1 X146.028 Y135.614 E.01016
G1 X145.569 Y135.546 E.01493
G1 X144.949 Y135.298 E.02149
G1 X144.766 Y135.647 F30000
;TYPE:Outer wall
;WIDTH:0.419999
G1 F9600
G1 X144.59 Y135.577 E.00564
G1 X144.172 Y135.362 E.01401
G1 X143.774 Y135.089 E.01438
G1 X143.415 Y134.764 E.01444
G1 X143.074 Y134.352 E.01594
G1 X142.762 Y133.805 E.01877
G1 X149.222 Y133.805 E.19253
G1 X149.059 Y134.146 E.01126
G1 X148.794 Y134.524 E.01375
G1 X148.481 Y134.865 E.01379
G1 X148.125 Y135.164 E.01387
G1 X147.684 Y135.446 E.0156
G1 X146.819 Y135.816 E.02804
G1 X146.338 Y135.982 E.01517
G1 X145.896 Y136.019 E.01323
G1 X145.453 Y135.922 E.01349
G1 X144.803 Y135.662 E.02089
SET_VELOCITY_LIMIT ACCEL=3000
G1 E-.728 F1800
;WIPE_START
G1 F30000
G1 X144.59 Y135.577 E-.01376
G1 X144.172 Y135.362 E-.0282
G1 X143.774 Y135.089 E-.02895
G1 X143.761 Y135.077 E-.00109
;WIPE_END
G1 X146.114 Y134.651 Z1.8
G1 Z1.4
G1 E.8 F1800
SET_VELOCITY_LIMIT ACCEL=500
;TYPE:Internal solid infill
;WIDTH:0.545102
G1 F13197.192
G1 X144.648 Y134.654 E.05819
G1 X145.685 Y135.101 E.04484
G1 X145.99 Y135.159 E.01232
G1 X146.194 Y135.138 E.00814
G1 X147.291 Y134.694 E.04697
G1 X147.361 Y134.651 E.00327
G1 X146.154 Y134.651 E.04793
SET_VELOCITY_LIMIT ACCEL=3000
G1 E-.728 F1800
;WIPE_START
G1 F30000
G1 X147.354 Y134.651 E-.072
;WIPE_END
G1 X140.622 Y131.053 Z1.8
G1 X140.402 Y130.935 Z1.8
G1 Z1.4
G1 E.8 F1800
SET_VELOCITY_LIMIT ACCEL=500
;TYPE:Inner wall
;WIDTH:0.449999
G1 F12000
G1 X140.208 Y130.974 E.00637
G1 X139.679 Y130.988 E.01702
G1 X138.989 Y130.882 E.02247
G1 X138.501 Y130.698 E.01678
G1 X138.048 Y130.44 E.01678
G1 X138.648 Y130.462 E.01934
G1 X139.167 Y130.348 E.01711
G1 X139.567 Y130.141 E.01448
G1 X139.959 Y129.777 E.01722
G1 X140.237 Y129.34 E.01667
G1 X140.357 Y128.983 E.01211
G1 X140.405 Y128.61 E.01211
G1 X140.379 Y128.234 E.01211
G1 X140.281 Y127.871 E.01211
G1 X140.113 Y127.534 E.01211
G1 X139.883 Y127.236 E.01211
G1 X139.599 Y126.988 E.01211
G1 X139.273 Y126.801 E.01211
G1 X138.915 Y126.681 E.01212
G1 X138.406 Y126.634 E.01648
G1 X137.882 Y126.739 E.0172
G1 X137.466 Y126.925 E.01464
G1 X137.169 Y127.155 E.01211
G1 X136.921 Y127.439 E.01211
G1 X136.734 Y127.766 E.01211
;WIDTH:0.449865
G1 X136.616 Y128.123 E.01211
;WIDTH:0.449999
G1 X136.667 Y127.478 E.02082
G1 X136.761 Y126.961 E.0169
G1 X136.963 Y126.436 E.01812
G1 X137.297 Y125.878 E.02094
G1 X137.633 Y125.502 E.01621
G1 X138.079 Y125.15 E.01827
G1 X138.597 Y124.868 E.019
G1 X139.124 Y124.698 E.0178
G1 X139.678 Y124.569 E.01832
G1 X140.135 Y124.282 E.01734
G1 X140.322 Y124.089 E.00867
G1 X140.404 Y123.816 E.00916
G1 X140.35 Y123.547 E.00883
G1 X140.093 Y123.009 E.01918
G1 X139.724 Y122.591 E.01796
G1 X139.376 Y122.055 E.02056
G1 X139.131 Y121.472 E.02035
G1 X139.019 Y120.849 E.02036
G1 X139.018 Y120.216 E.02036
G1 X139.156 Y119.598 E.02037
G1 X139.403 Y119.01 E.02053
G1 X139.803 Y118.367 E.02437
G1 X140.132 Y117.935 E.01746
G1 X140.41 Y117.75 E.01075
G1 X140.784 Y117.624 E.01269
G1 X141.695 Y117.411 E.03009
G1 X142.327 Y117.381 E.02036
G1 X142.952 Y117.463 E.02029
G1 X143.547 Y117.681 E.02039
G1 X144.093 Y117.999 E.02034
G1 X144.557 Y118.43 E.02036
G1 X144.94 Y118.938 E.02049
G1 X145.207 Y119.434 E.01813
G1 X145.385 Y119.593 E.00764
G1 X145.875 Y119.807 E.01721
G1 X146.146 Y119.853 E.00886
G1 X146.424 Y119.758 E.00944
G1 X146.699 Y119.461 E.01302
G1 X147.426 Y118.436 E.04045
G1 X147.807 Y118.081 E.01673
G1 X148.263 Y117.777 E.01765
G1 X148.849 Y117.52 E.0206
G1 X149.451 Y117.398 E.01977
G1 X150.028 Y117.383 E.01856
G1 X149.706 Y117.547 E.01162
G1 X149.399 Y117.768 E.01219
G1 X149.103 Y118.092 E.0141
G1 X148.872 Y118.523 E.01575
G1 X148.76 Y119.023 E.01647
G1 X148.774 Y119.524 E.01613
G1 X148.872 Y119.887 E.01211
G1 X149.04 Y120.224 E.01211
G1 X149.27 Y120.522 E.01211
G1 X149.554 Y120.77 E.01211
G1 X149.88 Y120.957 E.01211
G1 X150.237 Y121.077 E.01211
G1 X150.61 Y121.125 E.01211
G1 X151.086 Y121.08 E.01538
G1 X151.507 Y120.929 E.01438
G1 X151.932 Y120.646 E.01644
G1 X152.232 Y120.319 E.01426
G1 X152.419 Y119.992 E.01211
G1 X152.561 Y119.524 E.01575
G1 X152.572 Y118.996 E.01698
G1 X152.65 Y119.128 E.00491
G1 X152.847 Y119.593 E.01625
G1 X152.959 Y120.095 E.01657
G1 X152.992 Y120.599 E.01624
G1 X152.94 Y121.147 E.0177
G1 X152.805 Y121.659 E.01706
G1 X152.575 Y122.144 E.01726
G1 X152.183 Y122.691 E.02165
G1 X151.8 Y123.103 E.0181
G1 X151.681 Y123.288 E.00708
G1 X151.643 Y123.566 E.00902
G1 X151.768 Y124.094 E.01748
M73 P61 R5
G1 X151.91 Y124.347 E.00932
G1 X152.106 Y124.481 E.00764
G1 X153.126 Y124.762 E.03403
G1 X153.592 Y124.957 E.01626
G1 X154.044 Y125.237 E.01712
G1 X154.49 Y125.629 E.01911
G1 X154.825 Y126.055 E.01741
G1 X155.065 Y126.498 E.01621
G1 X155.259 Y127.064 E.01925
G1 X155.347 Y127.619 E.0181
G1 X155.394 Y128.484 E.02785
G1 X155.354 Y128.751 E.00869
G1 X155.233 Y129.051 E.0104
G1 X154.904 Y129.485 E.01753
G1 X154.948 Y129.11 E.01214
G1 X154.929 Y128.803 E.00992
G1 X154.824 Y128.372 E.01428
G1 X154.656 Y128.035 E.01211
G1 X154.426 Y127.737 E.01211
G1 X154.142 Y127.489 E.01211
G1 X153.816 Y127.302 E.01211
G1 X153.459 Y127.182 E.01212
G1 X152.894 Y127.139 E.01821
G1 X152.391 Y127.247 E.01656
G1 X152.01 Y127.426 E.01355
G1 X151.712 Y127.656 E.01211
G1 X151.464 Y127.94 E.01211
G1 X151.286 Y128.25 E.01152
G1 X151.157 Y128.623 E.01269
G1 X151.109 Y128.997 E.01211
G1 X151.135 Y129.372 E.01211
G1 X151.277 Y129.841 E.01575
G1 X151.532 Y130.25 E.01553
G1 X151.915 Y130.618 E.01707
G1 X152.241 Y130.805 E.01211
G1 X152.705 Y130.946 E.0156
G1 X152.326 Y130.991 E.0123
G1 X151.764 Y130.967 E.01809
G1 X151.156 Y130.835 E.02003
G1 X150.619 Y130.622 E.0186
G1 X150.054 Y130.448 E.01902
G1 X149.791 Y130.482 E.00853
G1 X149.573 Y130.626 E.00842
G1 X149.157 Y131.104 E.02038
G1 X149.104 Y131.439 E.01092
G1 X149.165 Y131.864 E.01381
G1 X142.839 Y131.864 E.20352
G1 X142.86 Y131.605 E.00835
G1 X142.838 Y131.098 E.01635
G1 X142.771 Y130.853 E.00817
G1 X142.574 Y130.636 E.00944
G1 X142.31 Y130.545 E.00899
G1 X141.739 Y130.499 E.01842
G1 X141.411 Y130.602 E.01106
G1 X140.72 Y130.872 E.02385
G1 X140.441 Y130.928 E.00916
G1 X140.478 Y131.318 F30000
;TYPE:Outer wall
;WIDTH:0.419999
G1 F9600
G1 X139.971 Y131.383 E.01523
G1 X139.417 Y131.364 E.01653
G1 X138.902 Y131.267 E.01563
G1 X138.421 Y131.096 E.01521
G1 X137.925 Y130.831 E.01676
;WIDTH:0.43018
G1 X137.501 Y130.507 E.01634
;WIDTH:0.465214
G1 X137.255 Y130.224 E.01251
;WIDTH:0.500248
G1 X137.01 Y129.94 E.01355
;WIDTH:0.54165
G1 X136.564 Y129.353 E.02909
G1 X136.463 Y129.175 E.00804
;WIDTH:0.507766
G1 X136.362 Y128.998 E.00749
;WIDTH:0.473881
G1 X136.261 Y128.821 E.00694
;WIDTH:0.439996
G1 X136.212 Y128.341 E.01515
;WIDTH:0.419999
G1 X136.256 Y127.711 E.01883
G1 X136.353 Y126.993 E.02159
G1 X136.515 Y126.469 E.01634
G1 X136.742 Y125.999 E.01557
G1 X137.05 Y125.558 E.01602
G1 X137.442 Y125.148 E.01693
G1 X138.01 Y124.727 E.02107
G1 X138.508 Y124.476 E.01662
G1 X139.053 Y124.312 E.01694
G1 X139.54 Y124.195 E.01492
G1 X139.993 Y123.874 E.01657
G1 X139.995 Y123.713 E.00483
G1 X139.738 Y123.192 E.01728
G1 X139.298 Y122.669 E.02039
G1 X139.03 Y122.238 E.01513
G1 X138.754 Y121.583 E.02116
G1 X138.628 Y120.884 E.02118
G1 X138.628 Y120.173 E.02118
G1 X138.783 Y119.479 E.02119
G1 X139.058 Y118.822 E.02124
G1 X139.504 Y118.105 E.02517
G1 X139.867 Y117.64 E.01759
G1 X140.236 Y117.395 E.0132
G1 X140.676 Y117.247 E.01385
G1 X141.395 Y117.078 E.022
G1 X142.104 Y116.98 E.02132
G1 X142.813 Y117.041 E.0212
G1 X143.498 Y117.225 E.02116
G1 X144.128 Y117.555 E.0212
G1 X144.689 Y117.991 E.02117
G1 X145.155 Y118.559 E.0219
G1 X145.508 Y119.177 E.0212
G1 X145.6 Y119.263 E.00377
G1 X146.07 Y119.459 E.01518
G1 X146.224 Y119.419 E.00474
G1 X146.56 Y119.01 E.01578
G1 X146.841 Y118.548 E.01611
G1 X147.188 Y118.12 E.01643
G1 X147.572 Y117.768 E.01552
G1 X148.072 Y117.435 E.0179
G1 X148.576 Y117.203 E.01655
G1 X149.131 Y117.045 E.01721
G1 X149.641 Y116.983 E.0153
G1 X150.142 Y116.996 E.01493
;WIDTH:0.43398
G1 X150.712 Y117.104 E.01793
;WIDTH:0.467137
G1 X151.041 Y117.205 E.01155
;WIDTH:0.500294
G1 X151.37 Y117.307 E.01246
;WIDTH:0.526006
G1 X151.82 Y117.497 E.01865
;WIDTH:0.532962
G1 X152.158 Y117.763 E.01667
;WIDTH:0.539131
G1 X152.639 Y118.414 E.03174
;WIDTH:0.495457
G1 X152.785 Y118.617 E.00894
;WIDTH:0.451783
G1 X153.074 Y119.1 E.01818
;WIDTH:0.419999
G1 X153.304 Y119.803 E.02204
G1 X153.382 Y120.343 E.01628
G1 X153.379 Y120.869 E.01567
G1 X153.289 Y121.402 E.01612
G1 X153.098 Y121.968 E.0178
G1 X152.78 Y122.559 E.01998
G1 X152.467 Y122.963 E.01524
G1 X152.084 Y123.373 E.01673
G1 X152.032 Y123.508 E.0043
G1 X152.149 Y124.001 E.01512
G1 X152.257 Y124.119 E.00476
G1 X153.004 Y124.323 E.02308
G1 X153.597 Y124.527 E.01869
G1 X154.021 Y124.747 E.01424
G1 X154.488 Y125.079 E.01709
G1 X154.883 Y125.481 E.01678
G1 X155.234 Y125.977 E.0181
G1 X155.519 Y126.567 E.01955
G1 X155.672 Y127.089 E.01621
G1 X155.738 Y127.598 E.01531
G1 X155.785 Y128.463 E.0258
G1 X155.728 Y128.885 E.01271
G1 X155.509 Y129.373 E.01595
G1 X155.045 Y129.94 E.02182
;WIDTH:0.453493
G1 X154.925 Y130.049 E.00528
;WIDTH:0.486987
G1 X154.805 Y130.159 E.00571
;WIDTH:0.52048
G1 X154.203 Y130.7 E.03053
;WIDTH:0.510275
G1 X153.797 Y130.941 E.01748
;WIDTH:0.552918
G1 X153.121 Y131.199 E.02914
;WIDTH:0.512089
G1 X152.942 Y131.264 E.00707
;WIDTH:0.47126
G1 X152.763 Y131.329 E.00646
;WIDTH:0.43043
G1 X152.327 Y131.383 E.01343
;WIDTH:0.419999
G1 X151.714 Y131.356 E.01831
G1 X151.054 Y131.214 E.0201
G1 X150.554 Y131.014 E.01607
G1 X150.053 Y130.847 E.01573
G1 X149.895 Y130.865 E.00476
G1 X149.542 Y131.228 E.01507
G1 X149.492 Y131.384 E.00489
G1 X149.56 Y131.859 E.0143
G1 X149.571 Y132.256 E.01184
G1 X142.419 Y132.256 E.21317
G1 X142.468 Y131.651 E.0181
G1 X142.446 Y131.115 E.01599
G1 X142.397 Y130.996 E.00384
G1 X142.275 Y130.935 E.00407
G1 X141.738 Y130.893 E.01606
G1 X141.184 Y131.127 E.0179
G1 X140.592 Y131.304 E.01843
G1 X140.518 Y131.313 E.00222
SET_VELOCITY_LIMIT ACCEL=3000
G1 E-.728 F1800
;WIPE_START
G1 F30000
G1 X139.971 Y131.383 E-.03306
G1 X139.417 Y131.364 E-.03327
G1 X139.324 Y131.346 E-.00568
;WIPE_END
G1 X146.872 Y130.211 Z1.8
G1 X154.556 Y129.055 Z1.8
G1 Z1.4
G1 E.8 F1800
SET_VELOCITY_LIMIT ACCEL=500
G1 F9600
G1 X154.51 Y128.687 E.01105
G1 X154.31 Y128.219 E.01515
G1 X154.123 Y127.985 E.00894
G1 X153.863 Y127.772 E.01003
G1 X153.441 Y127.587 E.01372
M73 P61 R4
G1 X152.974 Y127.527 E.01405
G1 X152.475 Y127.63 E.01518
G1 X152.194 Y127.772 E.00937
G1 X151.96 Y127.959 E.00894
G1 X151.767 Y128.189 E.00894
G1 X151.631 Y128.435 E.00839
G1 X151.532 Y128.737 E.00947
G1 X151.499 Y129.035 E.00894
G1 X151.525 Y129.334 E.00894
G1 X151.609 Y129.622 E.00894
G1 X151.836 Y130.002 E.01319
G1 X152.164 Y130.315 E.01352
G1 X152.46 Y130.473 E.01003
;WIDTH:0.46872
G1 X152.658 Y130.534 E.00697
;WIDTH:0.51744
G1 X152.856 Y130.595 E.00776
;WIDTH:0.56616
G1 X153.054 Y130.655 E.00856
G1 X153.317 Y130.592 E.01117
;WIDTH:0.540174
G1 X153.579 Y130.528 E.01062
;WIDTH:0.514188
G1 X153.881 Y130.37 E.0127
;WIDTH:0.500798
G1 X154.122 Y130.179 E.01113
G1 X154.344 Y129.906 E.01274
;WIDTH:0.496649
G1 X154.434 Y129.638 E.01014
;WIDTH:0.458324
G1 X154.525 Y129.37 E.00928
;WIDTH:0.419999
G1 X154.555 Y129.095 E.00826
SET_VELOCITY_LIMIT ACCEL=3000
G1 E-.728 F1800
;WIPE_START
G1 F30000
G1 X154.51 Y128.687 E-.02461
G1 X154.31 Y128.219 E-.0305
G1 X154.134 Y128 E-.01689
;WIPE_END
G1 X152.486 Y120.547 Z1.8
G1 X152.193 Y119.223 Z1.8
G1 Z1.4
G1 E.8 F1800
SET_VELOCITY_LIMIT ACCEL=500
G1 F9600
G1 X152.196 Y119.187 E.00108
;WIDTH:0.460646
G1 X152.173 Y118.983 E.00679
;WIDTH:0.501292
G1 X152.15 Y118.778 E.00745
;WIDTH:0.541938
G1 X152.127 Y118.574 E.00811
G1 X151.852 Y118.154 E.0198
;WIDTH:0.538373
G1 X151.62 Y117.942 E.01231
;WIDTH:0.534573
G1 X151.33 Y117.78 E.01292
;WIDTH:0.512012
G1 X150.994 Y117.673 E.01305
;WIDTH:0.49452
G1 X150.78 Y117.678 E.00765
;WIDTH:0.45726
G1 X150.566 Y117.683 E.00702
;WIDTH:0.419999
G1 X150.065 Y117.8 E.01532
G1 X149.647 Y118.071 E.01485
G1 X149.386 Y118.371 E.01187
G1 X149.262 Y118.603 E.00784
G1 X149.15 Y119.061 E.01406
G1 X149.164 Y119.485 E.01265
G1 X149.247 Y119.773 E.00894
G1 X149.386 Y120.039 E.00894
G1 X149.573 Y120.273 E.00894
G1 X149.802 Y120.466 E.00894
G1 X150.065 Y120.611 E.00894
G1 X150.351 Y120.701 E.00894
G1 X150.79 Y120.724 E.0131
G1 X151.235 Y120.625 E.0136
G1 X151.501 Y120.487 E.00894
G1 X151.799 Y120.227 E.01178
G1 X152.073 Y119.808 E.01494
G1 X152.163 Y119.522 E.00894
G1 X152.189 Y119.263 E.00776
SET_VELOCITY_LIMIT ACCEL=3000
G1 E-.728 F1800
;WIPE_START
G1 F30000
G1 X152.196 Y119.187 E-.00457
G1 X152.173 Y118.983 E-.01233
G1 X152.15 Y118.778 E-.01233
G1 X152.127 Y118.574 E-.01233
G1 X151.852 Y118.154 E-.03012
G1 X151.848 Y118.15 E-.00032
;WIPE_END
G1 X145.986 Y123.038 Z1.8
G1 X139.934 Y128.084 Z1.8
G1 Z1.4
G1 E.8 F1800
SET_VELOCITY_LIMIT ACCEL=500
G1 F9600
G1 X139.905 Y127.985 E.0031
G1 X139.767 Y127.718 E.00894
G1 X139.58 Y127.484 E.00894
G1 X139.335 Y127.28 E.0095
G1 X138.897 Y127.085 E.01427
G1 X138.437 Y127.026 E.01383
G1 X137.966 Y127.122 E.01435
G1 X137.651 Y127.271 E.01037
G1 X137.417 Y127.458 E.00894
G1 X137.224 Y127.688 E.00894
G1 X137.08 Y127.95 E.00894
G1 X136.989 Y128.236 E.00894
G1 X136.931 Y128.887 E.01946
;WIDTH:0.54165
G1 X137.007 Y129.138 E.01037
G1 X137.192 Y129.444 E.01407
;WIDTH:0.526701
G1 X137.587 Y129.855 E.02179
G1 X137.714 Y129.9 E.00517
;WIDTH:0.491134
G1 X137.842 Y129.944 E.00479
;WIDTH:0.455567
G1 X137.97 Y129.988 E.00441
;WIDTH:0.419999
G1 X138.467 Y130.082 E.01508
G1 X138.884 Y130.024 E.01254
G1 X139.32 Y129.834 E.01417
G1 X139.656 Y129.528 E.01356
G1 X139.891 Y129.155 E.01315
G1 X139.998 Y128.737 E.01287
G1 X139.989 Y128.272 E.01384
G1 X139.945 Y128.123 E.00464
SET_VELOCITY_LIMIT ACCEL=3000
G1 E-.728 F1800
;WIPE_START
G1 F30000
G1 X139.905 Y127.985 E-.00864
G1 X139.767 Y127.718 E-.01799
G1 X139.58 Y127.484 E-.01799
G1 X139.335 Y127.28 E-.01913
G1 X139.209 Y127.224 E-.00826
;WIPE_END
G1 X136.596 Y128.659 Z1.8
G1 Z1.4
G1 E.8 F1800
SET_VELOCITY_LIMIT ACCEL=500
;TYPE:Inner wall
;WIDTH:0.445842
G1 F12000
G1 X136.616 Y128.123 E.01709
SET_VELOCITY_LIMIT ACCEL=3000
G1 E-.76781 F1800
M73 P62 R4
;WIPE_START
G1 F30000
G1 X136.596 Y128.659 E-.03219
;WIPE_END
G1 X143.525 Y131.701 Z1.8
G1 Z1.4
G1 E.8 F1800
SET_VELOCITY_LIMIT ACCEL=500
;TYPE:Sparse infill
;WIDTH:0.45
G1 F12000
G1 X143.194 Y131.37 E.01509
G1 X143.183 Y131.067 E.00974
G1 X143.083 Y130.696 E.01237
G1 X142.943 Y130.497 E.00783
G1 X142.763 Y130.345 E.00755
G1 X142.579 Y130.253 E.00664
G1 X142.35 Y130.201 E.00756
G1 X141.994 Y130.17 E.0115
G1 X140.719 Y128.895 E.058
G1 X140.751 Y128.471 E.01367
G1 X140.691 Y128.032 E.01427
G1 X140.577 Y127.675 E.01207
G1 X140.415 Y127.365 E.01125
G1 X140.321 Y127.224 E.00545
G1 X140.08 Y126.938 E.01204
G1 X139.744 Y126.665 E.01393
G1 X139.384 Y126.47 E.01317
G1 X138.907 Y126.323 E.01606
G1 X138.39 Y126.287 E.01667
G1 X138.157 Y126.333 E.00765
G1 X137.729 Y125.905 E.01946
G1 X137.842 Y125.778 E.00548
G1 X138.128 Y125.532 E.01213
G1 X138.443 Y125.325 E.01212
G1 X138.783 Y125.163 E.01213
G1 X139.142 Y125.046 E.01215
G1 X139.635 Y124.954 E.01614
G1 X139.837 Y124.878 E.00693
G1 X140.266 Y124.604 E.01638
G1 X147.18 Y131.518 E.31465
G1 X148.766 Y131.518 E.05103
G1 X148.759 Y131.467 E.00167
G1 X148.838 Y130.961 E.01648
G1 X148.999 Y130.728 E.00911
G1 X149.326 Y130.383 E.01529
G1 X149.461 Y130.267 E.00573
G1 X149.661 Y130.161 E.00728
G1 X139.422 Y119.922 E.46592
G1 X139.543 Y119.524 E.01339
G1 X139.707 Y119.176 E.01238
G1 X140.174 Y118.424 E.02847
G1 X140.365 Y118.196 E.00959
G1 X140.564 Y118.064 E.00767
G1 X140.879 Y117.958 E.0107
G1 X141.216 Y117.878 E.01115
G1 X151.28 Y127.942 E.45792
SET_VELOCITY_LIMIT ACCEL=3000
G1 E-.728 F1800
;WIPE_START
G1 F30000
G1 X150.431 Y127.093 E-.072
;WIPE_END
G1 X155.206 Y128.03 Z1.8
G1 Z1.4
G1 E.8 F1800
SET_VELOCITY_LIMIT ACCEL=500
G1 F12000
G1 X146.916 Y119.74 E.37722
G1 X147.153 Y119.451 E.01205
G1 X147.45 Y118.966 E.01828
G1 X147.685 Y118.667 E.01222
G1 X147.954 Y118.403 E.01214
G1 X148.256 Y118.177 E.01212
G1 X148.585 Y117.994 E.01212
G1 X148.815 Y117.902 E.00799
G1 X148.691 Y118.104 E.00763
G1 X148.544 Y118.413 E.011
G1 X148.452 Y118.72 E.01032
G1 X148.403 Y119.12 E.01296
G1 X148.403 Y119.291 E.00553
G1 X148.459 Y119.716 E.01377
G1 X148.578 Y120.09 E.01266
G1 X148.832 Y120.534 E.01643
G1 X149.073 Y120.819 E.01201
G1 X149.393 Y121.082 E.01335
G1 X149.727 Y121.267 E.01228
G1 X150.216 Y121.429 E.01657
G1 X150.664 Y121.474 E.0145
G1 X151.171 Y121.416 E.0164
G1 X151.483 Y121.321 E.01049
G1 X151.919 Y121.097 E.01579
G1 X152.026 Y121.012 E.0044
G1 X152.641 Y121.627 E.028
SET_VELOCITY_LIMIT ACCEL=3000
G1 E-.728 F1800
;WIPE_START
G1 F30000
G1 X152.026 Y121.012 E-.05221
G1 X151.919 Y121.097 E-.0082
G1 X151.747 Y121.185 E-.01159
;WIPE_END
G1 X144.133 Y121.707 Z1.8
G1 X115.579 Y123.661 Z1.8
G1 Z1.4
G1 E.8 F1800
SET_VELOCITY_LIMIT ACCEL=500
;TYPE:Inner wall
;WIDTH:0.610488
G1 F11676.827
G1 X115.532 Y123.588 E.00389
;WIDTH:0.575224
G1 F12000
G1 X115.486 Y123.515 E.00365
;WIDTH:0.53996
G1 X115.355 Y123.29 E.0102
;WIDTH:0.49498
G1 X115.224 Y123.066 E.00928
;WIDTH:0.449999
G1 X114.931 Y122.572 E.01848
G1 X114.591 Y122.109 E.01848
G1 X114.208 Y121.682 E.01848
G1 X113.784 Y121.294 E.01848
G1 X113.325 Y120.95 E.01848
G1 X112.834 Y120.653 E.01847
G1 X112.316 Y120.404 E.01849
G1 X111.776 Y120.208 E.01848
G1 X111.219 Y120.066 E.01848
G1 X110.689 Y119.984 E.01728
;WIDTH:0.484528
G1 X110.52 Y119.957 E.00597
;WIDTH:0.519057
G1 X110.351 Y119.929 E.00644
;WIDTH:0.553586
G1 X110.182 Y119.901 E.00691
G1 X110.3 Y119.821 E.00577
;WIDTH:0.519057
G1 X110.418 Y119.741 E.00538
;WIDTH:0.484528
G1 X110.537 Y119.66 E.00499
;WIDTH:0.449999
G1 X110.857 Y119.267 E.01634
G1 X111.134 Y118.821 E.0169
G1 X111.479 Y118.384 E.01792
G1 X111.905 Y118.008 E.01828
G1 X112.347 Y117.73 E.01679
G1 X112.829 Y117.525 E.01686
G1 X113.351 Y117.41 E.01722
G1 X113.962 Y117.381 E.01965
G1 X114.51 Y117.45 E.01778
G1 X115.28 Y117.647 E.02557
G1 X115.727 Y117.827 E.0155
G1 X115.869 Y117.954 E.00613
G1 X116.176 Y118.337 E.0158
G1 X116.459 Y118.806 E.01763
G1 X116.743 Y119.329 E.01913
G1 X116.919 Y119.882 E.01869
G1 X116.995 Y120.413 E.01725
G1 X116.972 Y120.938 E.01691
G1 X116.83 Y121.575 E.021
G1 X116.594 Y122.112 E.01888
G1 X116.206 Y122.663 E.02166
G1 X115.817 Y123.085 E.01847
;WIDTH:0.49498
G1 X115.706 Y123.288 E.00828
;WIDTH:0.53996
G1 X115.595 Y123.491 E.0091
;WIDTH:0.575224
G1 X115.587 Y123.576 E.00359
;WIDTH:0.610488
G1 F11676.827
G1 X115.583 Y123.621 E.00203
SET_VELOCITY_LIMIT ACCEL=3000
G1 E-.728 F1800
;WIPE_START
G1 F30000
G1 X115.532 Y123.588 E-.00362
G1 X115.486 Y123.515 E-.0052
G1 X115.355 Y123.29 E-.01558
G1 X115.224 Y123.066 E-.01558
G1 X114.952 Y122.607 E-.03202
;WIPE_END
G1 X113.823 Y130.156 Z1.8
G1 X113.786 Y130.402 Z1.8
G1 Z1.4
G1 E.8 F1800
SET_VELOCITY_LIMIT ACCEL=500
;WIDTH:0.603328
G1 F11826.015
G1 X113.827 Y130.352 E.00289
;WIDTH:0.577797
G1 F12000
G1 X113.94 Y130.22 E.00735
;WIDTH:0.535198
G1 X114.054 Y130.089 E.00676
;WIDTH:0.492599
G1 X114.167 Y129.957 E.00618
;WIDTH:0.449999
G1 X114.555 Y129.534 E.01848
G1 X114.899 Y129.074 E.01848
G1 X115.197 Y128.583 E.01848
G1 X115.445 Y128.065 E.01848
G1 X115.641 Y127.525 E.01848
G1 X115.787 Y126.954 E.01896
G1 X115.876 Y126.345 E.01983
G1 X115.898 Y125.696 E.02087
G1 X115.816 Y124.828 E.02806
;WIDTH:0.491669
G1 X115.791 Y124.621 E.00739
;WIDTH:0.533339
G1 X115.766 Y124.414 E.00808
;WIDTH:0.575008
G1 X115.742 Y124.207 E.00877
G1 X115.839 Y124.286 E.00526
;WIDTH:0.533339
G1 X115.936 Y124.365 E.00485
;WIDTH:0.491669
G1 X116.033 Y124.444 E.00444
;WIDTH:0.449999
G1 X116.178 Y124.506 E.00507
G1 X117.126 Y124.762 E.03159
G1 X117.59 Y124.956 E.01621
G1 X118.157 Y125.321 E.02168
G1 X118.535 Y125.673 E.01663
G1 X118.851 Y126.099 E.01705
G1 X119.13 Y126.652 E.01993
G1 X119.287 Y127.167 E.01733
G1 X119.35 Y127.677 E.01652
G1 X119.387 Y128.357 E.02193
G1 X119.337 Y128.849 E.01591
G1 X119.179 Y129.157 E.01113
G1 X118.65 Y129.804 E.0269
G1 X118.294 Y130.179 E.01662
G1 X117.861 Y130.5 E.01734
G1 X117.308 Y130.779 E.01992
G1 X116.802 Y130.933 E.01705
G1 X116.288 Y130.991 E.01664
G1 X115.701 Y130.959 E.0189
G1 X115.192 Y130.845 E.01678
G1 X114.704 Y130.652 E.01691
G1 X114.177 Y130.475 E.01788
;WIDTH:0.488332
G1 X114.079 Y130.457 E.0035
;WIDTH:0.526664
G1 X113.981 Y130.439 E.0038
;WIDTH:0.564996
G1 X113.884 Y130.42 E.00411
;WIDTH:0.603328
G1 F11826.015
G1 X113.825 Y130.41 E.00264
SET_VELOCITY_LIMIT ACCEL=3000
G1 E-.728 F1800
;WIPE_START
G1 F30000
G1 X113.827 Y130.352 E-.00346
G1 X113.94 Y130.22 E-.01043
G1 X114.054 Y130.089 E-.01043
G1 X114.167 Y129.957 E-.01043
G1 X114.555 Y129.534 E-.03445
G1 X114.583 Y129.496 E-.00281
;WIPE_END
G1 X107.868 Y125.868 Z1.8
G1 X104.423 Y124.007 Z1.8
G1 Z1.4
G1 E.8 F1800
SET_VELOCITY_LIMIT ACCEL=500
;WIDTH:0.562316
G1 F12000
G1 X104.405 Y123.867 E.00577
;WIDTH:0.524877
G1 X104.386 Y123.728 E.00536
;WIDTH:0.487438
G1 X104.367 Y123.588 E.00494
;WIDTH:0.449999
G1 X104.135 Y123.085 E.01785
G1 X103.475 Y122.242 E.03443
G1 X103.247 Y121.786 E.01639
G1 X103.06 Y121.16 E.02103
G1 X103 Y120.638 E.0169
G1 X103.048 Y120.047 E.01909
G1 X103.183 Y119.513 E.01772
G1 X103.403 Y119.01 E.01766
G1 X103.803 Y118.367 E.02437
G1 X104.132 Y117.935 E.01746
G1 X104.41 Y117.75 E.01075
G1 X104.647 Y117.671 E.00803
G1 X105.189 Y117.529 E.01804
G1 X105.834 Y117.401 E.02116
G1 X106.536 Y117.39 E.02259
G1 X107.106 Y117.512 E.01877
G1 X107.647 Y117.728 E.01873
G1 X108.093 Y117.999 E.01681
G1 X108.471 Y118.334 E.01623
G1 X108.912 Y118.897 E.02301
G1 X109.172 Y119.38 E.01763
G1 X109.446 Y119.623 E.01179
;WIDTH:0.485549
G1 X109.626 Y119.714 E.00708
;WIDTH:0.521099
G1 X109.807 Y119.806 E.00765
;WIDTH:0.556648
G1 X109.988 Y119.897 E.00822
G1 X109.787 Y119.935 E.00829
;WIDTH:0.521099
G1 X109.586 Y119.972 E.00772
;WIDTH:0.485549
G1 X109.386 Y120.01 E.00714
;WIDTH:0.449999
G1 X108.881 Y120.066 E.01635
G1 X108.379 Y120.192 E.01665
G1 X107.837 Y120.383 E.01848
G1 X107.317 Y120.625 E.01848
G1 X106.823 Y120.918 E.01848
G1 X106.36 Y121.258 E.01848
G1 X105.933 Y121.642 E.01848
G1 X105.545 Y122.065 E.01848
G1 X105.201 Y122.525 E.01848
G1 X104.903 Y123.016 E.01848
G1 X104.65 Y123.545 E.01887
;WIDTH:0.487438
G1 X104.574 Y123.699 E.00602
;WIDTH:0.524877
G1 X104.499 Y123.853 E.00653
;WIDTH:0.562316
G1 X104.441 Y123.971 E.0054
SET_VELOCITY_LIMIT ACCEL=3000
G1 E-.728 F1800
;WIPE_START
G1 F30000
G1 X104.405 Y123.867 E-.00658
G1 X104.386 Y123.728 E-.00844
G1 X104.367 Y123.588 E-.00844
G1 X104.135 Y123.085 E-.03328
G1 X103.978 Y122.884 E-.01526
;WIPE_END
G1 X106.46 Y130.102 Z1.8
G1 X106.636 Y130.613 Z1.8
G1 Z1.4
G1 E.8 F1800
SET_VELOCITY_LIMIT ACCEL=500
;WIDTH:0.558744
G1 F12000
G1 X106.496 Y130.588 E.00583
;WIDTH:0.522496
G1 X106.355 Y130.562 E.00542
;WIDTH:0.486248
G1 X106.214 Y130.536 E.00501
;WIDTH:0.449999
G1 X105.682 Y130.505 E.01717
G1 X104.677 Y130.887 E.03458
G1 X104.148 Y130.978 E.01728
G1 X103.521 Y130.977 E.02016
G1 X103.005 Y130.887 E.01687
G1 X102.503 Y130.699 E.01724
G1 X101.977 Y130.392 E.01958
M73 P63 R4
G1 X101.561 Y130.043 E.01749
G1 X101.095 Y129.499 E.02306
G1 X100.732 Y129.014 E.01949
G1 X100.623 Y128.699 E.01073
G1 X100.603 Y128.321 E.01216
G1 X100.643 Y127.795 E.01697
G1 X100.732 Y127.095 E.02271
G1 X100.893 Y126.575 E.01751
G1 X101.146 Y126.102 E.01727
G1 X101.531 Y125.608 E.02016
G1 X101.919 Y125.255 E.01689
G1 X102.351 Y124.986 E.01636
G1 X103.057 Y124.71 E.02438
G1 X103.567 Y124.613 E.01671
G1 X103.975 Y124.383 E.01508
;WIDTH:0.489402
G1 X104.115 Y124.283 E.00606
;WIDTH:0.528804
G1 X104.254 Y124.183 E.0066
;WIDTH:0.568206
G1 X104.394 Y124.082 E.00713
G1 X104.39 Y124.115 E.00136
;WIDTH:0.558476
G1 X104.365 Y124.287 E.00707
;WIDTH:0.522317
G1 X104.341 Y124.458 E.00657
;WIDTH:0.486158
G1 X104.317 Y124.63 E.00607
;WIDTH:0.449999
G1 X104.23 Y125.198 E.01848
G1 X104.199 Y125.771 E.01848
G1 X104.224 Y126.336 E.0182
G1 X104.305 Y126.913 E.01876
G1 X104.442 Y127.471 E.01848
G1 X104.633 Y128.012 E.01848
G1 X104.876 Y128.533 E.01848
G1 X105.174 Y129.035 E.01879
G1 X105.545 Y129.534 E.02
G1 X106.021 Y130.037 E.0223
;WIDTH:0.486248
G1 X106.226 Y130.229 E.00984
;WIDTH:0.522496
G1 X106.431 Y130.421 E.01065
;WIDTH:0.558744
G1 X106.607 Y130.586 E.00982
SET_VELOCITY_LIMIT ACCEL=3000
G1 E-.728 F1800
;WIPE_START
G1 F30000
G1 X106.496 Y130.588 E-.00668
G1 X106.355 Y130.562 E-.00857
G1 X106.214 Y130.536 E-.00857
G1 X105.682 Y130.505 E-.03202
G1 X105.43 Y130.6 E-.01615
;WIPE_END
G1 X108.915 Y131.538 Z1.8
G1 Z1.4
G1 E.8 F1800
SET_VELOCITY_LIMIT ACCEL=500
;WIDTH:0.449999
G1 F12000
G1 X109.448 Y131.62 E.01734
G1 X110.022 Y131.651 E.01848
G1 X110.595 Y131.625 E.01848
G1 X111.213 Y131.534 E.02011
G1 X111.776 Y131.391 E.01868
G1 X112.316 Y131.194 E.01848
G1 X112.833 Y130.946 E.01848
;WIDTH:0.491394
G1 X112.969 Y130.889 E.00521
;WIDTH:0.532789
G1 X113.104 Y130.831 E.00569
;WIDTH:0.574184
G1 X113.239 Y130.773 E.00617
;WIDTH:0.615578
G1 F11573.039
G1 X113.374 Y130.715 E.00665
G1 X113.312 Y130.831 E.00595
;WIDTH:0.574184
G1 F12000
G1 X113.25 Y130.947 E.00552
;WIDTH:0.532789
G1 X113.188 Y131.063 E.00509
;WIDTH:0.491394
G1 X113.127 Y131.179 E.00466
;WIDTH:0.449999
G1 X113.104 Y131.439 E.00839
G1 X113.174 Y131.956 E.01677
G1 X113.18 Y132.476 E.01673
G1 X113.081 Y133.097 E.02025
G1 X112.915 Y133.582 E.01647
G1 X112.656 Y134.041 E.01697
G1 X112.263 Y134.524 E.02005
G1 X111.857 Y134.877 E.0173
G1 X111.387 Y135.15 E.01751
G1 X110.741 Y135.425 E.02257
G1 X110.258 Y135.596 E.01649
G1 X109.922 Y135.623 E.01085
G1 X109.569 Y135.546 E.01163
G1 X108.8 Y135.239 E.02663
G1 X108.329 Y135.002 E.01698
G1 X107.897 Y134.677 E.01737
G1 X107.475 Y134.227 E.01985
G1 X107.182 Y133.784 E.01709
G1 X106.981 Y133.307 E.01667
G1 X106.856 Y132.804 E.01668
G1 X106.808 Y132.154 E.02096
G1 X106.86 Y131.605 E.01773
G1 X106.838 Y131.098 E.01635
;WIDTH:0.489455
G1 X106.799 Y130.959 E.00507
;WIDTH:0.528911
G1 X106.761 Y130.821 E.00551
;WIDTH:0.568366
G1 X106.722 Y130.683 E.00596
G1 X106.799 Y130.72 E.00355
;WIDTH:0.542626
G1 X107.033 Y130.833 E.01026
;WIDTH:0.496313
G1 X107.267 Y130.946 E.00931
;WIDTH:0.449999
G1 X107.763 Y131.184 E.01771
G1 X108.324 Y131.391 E.01924
G1 X108.876 Y131.532 E.01833
G1 X108.715 Y131.087 F30000
;TYPE:Outer wall
;WIDTH:0.419999
G1 F9600
G1 X108.976 Y131.152 E.00803
G1 X109.506 Y131.232 E.01597
G1 X110.041 Y131.259 E.01597
G1 X110.576 Y131.234 E.01597
G1 X111.072 Y131.161 E.01494
G1 X111.626 Y131.027 E.01699
G1 X112.131 Y130.847 E.01597
G1 X112.616 Y130.619 E.01597
G1 X113.076 Y130.344 E.01597
G1 X113.507 Y130.026 E.01597
G1 X113.904 Y129.667 E.01597
G1 X114.265 Y129.27 E.01597
G1 X114.585 Y128.84 E.01597
G1 X114.861 Y128.381 E.01597
G1 X115.091 Y127.897 E.01597
G1 X115.272 Y127.393 E.01597
G1 X115.403 Y126.874 E.01597
G1 X115.483 Y126.344 E.01597
G1 X115.51 Y125.809 E.01597
G1 X115.484 Y125.273 E.01597
G1 X115.407 Y124.743 E.01597
G1 X115.277 Y124.223 E.01597
G1 X115.098 Y123.719 E.01597
G1 X114.869 Y123.234 E.01597
G1 X114.595 Y122.774 E.01597
G1 X114.276 Y122.343 E.01597
G1 X113.917 Y121.945 E.01597
G1 X113.507 Y121.573 E.01652
G1 X112.791 Y121.084 E.02582
G1 X112.272 Y120.817 E.01741
G1 X111.755 Y120.617 E.01651
G1 X111.215 Y120.469 E.0167
G1 X110.631 Y120.372 E.01764
G1 X110.059 Y120.34 E.01707
G1 X109.003 Y120.442 E.03162
G1 X108.474 Y120.572 E.01625
G1 X107.969 Y120.752 E.01597
G1 X107.484 Y120.98 E.01597
G1 X107.024 Y121.255 E.01597
G1 X106.593 Y121.573 E.01597
G1 X106.196 Y121.932 E.01597
G1 X105.835 Y122.329 E.01597
G1 X105.515 Y122.758 E.01597
G1 X105.239 Y123.218 E.01597
G1 X105.009 Y123.701 E.01597
G1 X104.828 Y124.206 E.01597
G1 X104.697 Y124.725 E.01597
G1 X104.617 Y125.255 E.01597
G1 X104.59 Y125.79 E.01597
G1 X104.615 Y126.317 E.01571
G1 X104.693 Y126.855 E.01623
G1 X104.823 Y127.375 E.01597
G1 X105.002 Y127.88 E.01597
G1 X105.231 Y128.365 E.01597
G1 X105.505 Y128.825 E.01597
G1 X105.824 Y129.256 E.01597
G1 X106.183 Y129.654 E.01597
G1 X106.579 Y130.014 E.01597
G1 X106.991 Y130.32 E.01529
G1 X107.468 Y130.61 E.01664
G1 X107.93 Y130.83 E.01526
G1 X108.456 Y131.021 E.01668
G1 X108.676 Y131.077 E.00675
SET_VELOCITY_LIMIT ACCEL=3000
G1 E-.728 F1800
;WIPE_START
G1 F30000
G1 X108.976 Y131.152 E-.01856
G1 X109.506 Y131.232 E-.03215
G1 X109.86 Y131.25 E-.02129
;WIPE_END
G1 X102.809 Y131.232 Z1.8
G1 Z1.4
G1 E.8 F1800
SET_VELOCITY_LIMIT ACCEL=500
G1 F9600
G1 X102.328 Y131.05 E.01532
G1 X101.757 Y130.717 E.01969
G1 X101.281 Y130.318 E.01852
G1 X100.713 Y129.655 E.02602
G1 X100.379 Y129.193 E.01699
G1 X100.234 Y128.775 E.01319
G1 X100.21 Y128.317 E.01367
G1 X100.311 Y127.204 E.03332
G1 X100.438 Y126.695 E.01564
G1 X100.636 Y126.212 E.01555
G1 X100.932 Y125.718 E.01716
G1 X101.323 Y125.251 E.01817
G1 X101.785 Y124.874 E.01775
G1 X102.418 Y124.519 E.02163
G1 X102.96 Y124.329 E.01713
G1 X103.511 Y124.213 E.0168
G1 X103.987 Y123.886 E.01721
G1 X103.988 Y123.698 E.0056
G1 X103.748 Y123.203 E.01639
G1 X103.347 Y122.738 E.01832
G1 X102.971 Y122.128 E.02136
G1 X102.754 Y121.583 E.01746
G1 X102.638 Y120.992 E.01798
G1 X102.615 Y120.479 E.01529
G1 X102.662 Y119.979 E.01499
G1 X102.81 Y119.394 E.01796
G1 X103.058 Y118.822 E.01859
G1 X103.504 Y118.105 E.02517
G1 X103.867 Y117.64 E.01759
G1 X104.236 Y117.395 E.0132
G1 X104.676 Y117.247 E.01385
G1 X105.63 Y117.023 E.02919
G1 X106.298 Y116.988 E.01992
G1 X106.909 Y117.058 E.01834
G1 X107.498 Y117.225 E.01826
G1 X108.034 Y117.495 E.01789
G1 X108.501 Y117.831 E.01715
G1 X108.943 Y118.272 E.01859
G1 X109.235 Y118.675 E.01486
G1 X109.508 Y119.177 E.01702
G1 X109.6 Y119.263 E.00377
G1 X110.069 Y119.459 E.01515
G1 X110.231 Y119.412 E.00503
G1 X110.574 Y118.993 E.01616
G1 X110.841 Y118.548 E.01545
G1 X111.205 Y118.103 E.01714
G1 X111.67 Y117.694 E.01848
G1 X112.156 Y117.388 E.0171
G1 X112.709 Y117.151 E.01793
G1 X113.308 Y117.02 E.01827
G1 X113.97 Y116.989 E.01975
G1 X114.589 Y117.065 E.01859
G1 X115.377 Y117.267 E.02426
G1 X115.944 Y117.496 E.01823
G1 X116.275 Y117.792 E.01325
G1 X116.543 Y118.179 E.01402
G1 X117.043 Y119.023 E.02925
G1 X117.253 Y119.602 E.01833
G1 X117.372 Y120.26 E.01993
G1 X117.379 Y120.869 E.01816
G1 X117.273 Y121.456 E.01777
G1 X117.069 Y122.032 E.01821
G1 X116.782 Y122.556 E.01781
G1 X116.46 Y122.972 E.0157
G1 X116.101 Y123.355 E.01562
G1 X116.032 Y123.499 E.00478
G1 X116.146 Y123.99 E.01503
G1 X116.249 Y124.116 E.00484
G1 X117.318 Y124.417 E.0331
G1 X117.781 Y124.614 E.015
G1 X118.391 Y125.007 E.02164
G1 X118.828 Y125.411 E.01772
G1 X119.189 Y125.9 E.01812
G1 X119.491 Y126.5 E.02001
G1 X119.672 Y127.089 E.01837
G1 X119.742 Y127.656 E.01702
G1 X119.789 Y128.536 E.02629
G1 X119.713 Y128.975 E.01328
G1 X119.509 Y129.373 E.01333
G1 X118.659 Y130.366 E.03896
G1 X118.184 Y130.765 E.01847
G1 X117.647 Y131.061 E.01828
G1 X117.056 Y131.27 E.01867
G1 X116.53 Y131.366 E.01594
G1 X115.936 Y131.385 E.01773
G1 X115.367 Y131.298 E.01716
G1 X114.16 Y130.882 E.03803
G1 X113.934 Y130.847 E.00682
G1 X113.542 Y131.228 E.01629
G1 X113.492 Y131.384 E.00489
G1 X113.566 Y131.938 E.01667
G1 X113.556 Y132.675 E.02197
G1 X113.463 Y133.183 E.01538
G1 X113.274 Y133.742 E.01758
G1 X112.976 Y134.269 E.01804
G1 X112.55 Y134.792 E.02011
G1 X112.086 Y135.197 E.01835
G1 X111.547 Y135.508 E.01854
G1 X110.845 Y135.806 E.02276
G1 X110.338 Y135.982 E.01599
G1 X109.896 Y136.019 E.01323
G1 X109.603 Y135.955 E.00894
G1 X109.057 Y135.764 E.01723
G1 X108.254 Y135.406 E.02622
G1 X107.736 Y135.062 E.01852
G1 X107.299 Y134.63 E.01832
G1 X106.987 Y134.213 E.0155
G1 X106.69 Y133.648 E.01904
G1 X106.504 Y133.082 E.01777
G1 X106.425 Y132.493 E.01771
G1 X106.454 Y131.303 E.03546
G1 X106.411 Y131.013 E.00876
G1 X106.248 Y130.933 E.00539
G1 X105.69 Y130.907 E.01666
G1 X105.182 Y131.128 E.0165
G1 X104.683 Y131.285 E.0156
G1 X104.174 Y131.369 E.01539
G1 X103.495 Y131.369 E.02022
G1 X102.902 Y131.267 E.01795
G1 X102.846 Y131.246 E.00177
SET_VELOCITY_LIMIT ACCEL=3000
G1 E-.728 F1800
;WIPE_START
G1 F30000
G1 X102.328 Y131.05 E-.03324
G1 X101.77 Y130.724 E-.03876
;WIPE_END
G1 X108.687 Y127.498 Z1.8
G1 X115.742 Y124.207 Z1.8
G1 Z1.4
G1 E.8 F1800
SET_VELOCITY_LIMIT ACCEL=500
;TYPE:Inner wall
;WIDTH:0.610488
G1 F11676.827
G1 X115.579 Y123.661 E.02557
SET_VELOCITY_LIMIT ACCEL=3000
G1 E-.7658 F1800
;WIPE_START
G1 F30000
G1 X115.742 Y124.207 E-.0342
;WIPE_END
G1 X113.786 Y130.402 Z1.8
G1 Z1.4
G1 E.8 F1800
SET_VELOCITY_LIMIT ACCEL=500
;WIDTH:0.615578
G1 F11573.039
G1 X113.374 Y130.715 E.02342
SET_VELOCITY_LIMIT ACCEL=3000
G1 E-.76896 F1800
;WIPE_START
G1 F30000
G1 X113.786 Y130.402 E-.03104
;WIPE_END
G1 X111.191 Y123.224 Z1.8
G1 X109.988 Y119.897 Z1.8
G1 Z1.4
G1 E.8 F1800
SET_VELOCITY_LIMIT ACCEL=500
;WIDTH:0.556648
G1 F12000
G1 X110.182 Y119.901 E.00789
SET_VELOCITY_LIMIT ACCEL=3000
G1 E-.78834 F1800
;WIPE_START
G1 F30000
G1 X109.988 Y119.897 E-.01166
;WIPE_END
G1 X111.022 Y119.628 Z1.8
G1 Z1.4
G1 E.8 F1800
SET_VELOCITY_LIMIT ACCEL=500
;TYPE:Internal solid infill
;WIDTH:0.38292
G1 F15000
G1 X110.958 Y119.665 E.00198
G1 X111.023 Y119.7 E.00198
SET_VELOCITY_LIMIT ACCEL=3000
G1 E-.79116 F1800
;WIPE_START
G1 F30000
G1 X110.958 Y119.665 E-.00442
G1 X111.022 Y119.628 E-.00442
;WIPE_END
G1 X105.433 Y119.466 Z1.8
G1 Z1.4
G1 E.8 F1800
SET_VELOCITY_LIMIT ACCEL=500
;WIDTH:0.554042
G1 F12966.363
G1 X105.369 Y119.466 E.00258
G1 X105.337 Y119.522 E.00258
M73 P64 R4
G1 X105.369 Y119.577 E.00258
G1 X105.433 Y119.577 E.00258
G1 X105.445 Y119.556 E.00097
SET_VELOCITY_LIMIT ACCEL=3000
G1 E-.78323 F1800
;WIPE_START
G1 F30000
G1 X105.433 Y119.577 E-.00143
G1 X105.369 Y119.577 E-.00383
G1 X105.337 Y119.522 E-.00383
G1 X105.369 Y119.466 E-.00383
G1 X105.433 Y119.466 E-.00383
;WIPE_END
G1 X104.56 Y120.885 Z1.8
G1 Z1.4
G1 E.8 F1800
SET_VELOCITY_LIMIT ACCEL=500
;WIDTH:0.419999
G1 F15000
G1 X105.008 Y120.424 E.01916
G1 X105.386 Y120.088 E.01507
G1 X105.861 Y119.731 E.01771
G1 X106.361 Y119.422 E.01752
G1 X106.985 Y119.1 E.02092
G1 X106.606 Y118.954 E.01209
G1 X106.203 Y118.909 E.01209
G1 X105.895 Y118.933 E.00921
G1 X105.117 Y119.137 E.02395
G1 X104.735 Y119.758 E.02174
G1 X104.571 Y120.183 E.01357
G1 X104.527 Y120.612 E.01286
G1 X104.555 Y120.845 E.00701
SET_VELOCITY_LIMIT ACCEL=3000
G1 X104.446 Y121.625 F30000
SET_VELOCITY_LIMIT ACCEL=500
G1 F15000
G1 X104.88 Y121.094 E.02045
G1 X105.261 Y120.703 E.01628
G1 X105.895 Y120.178 E.02452
G1 X106.349 Y119.87 E.01636
G1 X106.817 Y119.594 E.01618
G1 X107.451 Y119.303 E.0208
G1 X107.716 Y119.208 E.00839
G1 X107.396 Y118.914 E.01297
G1 X106.937 Y118.661 E.01563
G1 X106.499 Y118.561 E.01338
G1 X105.941 Y118.546 E.01664
G1 X104.899 Y118.804 E.03198
G1 X104.518 Y119.388 E.02077
G1 X104.276 Y119.861 E.01584
G1 X104.159 Y120.38 E.01586
G1 X104.173 Y120.882 E.01496
G1 X104.323 Y121.39 E.01579
G1 X104.427 Y121.59 E.00672
SET_VELOCITY_LIMIT ACCEL=3000
G1 X104.458 Y122.263 F30000
SET_VELOCITY_LIMIT ACCEL=500
G1 F15000
G1 X104.894 Y121.653 E.02237
G1 X105.3 Y121.193 E.01827
G1 X105.796 Y120.727 E.02029
G1 X106.314 Y120.334 E.01938
G1 X106.923 Y119.964 E.02122
G1 X107.53 Y119.678 E.02
G1 X108.115 Y119.469 E.01852
G1 X108.305 Y119.42 E.00585
G1 X108.063 Y119.03 E.01369
G1 X107.669 Y118.648 E.01636
G1 X107.32 Y118.424 E.01235
G1 X106.782 Y118.216 E.01718
G1 X106.254 Y118.151 E.01588
G1 X105.703 Y118.203 E.01648
G1 X104.735 Y118.458 E.02982
G1 X104.518 Y118.673 E.00911
G1 X104.08 Y119.378 E.02476
G1 X103.861 Y119.92 E.01741
G1 X103.777 Y120.468 E.01651
G1 X103.811 Y120.991 E.01563
G1 X103.969 Y121.521 E.01647
G1 X104.145 Y121.857 E.01132
G1 X104.433 Y122.231 E.01407
SET_VELOCITY_LIMIT ACCEL=3000
G1 X104.5 Y122.951 F30000
SET_VELOCITY_LIMIT ACCEL=500
G1 F15000
G1 X104.833 Y122.371 E.01992
G1 X105.255 Y121.801 E.02112
G1 X105.655 Y121.365 E.01766
G1 X106.066 Y120.993 E.01652
G1 X106.557 Y120.625 E.01828
G1 X107.135 Y120.278 E.02009
G1 X107.705 Y120.013 E.01873
G1 X108.209 Y119.834 E.01594
G1 X108.897 Y119.671 E.02108
G1 X108.387 Y118.826 E.02943
G1 X107.994 Y118.429 E.01665
G1 X107.548 Y118.115 E.01627
G1 X106.98 Y117.883 E.01826
G1 X106.392 Y117.788 E.01776
G1 X105.751 Y117.801 E.01913
G1 X104.579 Y118.109 E.03611
G1 X104.331 Y118.309 E.00949
G1 X103.877 Y118.99 E.02439
G1 X103.627 Y119.454 E.01572
G1 X103.458 Y119.985 E.01662
G1 X103.397 Y120.546 E.01682
G1 X103.443 Y121.074 E.01579
G1 X103.589 Y121.58 E.0157
G1 X103.81 Y122.036 E.01509
G1 X104.417 Y122.792 E.0289
G1 X104.482 Y122.915 E.00416
SET_VELOCITY_LIMIT ACCEL=3000
G1 E-.728 F1800
;WIPE_START
G1 F30000
G1 X104.417 Y122.792 E-.00837
G1 X103.81 Y122.036 E-.05817
G1 X103.77 Y121.954 E-.00546
;WIPE_END
G1 X103.901 Y126.848 Z1.8
G1 Z1.4
G1 E.8 F1800
SET_VELOCITY_LIMIT ACCEL=500
G1 F15000
G1 X103.832 Y126.363 E.0146
G1 X103.807 Y125.752 E.01823
G1 X103.84 Y125.17 E.01735
G1 X103.884 Y124.879 E.00878
G1 X103.58 Y125.009 E.00984
G1 X102.83 Y125.196 E.02304
G1 X102.451 Y125.398 E.0128
G1 X103.873 Y126.819 E.05991
SET_VELOCITY_LIMIT ACCEL=3000
G1 E-.728 F1800
;WIPE_START
G1 F30000
G1 X103.024 Y125.971 E-.072
;WIPE_END
G1 X103.471 Y125.934 Z1.8
G1 Z1.4
G1 E.8 F1800
SET_VELOCITY_LIMIT ACCEL=500
;WIDTH:0.350658
G1 F15000
G1 X103.483 Y125.376 E.01356
G1 X103.029 Y125.491 E.01139
G1 X103.443 Y125.905 E.01425
SET_VELOCITY_LIMIT ACCEL=3000
G1 E-.728 F1800
;WIPE_START
G1 F30000
G1 X103.029 Y125.491 E-.03514
G1 X103.483 Y125.376 E-.02809
G1 X103.48 Y125.522 E-.00877
;WIPE_END
G1 X104.287 Y127.5 Z1.8
G1 Z1.4
G1 E.8 F1800
SET_VELOCITY_LIMIT ACCEL=500
;WIDTH:0.419999
G1 F15000
G1 X102.232 Y125.446 E.08662
G1 X101.933 Y125.68 E.01132
G1 X104.291 Y128.038 E.0994
G1 X104.579 Y128.679 E.02096
G1 X104.84 Y129.12 E.01524
G1 X101.67 Y125.95 E.13362
G1 X101.442 Y126.255 E.01136
G1 X105.424 Y130.237 E.16785
G1 X105.052 Y130.399 E.01207
G1 X101.251 Y126.598 E.16021
G1 X101.103 Y126.983 E.0123
G1 X104.662 Y130.542 E.15
G1 X104.59 Y130.567 E.00227
G1 X104.227 Y130.64 E.01104
G1 X101.005 Y127.418 E.13579
G1 X100.966 Y127.912 E.01476
G1 X103.712 Y130.658 E.11575
G1 X103.463 Y130.642 E.00745
G1 X103.086 Y130.565 E.01147
G1 X100.77 Y128.25 E.09759
SET_VELOCITY_LIMIT ACCEL=3000
G1 E-.728 F1800
;WIPE_START
G1 F30000
G1 X101.619 Y129.099 E-.072
;WIPE_END
G1 X105.6 Y130.307 Z1.8
G1 Z1.4
G1 E.8 F1800
SET_VELOCITY_LIMIT ACCEL=500
;TYPE:Gap infill
;WIDTH:0.229424
G1 F15000
G1 X105.739 Y130.198 E.0026
G1 X105.692 Y130.121 E.00134
G1 X105.317 Y129.728 E.00801
;WIDTH:0.251754
G1 X105.126 Y129.506 E.00483
;WIDTH:0.268322
G1 X104.934 Y129.285 E.00521
SET_VELOCITY_LIMIT ACCEL=3000
G1 E-.78244 F1800
;WIPE_START
G1 F30000
G1 X105.126 Y129.506 E-.01756
;WIPE_END
G1 X102.814 Y130.598 Z1.8
G1 Z1.4
G1 E.8 F1800
SET_VELOCITY_LIMIT ACCEL=500
;WIDTH:0.16074
G1 F15000
G1 X102.671 Y130.495 E.00164
;WIDTH:0.202508
G1 X102.528 Y130.392 E.00222
;WIDTH:0.244277
G1 X102.386 Y130.289 E.0028
;WIDTH:0.283138
G1 X102.239 Y130.168 E.00361
;WIDTH:0.319094
G1 X102.093 Y130.047 E.00415
;WIDTH:0.331231
G1 X101.82 Y129.789 E.00855
G1 X101.213 Y129.134 E.02036
;WIDTH:0.27515
G1 X101.021 Y128.904 E.00549
;WIDTH:0.260103
G1 X100.83 Y128.674 E.00513
SET_VELOCITY_LIMIT ACCEL=3000
G1 E-.78205 F1800
;WIPE_START
G1 F30000
G1 X101.021 Y128.904 E-.01795
;WIPE_END
G1 X108.266 Y131.306 Z1.8
G1 X111.987 Y132.54 Z1.8
G1 Z1.4
G1 E.8 F1800
SET_VELOCITY_LIMIT ACCEL=500
;TYPE:Internal solid infill
;WIDTH:0.544664
G1 F13208.715
G1 X111.924 Y132.54 E.00249
G1 X111.892 Y132.594 E.00249
G1 X111.924 Y132.649 E.00249
G1 X111.987 Y132.649 E.00249
G1 X111.998 Y132.629 E.0009
SET_VELOCITY_LIMIT ACCEL=3000
G1 E-.78358 F1800
;WIPE_START
G1 F30000
G1 X111.987 Y132.649 E-.00136
G1 X111.924 Y132.649 E-.00376
G1 X111.892 Y132.594 E-.00376
G1 X111.924 Y132.54 E-.00376
G1 X111.987 Y132.54 E-.00376
;WIPE_END
G1 X111.073 Y132.333 Z1.8
G1 Z1.4
G1 E.8 F1800
SET_VELOCITY_LIMIT ACCEL=500
;WIDTH:0.419999
G1 F15000
G1 X112.14 Y133.401 E.04501
G1 X112.326 Y132.948 E.01461
G1 X112.417 Y132.373 E.01733
G1 X112.385 Y131.989 E.0115
G1 X111.908 Y132.153 E.01502
G1 X111.347 Y132.291 E.01724
G1 X111.112 Y132.327 E.00707
SET_VELOCITY_LIMIT ACCEL=3000
G1 E-.728 F1800
;WIPE_START
G1 F30000
G1 X111.347 Y132.291 E-.01422
G1 X111.908 Y132.153 E-.0347
G1 X112.272 Y132.028 E-.02308
;WIPE_END
G1 X110.226 Y132.02 Z1.8
G1 Z1.4
G1 E.8 F1800
SET_VELOCITY_LIMIT ACCEL=500
G1 F15000
G1 X112.197 Y133.991 E.08309
G1 X112.395 Y133.727 E.00982
G1 X112.669 Y133.115 E.01999
G1 X112.775 Y132.606 E.0155
G1 X112.746 Y131.811 E.02371
G1 X112.692 Y131.446 E.011
M73 P65 R4
G1 X111.941 Y131.744 E.02408
G1 X111.306 Y131.915 E.0196
G1 X110.686 Y132.01 E.01871
G1 X110.266 Y132.019 E.01252
SET_VELOCITY_LIMIT ACCEL=3000
G1 E-.728 F1800
;WIPE_START
G1 F30000
G1 X110.686 Y132.01 E-.02521
G1 X111.306 Y131.915 E-.03766
G1 X111.453 Y131.876 E-.00912
;WIPE_END
G1 X112.246 Y134.306 Z1.8
G1 Z1.4
G1 E.8 F1800
SET_VELOCITY_LIMIT ACCEL=500
;WIDTH:0.419999
G1 F15000
G1 X109.915 Y131.976 E.09823
G1 X109.345 Y131.939 E.01703
G1 X111.856 Y134.45 E.10584
G1 X111.664 Y134.607 E.0074
G1 X111.551 Y134.678 E.00398
G1 X108.702 Y131.829 E.12008
G1 X108.292 Y131.727 E.01259
G1 X107.94 Y131.601 E.01114
G1 X111.205 Y134.866 E.13761
G1 X110.831 Y135.025 E.01211
G1 X107.181 Y131.375 E.15385
G1 X107.191 Y131.599 E.00669
G1 X107.165 Y131.892 E.00875
G1 X110.453 Y135.18 E.1386
G1 X110.19 Y135.269 E.00827
G1 X110.022 Y135.283 E.00502
G1 X107.146 Y132.407 E.12123
G1 X107.15 Y132.546 E.00415
G1 X107.21 Y132.92 E.0113
G1 X107.246 Y133.04 E.00372
G1 X109.586 Y135.379 E.09862
SET_VELOCITY_LIMIT ACCEL=3000
G1 X108.984 Y135.085 F30000
SET_VELOCITY_LIMIT ACCEL=500
;TYPE:Gap infill
;WIDTH:0.180744
G1 F15000
G1 X108.822 Y134.965 E.00219
;WIDTH:0.220872
G1 X108.66 Y134.846 E.00283
;WIDTH:0.260999
G1 X108.498 Y134.726 E.00347
;WIDTH:0.297015
G1 X108.353 Y134.604 E.00381
;WIDTH:0.342561
G1 X107.938 Y134.221 E.01337
G1 X107.685 Y133.943 E.00891
;WIDTH:0.300327
G1 X107.566 Y133.793 E.00389
;WIDTH:0.25661
G1 X107.447 Y133.643 E.00323
;WIDTH:0.211165
G1 X107.372 Y133.535 E.00175
;WIDTH:0.163991
G1 X107.298 Y133.427 E.00126
;WIDTH:0.116818
G1 X107.223 Y133.319 E.00077
;WIDTH:0.0932327
G1 X107.206 Y133.29 E.00013
SET_VELOCITY_LIMIT ACCEL=3000
G1 E-.79802 F1800
;WIPE_START
G1 F30000
G1 X107.223 Y133.319 E-.00198
;WIPE_END
G1 X114.253 Y130.348 Z1.8
G1 X116.541 Y129.381 Z1.8
G1 Z1.4
G1 E.8 F1800
SET_VELOCITY_LIMIT ACCEL=500
;TYPE:Internal solid infill
;WIDTH:0.504216
G1 F14366.898
G1 X116.899 Y129.25 E.01389
G1 X117.253 Y129.004 E.01572
G1 X117.374 Y128.88 E.00632
G1 X116.965 Y128.471 E.02108
G1 X116.559 Y129.345 E.03513
SET_VELOCITY_LIMIT ACCEL=3000
G1 E-.728 F1800
;WIPE_START
G1 F30000
G1 X116.965 Y128.471 E-.05782
G1 X117.132 Y128.639 E-.01418
;WIPE_END
G1 X115.778 Y129.813 Z1.8
G1 Z1.4
G1 E.8 F1800
SET_VELOCITY_LIMIT ACCEL=500
;WIDTH:0.419999
G1 F15000
G1 X116.283 Y129.845 E.01509
G1 X116.801 Y129.744 E.01571
G1 X117.278 Y129.513 E.0158
G1 X117.553 Y129.297 E.01045
G1 X117.943 Y128.857 E.01752
G1 X116.776 Y127.689 E.04922
G1 X116.546 Y128.398 E.02222
G1 X116.241 Y129.062 E.02176
G1 X115.801 Y129.78 E.02512
SET_VELOCITY_LIMIT ACCEL=3000
G1 X115.159 Y130.009 F30000
SET_VELOCITY_LIMIT ACCEL=500
G1 F15000
G1 X115.666 Y130.176 E.01591
G1 X116.284 Y130.222 E.01848
G1 X116.798 Y130.136 E.01553
G1 X117.304 Y129.936 E.01622
G1 X117.728 Y129.646 E.0153
G1 X118.044 Y129.33 E.01332
G1 X118.451 Y128.831 E.01918
G1 X116.547 Y126.927 E.08026
G1 X116.387 Y127.708 E.02374
G1 X116.191 Y128.271 E.01779
G1 X115.904 Y128.892 E.02037
G1 X115.515 Y129.535 E.02241
G1 X115.183 Y129.977 E.01647
SET_VELOCITY_LIMIT ACCEL=3000
G1 X114.49 Y130.166 F30000
SET_VELOCITY_LIMIT ACCEL=500
G1 F15000
G1 X115.569 Y130.54 E.03404
G1 X116.044 Y130.6 E.01428
G1 X116.647 Y130.559 E.018
G1 X117.155 Y130.418 E.01573
G1 X117.662 Y130.163 E.0169
G1 X118.094 Y129.823 E.01639
G1 X118.834 Y128.959 E.03391
G1 X118.934 Y128.776 E.00622
G1 X116.276 Y126.123 E.11193
G1 X116.256 Y126.469 E.01034
G1 X116.01 Y127.657 E.03617
G1 X115.829 Y128.161 E.01594
G1 X115.561 Y128.735 E.01889
G1 X115.214 Y129.308 E.01999
G1 X114.842 Y129.801 E.0184
G1 X114.518 Y130.137 E.0139
SET_VELOCITY_LIMIT ACCEL=3000
G1 E-.728 F1800
;WIPE_START
G1 F30000
G1 X114.842 Y129.801 E-.02799
G1 X115.214 Y129.308 E-.03704
G1 X115.274 Y129.209 E-.00697
;WIPE_END
G1 X116.818 Y125.079 Z1.8
G1 Z1.4
G1 E.8 F1800
SET_VELOCITY_LIMIT ACCEL=500
;WIDTH:0.407457
G1 F15000
G1 X118.879 Y127.136 E.08388
G1 X118.669 Y126.552 E.01786
G1 X118.47 Y126.214 E.01131
G1 X117.985 Y125.688 E.02062
G1 X117.675 Y125.441 E.0114
G1 X117.01 Y125.127 E.02119
G1 X116.857 Y125.089 E.00455
SET_VELOCITY_LIMIT ACCEL=3000
G1 E-.728 F1800
;WIPE_START
G1 F30000
G1 X117.01 Y125.127 E-.00947
G1 X117.675 Y125.441 E-.04412
G1 X117.915 Y125.632 E-.01841
;WIPE_END
G1 X116.152 Y124.666 Z1.8
G1 Z1.4
G1 E.8 F1800
SET_VELOCITY_LIMIT ACCEL=500
;WIDTH:0.420005
G1 F15000
G1 X119 Y127.514 E.12004
G1 X119.041 Y128.088 E.01715
G1 X116.01 Y125.057 E.12774
SET_VELOCITY_LIMIT ACCEL=3000
G1 E-.728 F1800
;WIPE_START
G1 F30000
G1 X116.859 Y125.906 E-.072
;WIPE_END
G1 X119.178 Y128.268 Z1.8
G1 Z1.4
G1 E.8 F1800
SET_VELOCITY_LIMIT ACCEL=500
;TYPE:Gap infill
;WIDTH:0.33209
G1 F15000
G1 X119.095 Y128.379 E.00317
;WIDTH:0.376764
G1 X119.012 Y128.49 E.00366
;WIDTH:0.415434
G1 X118.992 Y128.506 E.00073
;WIDTH:0.421466
G1 X118.973 Y128.522 E.00075
G1 X118.866 Y128.446 E.00393
G1 X116.101 Y125.681 E.117
SET_VELOCITY_LIMIT ACCEL=3000
G1 E-.728 F1800
;WIPE_START
G1 F30000
G1 X116.949 Y126.53 E-.072
;WIPE_END
G1 X116.737 Y119.817 Z1.8
G1 Z1.4
G1 E.8 F1800
SET_VELOCITY_LIMIT ACCEL=500
;TYPE:Internal solid infill
;WIDTH:0.421709
G1 F15000
G1 X114.78 Y117.86 E.08284
G1 X114.444 Y117.774 E.01041
G1 X114.106 Y117.722 E.01021
G1 X116.645 Y120.261 E.10748
G1 X116.664 Y120.429 E.00506
G1 X116.657 Y120.808 E.01137
G1 X113.574 Y117.726 E.13052
G1 X113.296 Y117.749 E.00835
G1 X113.109 Y117.796 E.00579
G1 X116.576 Y121.263 E.14681
G1 X116.441 Y121.664 E.01267
G1 X112.706 Y117.929 E.15814
G1 X112.349 Y118.108 E.01195
G1 X116.262 Y122.021 E.16567
G1 X116.143 Y122.215 E.00683
G1 X116.044 Y122.338 E.00473
G1 X112.032 Y118.326 E.16986
G1 X111.751 Y118.581 E.01135
M73 P66 R4
G1 X115.796 Y122.627 E.1713
G1 X115.536 Y122.902 E.01135
G1 X115.482 Y122.847 E.00232
G1 X115.212 Y122.397 E.01572
G1 X114.815 Y121.859 E.02002
G1 X114.394 Y121.4 E.01863
G1 X114.002 Y121.045 E.01584
G1 X113.517 Y120.681 E.01816
G1 X113.009 Y120.375 E.01774
G1 X111.506 Y118.871 E.06368
G1 X111.295 Y119.196 E.0116
G1 X112.059 Y119.96 E.03234
G1 X111.807 Y119.872 E.00798
G1 X111.312 Y119.75 E.01526
G1 X110.958 Y119.395 E.01499
SET_VELOCITY_LIMIT ACCEL=3000
G1 E-.728 F1800
;WIPE_START
G1 F30000
G1 X111.312 Y119.75 E-.03005
G1 X111.807 Y119.872 E-.03058
G1 X111.986 Y119.935 E-.01137
;WIPE_END
G1 X116.458 Y119.242 Z1.8
G1 Z1.4
G1 E.8 F1800
SET_VELOCITY_LIMIT ACCEL=500
;TYPE:Gap infill
;WIDTH:0.108906
G1 F15000
G1 X116.353 Y119.108 E.00089
;WIDTH:0.150378
G1 X116.249 Y118.973 E.00145
;WIDTH:0.19185
G1 X116.144 Y118.838 E.00201
;WIDTH:0.233323
G1 X116.04 Y118.704 E.00257
;WIDTH:0.274795
G1 X115.935 Y118.569 E.00312
;WIDTH:0.311547
G1 X115.821 Y118.432 E.00379
;WIDTH:0.348957
G1 X115.706 Y118.295 E.00432
G1 X115.529 Y118.127 E.00588
;WIDTH:0.321617
G1 X115.295 Y117.964 E.0063
;WIDTH:0.297006
G1 X115.06 Y117.801 E.00574
;LAYER_CHANGE
;Z:1.6
;HEIGHT:0.2
;BEFORE_LAYER_CHANGE
;1.6
G92 E0

G1 E-.78284 F1800
;WIPE_START
G1 F30000
G1 X115.295 Y117.964 E-.01716
;WIPE_END
M73 L8
;LAYER:8
SET_PRINT_STATS_INFO TOTAL_LAYER=16 CURRENT_LAYER=8
;_SET_FAN_SPEED_CHANGING_LAYER
SET_VELOCITY_LIMIT ACCEL=3000

G1 X115.947 Y118.795 Z1.65714
G1 X115.703 Y119.823 Z1.71429
G1 X114.748 Y120.273 Z1.77143
G1 X113.801 Y119.807 Z1.82857
G1 X113.574 Y118.776 Z1.88571
G1 X114.239 Y117.956 Z1.94286
G1 X115.295 Y117.964 Z2
G1 X148.408 Y134.237 Z2
G1 Z1.6
G1 E.8 F1800
SET_VELOCITY_LIMIT ACCEL=500
;TYPE:Inner wall
;WIDTH:0.449999
G1 F12000
G1 X148.517 Y134.237 E.00352
G1 X148.194 Y134.598 E.01561
G1 X147.875 Y134.862 E.0133
G1 X147.471 Y135.111 E.01527
G1 X146.338 Y135.568 E.03933
G1 X146.025 Y135.615 E.01017
G1 X145.569 Y135.546 E.01484
G1 X144.735 Y135.212 E.0289
G1 X144.353 Y135.015 E.01383
G1 X143.97 Y134.744 E.0151
G1 X143.48 Y134.233 E.02277
G1 X148.368 Y134.237 E.15728
G1 X148.408 Y133.845 F30000
;TYPE:Outer wall
;WIDTH:0.419999
G1 F9600
G1 X149.205 Y133.845 E.02375
G1 X149.058 Y134.148 E.01004
G1 X148.793 Y134.525 E.01373
G1 X148.48 Y134.866 E.01379
G1 X148.086 Y135.197 E.01534
G1 X147.625 Y135.471 E.01598
G1 X146.464 Y135.94 E.03734
G1 X145.896 Y136.019 E.01708
G1 X145.453 Y135.922 E.01349
G1 X144.589 Y135.576 E.02775
G1 X144.171 Y135.362 E.01402
G1 X143.773 Y135.088 E.01438
G1 X143.414 Y134.763 E.01444
G1 X143.075 Y134.353 E.01585
G1 X142.778 Y133.841 E.01766
G1 X148.368 Y133.845 E.16663
SET_VELOCITY_LIMIT ACCEL=3000
G1 E-.728 F1800
;WIPE_START
G1 F30000
G1 X149.205 Y133.845 E-.05021
G1 X149.058 Y134.148 E-.0202
G1 X149.043 Y134.17 E-.00159
;WIPE_END
G1 X146.118 Y134.679 Z2
G1 Z1.6
G1 E.8 F1800
SET_VELOCITY_LIMIT ACCEL=500
;TYPE:Internal solid infill
;WIDTH:0.525966
G1 F13720.028
G1 X144.68 Y134.681 E.0549
G1 X145.683 Y135.11 E.04165
G1 X145.988 Y135.169 E.01186
G1 X146.195 Y135.148 E.00794
G1 X147.351 Y134.68 E.0476
G1 X146.158 Y134.679 E.04554
SET_VELOCITY_LIMIT ACCEL=3000
G1 E-.728 F1800
;WIPE_START
G1 F30000
G1 X147.351 Y134.68 E-.07157
G1 X147.344 Y134.683 E-.00043
;WIPE_END
G1 X153.066 Y129.632 Z2
G1 X155.347 Y127.619 Z2
G1 Z1.6
G1 E.8 F1800
SET_VELOCITY_LIMIT ACCEL=500
;TYPE:Inner wall
;WIDTH:0.449999
G1 F12000
G1 X155.394 Y128.484 E.02785
G1 X155.354 Y128.751 E.00869
G1 X155.233 Y129.051 E.0104
G1 X154.904 Y129.485 E.01753
G1 X154.948 Y129.11 E.01214
G1 X154.929 Y128.803 E.00992
G1 X154.824 Y128.372 E.01428
G1 X154.656 Y128.035 E.01211
G1 X154.426 Y127.737 E.01211
G1 X154.142 Y127.489 E.01211
G1 X153.816 Y127.302 E.01211
G1 X153.459 Y127.182 E.01212
G1 X152.904 Y127.139 E.01788
G1 X152.394 Y127.246 E.01679
G1 X152.01 Y127.426 E.01365
G1 X151.712 Y127.656 E.01211
G1 X151.464 Y127.94 E.01211
G1 X151.286 Y128.25 E.01152
G1 X151.157 Y128.623 E.01269
G1 X151.109 Y128.997 E.01211
G1 X151.135 Y129.372 E.01211
G1 X151.277 Y129.841 E.01575
G1 X151.532 Y130.25 E.01553
G1 X151.915 Y130.618 E.01707
G1 X152.241 Y130.805 E.01211
G1 X152.705 Y130.946 E.0156
G1 X152.326 Y130.991 E.0123
G1 X151.764 Y130.967 E.01809
G1 X151.156 Y130.835 E.02003
G1 X150.619 Y130.622 E.0186
G1 X150.054 Y130.448 E.01902
G1 X149.791 Y130.482 E.00853
G1 X149.573 Y130.626 E.00842
G1 X149.157 Y131.104 E.02038
G1 X149.104 Y131.439 E.01092
G1 X149.159 Y131.829 E.01266
G1 X142.85 Y131.829 E.20301
G1 X142.86 Y131.665 E.00527
G1 X142.838 Y131.098 E.01827
G1 X142.769 Y130.847 E.00836
G1 X142.574 Y130.636 E.00925
G1 X142.31 Y130.545 E.00899
G1 X141.739 Y130.499 E.01842
G1 X141.411 Y130.602 E.01106
G1 X140.72 Y130.872 E.02385
G1 X140.208 Y130.974 E.01682
G1 X139.679 Y130.988 E.01702
G1 X138.989 Y130.882 E.02247
G1 X138.501 Y130.698 E.01678
G1 X138.048 Y130.44 E.01678
G1 X138.648 Y130.462 E.01934
G1 X139.167 Y130.348 E.01711
G1 X139.567 Y130.141 E.01448
G1 X139.959 Y129.777 E.01722
G1 X140.237 Y129.34 E.01667
G1 X140.357 Y128.983 E.01211
G1 X140.405 Y128.61 E.01211
G1 X140.379 Y128.234 E.01211
G1 X140.281 Y127.871 E.01211
G1 X140.113 Y127.534 E.01211
G1 X139.883 Y127.236 E.01211
G1 X139.599 Y126.988 E.01211
G1 X139.273 Y126.801 E.01211
G1 X138.916 Y126.681 E.01212
G1 X138.414 Y126.633 E.0162
G1 X137.879 Y126.739 E.01757
G1 X137.466 Y126.925 E.01455
G1 X137.169 Y127.155 E.01211
G1 X136.921 Y127.439 E.01211
G1 X136.734 Y127.766 E.01211
;WIDTH:0.449865
G1 X136.616 Y128.123 E.01211
;WIDTH:0.449999
G1 X136.667 Y127.478 E.02082
G1 X136.761 Y126.961 E.0169
G1 X136.963 Y126.436 E.01812
G1 X137.297 Y125.878 E.02094
G1 X137.633 Y125.502 E.01621
G1 X138.099 Y125.137 E.01904
G1 X138.597 Y124.868 E.01823
G1 X139.124 Y124.698 E.0178
G1 X139.678 Y124.569 E.01832
G1 X140.135 Y124.282 E.01734
G1 X140.322 Y124.089 E.00867
G1 X140.404 Y123.816 E.00916
G1 X140.35 Y123.547 E.00883
G1 X140.093 Y123.009 E.01918
G1 X139.724 Y122.591 E.01796
G1 X139.376 Y122.055 E.02056
G1 X139.131 Y121.472 E.02035
G1 X139.019 Y120.849 E.02036
G1 X139.018 Y120.216 E.02036
G1 X139.156 Y119.598 E.02037
G1 X139.403 Y119.01 E.02053
G1 X139.803 Y118.367 E.02437
G1 X140.132 Y117.935 E.01746
G1 X140.41 Y117.75 E.01075
G1 X140.784 Y117.624 E.01269
G1 X141.695 Y117.411 E.03009
G1 X142.327 Y117.381 E.02036
G1 X142.952 Y117.463 E.02029
G1 X143.547 Y117.681 E.02039
G1 X144.093 Y117.999 E.02034
G1 X144.557 Y118.43 E.02036
G1 X144.94 Y118.938 E.02049
G1 X145.207 Y119.434 E.01813
G1 X145.385 Y119.593 E.00764
G1 X145.875 Y119.807 E.01721
G1 X146.146 Y119.853 E.00886
G1 X146.424 Y119.758 E.00944
G1 X146.699 Y119.461 E.01302
G1 X147.426 Y118.436 E.04045
G1 X147.807 Y118.081 E.01673
G1 X148.263 Y117.777 E.01765
G1 X148.849 Y117.52 E.0206
G1 X149.451 Y117.398 E.01977
G1 X150.031 Y117.383 E.01867
G1 X149.706 Y117.547 E.01171
G1 X149.399 Y117.768 E.01219
G1 X149.103 Y118.092 E.0141
G1 X148.872 Y118.523 E.01575
G1 X148.76 Y119.023 E.01647
G1 X148.774 Y119.524 E.01613
G1 X148.872 Y119.887 E.01211
G1 X149.04 Y120.224 E.01211
G1 X149.27 Y120.522 E.01211
G1 X149.554 Y120.77 E.01211
G1 X149.88 Y120.957 E.01211
G1 X150.237 Y121.077 E.01211
G1 X150.61 Y121.125 E.01211
G1 X151.086 Y121.08 E.01538
G1 X151.507 Y120.929 E.01438
G1 X151.932 Y120.646 E.01644
G1 X152.232 Y120.319 E.01426
G1 X152.419 Y119.992 E.01211
G1 X152.561 Y119.524 E.01575
G1 X152.572 Y118.996 E.01698
G1 X152.65 Y119.128 E.00491
G1 X152.847 Y119.593 E.01625
G1 X152.959 Y120.095 E.01657
G1 X152.992 Y120.599 E.01624
G1 X152.94 Y121.147 E.0177
G1 X152.805 Y121.659 E.01706
G1 X152.575 Y122.144 E.01726
G1 X152.183 Y122.691 E.02165
G1 X151.8 Y123.103 E.0181
G1 X151.681 Y123.288 E.00708
G1 X151.643 Y123.566 E.00902
G1 X151.768 Y124.094 E.01748
G1 X151.91 Y124.347 E.00932
M73 P67 R4
G1 X152.106 Y124.481 E.00764
G1 X153.126 Y124.762 E.03403
G1 X153.592 Y124.957 E.01626
G1 X154.052 Y125.243 E.01744
G1 X154.49 Y125.629 E.01879
G1 X154.825 Y126.055 E.01741
G1 X155.065 Y126.498 E.01621
G1 X155.259 Y127.064 E.01925
G1 X155.341 Y127.58 E.01682
G1 X155.738 Y127.598 F30000
;TYPE:Outer wall
;WIDTH:0.419999
G1 F9600
G1 X155.785 Y128.463 E.0258
G1 X155.728 Y128.885 E.01271
G1 X155.509 Y129.373 E.01595
G1 X155.045 Y129.94 E.02182
;WIDTH:0.453493
G1 X154.925 Y130.049 E.00528
;WIDTH:0.486987
G1 X154.805 Y130.159 E.00571
;WIDTH:0.52048
G1 X154.203 Y130.7 E.03053
;WIDTH:0.510274
G1 X153.797 Y130.941 E.01748
;WIDTH:0.552918
G1 X153.121 Y131.199 E.02914
;WIDTH:0.512089
G1 X152.942 Y131.264 E.00707
;WIDTH:0.47126
G1 X152.763 Y131.329 E.00646
;WIDTH:0.43043
G1 X152.327 Y131.383 E.01343
;WIDTH:0.419999
G1 X151.714 Y131.356 E.01831
G1 X151.054 Y131.214 E.0201
G1 X150.554 Y131.014 E.01607
G1 X150.053 Y130.847 E.01573
G1 X149.895 Y130.865 E.00476
G1 X149.542 Y131.228 E.01507
G1 X149.492 Y131.384 E.00489
G1 X149.573 Y132.221 E.02505
G1 X142.434 Y132.221 E.21276
G1 X142.468 Y131.642 E.01727
G1 X142.446 Y131.115 E.01573
G1 X142.395 Y130.994 E.0039
G1 X142.275 Y130.935 E.004
G1 X141.738 Y130.893 E.01606
G1 X141.184 Y131.127 E.0179
G1 X140.592 Y131.304 E.01843
G1 X139.971 Y131.383 E.01865
G1 X139.417 Y131.364 E.01653
G1 X138.902 Y131.267 E.01563
G1 X138.421 Y131.096 E.01521
G1 X137.925 Y130.831 E.01676
;WIDTH:0.430179
G1 X137.501 Y130.507 E.01634
;WIDTH:0.465214
G1 X137.255 Y130.224 E.01251
;WIDTH:0.500248
G1 X137.01 Y129.94 E.01355
;WIDTH:0.541649
G1 X136.564 Y129.353 E.02909
G1 X136.463 Y129.175 E.00804
;WIDTH:0.507763
G1 X136.362 Y128.998 E.00749
;WIDTH:0.473876
G1 X136.261 Y128.821 E.00694
;WIDTH:0.439989
G1 X136.212 Y128.341 E.01515
;WIDTH:0.419999
G1 X136.256 Y127.711 E.01883
G1 X136.353 Y126.993 E.02159
G1 X136.515 Y126.469 E.01634
G1 X136.742 Y125.999 E.01557
G1 X137.05 Y125.558 E.01602
G1 X137.459 Y125.134 E.01756
G1 X138.01 Y124.727 E.02044
G1 X138.508 Y124.476 E.01662
G1 X139.053 Y124.312 E.01694
G1 X139.54 Y124.195 E.01492
G1 X139.993 Y123.874 E.01656
G1 X139.995 Y123.713 E.00483
G1 X139.738 Y123.192 E.01728
G1 X139.298 Y122.669 E.02039
G1 X139.03 Y122.238 E.01513
G1 X138.754 Y121.583 E.02116
G1 X138.628 Y120.884 E.02118
G1 X138.628 Y120.173 E.02118
G1 X138.783 Y119.479 E.02119
G1 X139.058 Y118.822 E.02124
G1 X139.504 Y118.105 E.02517
G1 X139.867 Y117.64 E.01759
G1 X140.236 Y117.395 E.0132
G1 X140.676 Y117.247 E.01385
G1 X141.395 Y117.078 E.022
G1 X142.104 Y116.98 E.02132
G1 X142.813 Y117.041 E.0212
G1 X143.498 Y117.225 E.02116
G1 X144.128 Y117.555 E.0212
G1 X144.689 Y117.991 E.02117
G1 X145.155 Y118.559 E.0219
G1 X145.508 Y119.177 E.0212
G1 X145.6 Y119.263 E.00377
G1 X146.07 Y119.459 E.01518
G1 X146.224 Y119.419 E.00474
G1 X146.56 Y119.01 E.01578
G1 X146.841 Y118.548 E.01611
G1 X147.188 Y118.12 E.01643
G1 X147.572 Y117.768 E.01552
G1 X148.072 Y117.435 E.0179
G1 X148.576 Y117.203 E.01655
G1 X149.131 Y117.045 E.01721
G1 X149.641 Y116.983 E.0153
G1 X150.142 Y116.996 E.01493
;WIDTH:0.437574
G1 X150.728 Y117.11 E.01865
;WIDTH:0.468934
G1 X151.049 Y117.208 E.0113
;WIDTH:0.500294
G1 X151.37 Y117.307 E.01213
;WIDTH:0.526008
G1 X151.82 Y117.497 E.01865
;WIDTH:0.532962
G1 X152.158 Y117.763 E.01667
;WIDTH:0.53913
G1 X152.639 Y118.414 E.03174
;WIDTH:0.495456
G1 X152.785 Y118.617 E.00894
;WIDTH:0.451782
G1 X153.074 Y119.1 E.01818
;WIDTH:0.419999
G1 X153.304 Y119.803 E.02204
G1 X153.382 Y120.343 E.01628
G1 X153.379 Y120.869 E.01567
G1 X153.289 Y121.402 E.01612
G1 X153.098 Y121.968 E.0178
G1 X152.78 Y122.559 E.01998
G1 X152.467 Y122.963 E.01524
G1 X152.084 Y123.373 E.01673
G1 X152.032 Y123.508 E.0043
G1 X152.149 Y124.001 E.01512
G1 X152.257 Y124.119 E.00476
G1 X153.029 Y124.33 E.02385
G1 X153.597 Y124.527 E.01793
G1 X154.021 Y124.747 E.01424
G1 X154.488 Y125.079 E.01709
G1 X154.883 Y125.481 E.01678
G1 X155.234 Y125.977 E.0181
G1 X155.519 Y126.567 E.01955
G1 X155.672 Y127.089 E.01621
G1 X155.733 Y127.559 E.01412
SET_VELOCITY_LIMIT ACCEL=3000
G1 E-.728 F1800
;WIPE_START
G1 F30000
G1 X155.785 Y128.463 E-.05433
G1 X155.746 Y128.754 E-.01767
;WIPE_END
G1 X152.171 Y130.319 Z2
G1 Z1.6
G1 E.8 F1800
SET_VELOCITY_LIMIT ACCEL=500
G1 F9600
G1 X152.46 Y130.473 E.00978
;WIDTH:0.46872
G1 X152.658 Y130.534 E.00697
;WIDTH:0.51744
G1 X152.856 Y130.595 E.00776
;WIDTH:0.56616
G1 X153.054 Y130.655 E.00856
G1 X153.317 Y130.592 E.01117
;WIDTH:0.540174
G1 X153.579 Y130.528 E.01062
;WIDTH:0.514188
G1 X153.881 Y130.37 E.0127
;WIDTH:0.500798
G1 X154.122 Y130.179 E.01113
G1 X154.344 Y129.906 E.01274
;WIDTH:0.496649
G1 X154.434 Y129.638 E.01014
;WIDTH:0.458324
G1 X154.525 Y129.37 E.00928
;WIDTH:0.419999
G1 X154.558 Y129.072 E.00894
G1 X154.51 Y128.687 E.01157
G1 X154.31 Y128.219 E.01515
G1 X154.123 Y127.985 E.00894
G1 X153.863 Y127.772 E.01003
G1 X153.441 Y127.587 E.01372
G1 X152.987 Y127.526 E.01365
G1 X152.476 Y127.63 E.01556
G1 X152.194 Y127.772 E.0094
G1 X151.96 Y127.959 E.00894
G1 X151.767 Y128.189 E.00894
G1 X151.631 Y128.435 E.00839
G1 X151.532 Y128.737 E.00947
G1 X151.499 Y129.035 E.00894
G1 X151.525 Y129.334 E.00894
G1 X151.609 Y129.622 E.00894
G1 X151.836 Y130.002 E.01319
G1 X152.141 Y130.293 E.01257
SET_VELOCITY_LIMIT ACCEL=3000
G1 E-.728 F1800
;WIPE_START
G1 F30000
G1 X152.46 Y130.473 E-.02203
G1 X152.658 Y130.534 E-.01242
G1 X152.856 Y130.595 E-.01242
G1 X153.054 Y130.655 E-.01242
G1 X153.26 Y130.605 E-.0127
;WIPE_END
G1 X152.543 Y123.007 Z2
G1 X152.189 Y119.259 Z2
G1 Z1.6
G1 E.8 F1800
SET_VELOCITY_LIMIT ACCEL=500
G1 F9600
G1 X152.196 Y119.187 E.00217
;WIDTH:0.460646
G1 X152.173 Y118.983 E.00679
;WIDTH:0.501292
G1 X152.15 Y118.778 E.00745
;WIDTH:0.541938
G1 X152.127 Y118.574 E.00811
G1 X151.852 Y118.154 E.0198
;WIDTH:0.538373
G1 X151.62 Y117.942 E.01231
;WIDTH:0.534572
G1 X151.33 Y117.78 E.01292
;WIDTH:0.512012
G1 X150.994 Y117.673 E.01305
;WIDTH:0.494522
G1 X150.815 Y117.671 E.00639
;WIDTH:0.466048
G1 X150.636 Y117.669 E.00599
;WIDTH:0.437574
G1 X150.164 Y117.771 E.01507
;WIDTH:0.419999
G1 X149.802 Y117.944 E.01195
G1 X149.467 Y118.266 E.01386
G1 X149.262 Y118.603 E.01176
G1 X149.15 Y119.061 E.01406
G1 X149.164 Y119.485 E.01265
G1 X149.247 Y119.773 E.00894
G1 X149.386 Y120.039 E.00894
G1 X149.573 Y120.273 E.00894
G1 X149.802 Y120.466 E.00894
G1 X150.065 Y120.611 E.00894
G1 X150.351 Y120.701 E.00894
G1 X150.79 Y120.724 E.0131
G1 X151.235 Y120.625 E.0136
G1 X151.502 Y120.487 E.00894
G1 X151.799 Y120.227 E.01178
G1 X152.073 Y119.808 E.01494
G1 X152.163 Y119.522 E.00894
G1 X152.185 Y119.299 E.00667
SET_VELOCITY_LIMIT ACCEL=3000
G1 E-.728 F1800
;WIPE_START
G1 F30000
G1 X152.196 Y119.187 E-.00677
G1 X152.173 Y118.983 E-.01233
G1 X152.15 Y118.778 E-.01233
G1 X152.127 Y118.574 E-.01233
G1 X151.869 Y118.18 E-.02824
;WIPE_END
G1 X145.876 Y122.907 Z2
G1 X137.362 Y129.621 Z2
G1 Z1.6
G1 E.8 F1800
SET_VELOCITY_LIMIT ACCEL=500
;WIDTH:0.5267
G1 F9600
G1 X137.587 Y129.855 E.01241
G1 X137.714 Y129.9 E.00517
;WIDTH:0.491133
G1 X137.842 Y129.944 E.00479
;WIDTH:0.455566
G1 X137.97 Y129.988 E.00441
;WIDTH:0.419999
G1 X138.467 Y130.082 E.01508
G1 X138.884 Y130.024 E.01254
G1 X139.32 Y129.834 E.01417
G1 X139.656 Y129.528 E.01356
G1 X139.891 Y129.155 E.01315
G1 X139.998 Y128.737 E.01287
G1 X139.989 Y128.272 E.01384
G1 X139.905 Y127.985 E.00894
G1 X139.767 Y127.718 E.00894
G1 X139.58 Y127.484 E.00894
G1 X139.335 Y127.28 E.0095
G1 X138.897 Y127.085 E.01427
G1 X138.454 Y127.025 E.01335
G1 X137.961 Y127.123 E.01498
G1 X137.651 Y127.271 E.01022
G1 X137.417 Y127.458 E.00894
G1 X137.224 Y127.688 E.00894
G1 X137.08 Y127.95 E.00894
G1 X136.989 Y128.236 E.00894
G1 X136.931 Y128.887 E.01946
;WIDTH:0.541649
G1 X137.007 Y129.138 E.01037
G1 X137.192 Y129.444 E.01407
;WIDTH:0.5267
G1 X137.334 Y129.592 E.00785
SET_VELOCITY_LIMIT ACCEL=3000
G1 E-.728 F1800
;WIPE_START
G1 F30000
G1 X137.587 Y129.855 E-.02187
G1 X137.714 Y129.9 E-.00811
G1 X137.842 Y129.944 E-.00811
G1 X137.97 Y129.988 E-.00811
G1 X138.392 Y130.068 E-.02579
;WIPE_END
G1 X136.596 Y128.659 Z2
G1 Z1.6
G1 E.8 F1800
SET_VELOCITY_LIMIT ACCEL=500
;TYPE:Inner wall
;WIDTH:0.445842
G1 F12000
G1 X136.616 Y128.123 E.01709
SET_VELOCITY_LIMIT ACCEL=3000
G1 E-.7678 F1800
;WIPE_START
G1 F30000
G1 X136.596 Y128.659 E-.0322
;WIPE_END
G1 X139.361 Y121.625 Z2
G1 Z1.6
G1 E.8 F1800
SET_VELOCITY_LIMIT ACCEL=500
;TYPE:Sparse infill
;WIDTH:0.45
G1 F12000
G1 X143.11 Y117.876 E.17059
G1 X143.229 Y117.914 E.00401
G1 X143.57 Y118.074 E.01213
G1 X143.887 Y118.278 E.01213
G1 X144.174 Y118.522 E.01212
G1 X144.427 Y118.802 E.01212
G1 X144.643 Y119.117 E.01232
G1 X144.875 Y119.558 E.01602
G1 X145.052 Y119.772 E.00894
G1 X138.529 Y126.295 E.29684
G1 X138.824 Y126.313 E.00951
G1 X139.01 Y126.348 E.00608
G1 X139.385 Y126.47 E.0127
G1 X139.744 Y126.665 E.01314
G1 X140.08 Y126.938 E.01393
G1 X140.321 Y127.224 E.01204
G1 X140.415 Y127.365 E.00545
G1 X140.577 Y127.675 E.01125
G1 X140.676 Y127.986 E.0105
G1 X148.577 Y120.085 E.35951
G1 X148.738 Y120.393 E.01118
G1 X148.832 Y120.534 E.00545
G1 X149.073 Y120.819 E.01201
G1 X149.393 Y121.082 E.01335
G1 X149.727 Y121.267 E.01228
G1 X150.216 Y121.429 E.01657
G1 X150.664 Y121.474 E.0145
M73 P68 R4
G1 X151.073 Y121.427 E.01323
G1 X142.303 Y130.197 E.39907
G1 X142.579 Y130.253 E.00906
G1 X142.763 Y130.345 E.00663
G1 X142.935 Y130.489 E.00721
G1 X143.078 Y130.688 E.00789
G1 X143.183 Y131.066 E.01264
G1 X143.2 Y131.483 E.0134
G1 X144.855 Y131.483 E.05326
G1 X151.708 Y124.63 E.3118
G1 X151.875 Y124.754 E.0067
G1 X152.079 Y124.838 E.00709
G1 X153.017 Y125.091 E.03125
G1 X153.376 Y125.233 E.01244
G1 X153.705 Y125.416 E.01213
G1 X154.007 Y125.642 E.01213
G1 X154.274 Y125.902 E.01199
G1 X153.362 Y126.814 E.0415
G1 X153.043 Y126.79 E.0103
G1 X152.799 Y126.806 E.00787
G1 X152.312 Y126.91 E.01603
G1 X152.085 Y126.993 E.00778
G1 X151.703 Y127.215 E.0142
G1 X151.418 Y127.456 E.01201
G1 X151.189 Y127.729 E.01148
G1 X150.93 Y128.19 E.01701
G1 X150.791 Y128.691 E.01673
G1 X150.764 Y129.133 E.01424
G1 X150.789 Y129.387 E.00822
G1 X150.073 Y130.103 E.03258
G1 X149.943 Y130.1 E.00419
G1 X149.763 Y130.127 E.00584
G1 X149.57 Y130.201 E.00665
G1 X149.404 Y130.31 E.00641
G1 X149 Y130.727 E.01868
G1 X148.838 Y130.961 E.00914
G1 X148.768 Y131.408 E.01457
G1 X148.51 Y131.666 E.01172
SET_VELOCITY_LIMIT ACCEL=3000
G1 E-.728 F1800
;WIPE_START
G1 F30000
G1 X148.768 Y131.408 E-.02185
G1 X148.838 Y130.961 E-.02718
G1 X149 Y130.727 E-.01704
G1 X149.068 Y130.656 E-.00593
;WIPE_END
G1 X141.449 Y130.219 Z2
G1 X116.373 Y128.782 Z2
G1 Z1.6
G1 E.8 F1800
SET_VELOCITY_LIMIT ACCEL=500
;TYPE:Inner wall
;WIDTH:0.449999
G1 F12000
G1 X116.527 Y128.552 E.00891
G1 X116.757 Y128.398 E.00891
G1 X117.029 Y128.344 E.00891
G1 X117.3 Y128.398 E.00891
G1 X117.53 Y128.552 E.00891
G1 X117.684 Y128.782 E.00891
G1 X117.738 Y129.054 E.00891
G1 X117.684 Y129.325 E.00891
G1 X117.53 Y129.555 E.00891
G1 X117.3 Y129.709 E.00891
G1 X117.029 Y129.763 E.00891
G1 X116.757 Y129.709 E.00891
G1 X116.527 Y129.555 E.00891
G1 X116.373 Y129.325 E.00891
G1 X116.319 Y129.054 E.00891
G1 X116.365 Y128.821 E.00762
SET_VELOCITY_LIMIT ACCEL=3000
G1 E-.728 F1800
;WIPE_START
G1 F30000
G1 X116.527 Y128.552 E-.01885
G1 X116.757 Y128.398 E-.01661
G1 X117.029 Y128.344 E-.01661
G1 X117.3 Y128.398 E-.01661
G1 X117.346 Y128.429 E-.00332
;WIPE_END
G1 X110.351 Y125.376 Z2
G1 X102.995 Y122.166 Z2
G1 Z1.6
G1 E.8 F1800
SET_VELOCITY_LIMIT ACCEL=500
;TYPE:Outer wall
;WIDTH:0.419999
G1 F9600
G1 X102.971 Y122.128 E.00135
G1 X102.754 Y121.583 E.01746
G1 X102.638 Y120.992 E.01798
G1 X102.615 Y120.479 E.01529
G1 X102.662 Y119.979 E.01499
G1 X102.81 Y119.394 E.01796
G1 X103.058 Y118.822 E.01859
G1 X103.504 Y118.105 E.02517
G1 X103.867 Y117.64 E.01759
G1 X104.236 Y117.395 E.0132
G1 X104.676 Y117.247 E.01385
G1 X105.632 Y117.023 E.02924
G1 X106.25 Y116.986 E.01847
G1 X106.909 Y117.058 E.01975
G1 X107.498 Y117.225 E.01826
G1 X108.034 Y117.495 E.01789
G1 X108.501 Y117.831 E.01715
G1 X108.943 Y118.272 E.01859
G1 X109.235 Y118.675 E.01486
G1 X109.508 Y119.177 E.01702
G1 X109.6 Y119.263 E.00377
G1 X110.078 Y119.461 E.01542
G1 X110.231 Y119.412 E.00478
G1 X110.574 Y118.993 E.01616
G1 X110.841 Y118.548 E.01545
G1 X111.205 Y118.103 E.01714
G1 X111.67 Y117.694 E.01848
G1 X112.156 Y117.388 E.0171
G1 X112.709 Y117.151 E.01793
G1 X113.308 Y117.02 E.01827
G1 X113.97 Y116.989 E.01975
G1 X114.589 Y117.065 E.01859
G1 X115.377 Y117.267 E.02426
G1 X115.944 Y117.496 E.01823
G1 X116.275 Y117.792 E.01325
G1 X116.543 Y118.179 E.01402
G1 X117.043 Y119.023 E.02925
G1 X117.253 Y119.602 E.01833
G1 X117.372 Y120.26 E.01993
G1 X117.379 Y120.869 E.01816
G1 X117.273 Y121.456 E.01777
G1 X117.069 Y122.032 E.01821
G1 X116.782 Y122.556 E.01781
G1 X116.46 Y122.972 E.0157
G1 X116.101 Y123.355 E.01562
G1 X116.032 Y123.499 E.00478
G1 X116.146 Y123.99 E.01503
G1 X116.249 Y124.116 E.00484
G1 X117.318 Y124.417 E.0331
G1 X117.781 Y124.614 E.015
G1 X118.391 Y125.007 E.02164
G1 X118.828 Y125.411 E.01772
G1 X119.189 Y125.9 E.01812
G1 X119.491 Y126.5 E.02001
G1 X119.672 Y127.089 E.01837
G1 X119.742 Y127.656 E.01702
G1 X119.789 Y128.536 E.02629
G1 X119.713 Y128.975 E.01328
G1 X119.509 Y129.373 E.01333
G1 X118.659 Y130.366 E.03896
G1 X118.184 Y130.765 E.01847
G1 X117.647 Y131.061 E.01828
G1 X117.056 Y131.27 E.01867
G1 X116.53 Y131.366 E.01594
G1 X115.936 Y131.385 E.01773
G1 X115.367 Y131.298 E.01716
G1 X114.16 Y130.882 E.03803
G1 X113.934 Y130.847 E.00682
G1 X113.542 Y131.228 E.01629
G1 X113.492 Y131.384 E.00489
G1 X113.566 Y131.938 E.01667
G1 X113.556 Y132.675 E.02197
G1 X113.463 Y133.183 E.01538
G1 X113.274 Y133.742 E.01758
G1 X112.976 Y134.269 E.01804
G1 X112.55 Y134.792 E.02011
G1 X112.086 Y135.197 E.01835
G1 X111.547 Y135.508 E.01854
G1 X110.845 Y135.806 E.02276
G1 X110.338 Y135.982 E.01599
G1 X109.896 Y136.019 E.01323
G1 X109.603 Y135.955 E.00894
G1 X109.057 Y135.764 E.01723
G1 X108.254 Y135.406 E.02622
G1 X107.736 Y135.062 E.01852
G1 X107.299 Y134.63 E.01832
G1 X106.987 Y134.213 E.0155
G1 X106.69 Y133.648 E.01904
G1 X106.504 Y133.082 E.01777
G1 X106.425 Y132.493 E.01771
G1 X106.454 Y131.303 E.03546
G1 X106.411 Y131.013 E.00876
G1 X106.248 Y130.933 E.00539
G1 X105.69 Y130.907 E.01666
G1 X105.182 Y131.128 E.0165
G1 X104.683 Y131.285 E.0156
G1 X104.174 Y131.369 E.01539
G1 X103.495 Y131.369 E.02022
G1 X102.902 Y131.267 E.01795
G1 X102.328 Y131.05 E.01828
G1 X101.757 Y130.717 E.01969
G1 X101.281 Y130.318 E.01852
G1 X100.713 Y129.655 E.02602
G1 X100.379 Y129.193 E.01699
G1 X100.234 Y128.775 E.01319
G1 X100.21 Y128.317 E.01367
G1 X100.311 Y127.204 E.03332
G1 X100.438 Y126.695 E.01564
G1 X100.636 Y126.212 E.01555
G1 X100.932 Y125.718 E.01716
G1 X101.323 Y125.251 E.01817
G1 X101.785 Y124.874 E.01775
G1 X102.418 Y124.519 E.02163
G1 X102.96 Y124.329 E.01713
G1 X103.511 Y124.213 E.0168
G1 X103.987 Y123.886 E.01721
G1 X103.988 Y123.698 E.0056
G1 X103.748 Y123.203 E.01639
G1 X103.347 Y122.738 E.01832
G1 X103.016 Y122.2 E.01883
SET_VELOCITY_LIMIT ACCEL=3000
G1 E-.728 F1800
;WIPE_START
G1 F30000
G1 X102.971 Y122.128 E-.00511
G1 X102.754 Y121.583 E-.03515
G1 X102.652 Y121.064 E-.03174
;WIPE_END
G1 X110.245 Y120.286 Z2
G1 X114.396 Y119.861 Z2
G1 Z1.6
G1 E.8 F1800
SET_VELOCITY_LIMIT ACCEL=500
;TYPE:Inner wall
;WIDTH:0.449999
G1 F12000
G1 X114.166 Y119.707 E.00891
G1 X114.012 Y119.477 E.00891
G1 X113.958 Y119.205 E.00891
G1 X114.012 Y118.934 E.00891
G1 X114.166 Y118.704 E.00891
G1 X114.396 Y118.55 E.00891
G1 X114.667 Y118.496 E.00891
G1 X114.939 Y118.55 E.00891
G1 X115.169 Y118.704 E.00891
G1 X115.323 Y118.934 E.00891
G1 X115.377 Y119.205 E.00891
G1 X115.323 Y119.477 E.00891
G1 X115.169 Y119.707 E.00891
G1 X114.939 Y119.861 E.00891
G1 X114.667 Y119.915 E.00891
G1 X114.435 Y119.869 E.00762
SET_VELOCITY_LIMIT ACCEL=3000
G1 E-.728 F1800
;WIPE_START
G1 F30000
G1 X114.166 Y119.707 E-.01885
G1 X114.012 Y119.477 E-.01661
G1 X113.958 Y119.205 E-.01661
G1 X114.012 Y118.934 E-.01661
G1 X114.043 Y118.888 E-.00332
;WIPE_END
G1 X110.746 Y125.772 Z2
G1 X108.266 Y130.952 Z2
G1 Z1.6
G1 E.8 F1800
SET_VELOCITY_LIMIT ACCEL=500
;TYPE:Outer wall
;WIDTH:0.419999
G1 F9600
G1 X108.456 Y131.021 E.00604
G1 X108.976 Y131.152 E.01597
G1 X109.506 Y131.232 E.01597
G1 X110.041 Y131.259 E.01597
G1 X110.576 Y131.234 E.01597
G1 X111.072 Y131.161 E.01494
G1 X111.626 Y131.027 E.01699
G1 X112.131 Y130.847 E.01597
G1 X112.616 Y130.619 E.01597
G1 X113.076 Y130.344 E.01597
G1 X113.507 Y130.026 E.01597
G1 X113.904 Y129.667 E.01597
G1 X114.265 Y129.27 E.01597
G1 X114.585 Y128.84 E.01597
G1 X114.861 Y128.381 E.01597
G1 X115.091 Y127.897 E.01597
G1 X115.272 Y127.393 E.01597
G1 X115.403 Y126.874 E.01597
G1 X115.483 Y126.344 E.01597
G1 X115.51 Y125.809 E.01597
G1 X115.484 Y125.273 E.01597
G1 X115.407 Y124.743 E.01597
G1 X115.277 Y124.223 E.01597
G1 X115.098 Y123.719 E.01597
G1 X114.869 Y123.234 E.01597
G1 X114.595 Y122.774 E.01597
G1 X114.276 Y122.343 E.01597
G1 X113.917 Y121.945 E.01597
G1 X113.507 Y121.573 E.01652
G1 X112.791 Y121.084 E.02582
G1 X112.272 Y120.817 E.01741
G1 X111.755 Y120.617 E.01651
G1 X111.215 Y120.469 E.0167
G1 X110.631 Y120.372 E.01764
G1 X110.059 Y120.34 E.01707
G1 X109.506 Y120.367 E.01652
G1 X108.933 Y120.457 E.01727
G1 X108.353 Y120.614 E.01791
G1 X107.818 Y120.822 E.01711
G1 X107.024 Y121.255 E.02694
G1 X106.593 Y121.573 E.01597
G1 X106.196 Y121.932 E.01597
G1 X105.835 Y122.329 E.01597
G1 X105.515 Y122.758 E.01597
G1 X105.239 Y123.218 E.01597
G1 X105.009 Y123.701 E.01597
G1 X104.828 Y124.206 E.01597
G1 X104.697 Y124.725 E.01597
G1 X104.617 Y125.255 E.01597
G1 X104.59 Y125.79 E.01597
G1 X104.615 Y126.317 E.01571
G1 X104.693 Y126.855 E.01623
G1 X104.823 Y127.375 E.01597
G1 X105.002 Y127.88 E.01597
G1 X105.231 Y128.365 E.01597
G1 X105.505 Y128.825 E.01597
G1 X105.824 Y129.256 E.01597
G1 X106.183 Y129.654 E.01597
G1 X106.579 Y130.014 E.01597
G1 X106.991 Y130.32 E.01529
G1 X107.468 Y130.61 E.01664
G1 X107.93 Y130.83 E.01526
G1 X108.228 Y130.938 E.00945
SET_VELOCITY_LIMIT ACCEL=3000
G1 E-.728 F1800
;WIPE_START
G1 F30000
G1 X108.456 Y131.021 E-.01456
G1 X108.976 Y131.152 E-.03215
G1 X109.393 Y131.215 E-.0253
;WIPE_END
G1 X102.534 Y127.867 Z2
G1 X102.485 Y127.843 Z2
M73 P69 R4
G1 Z1.6
G1 E.8 F1800
SET_VELOCITY_LIMIT ACCEL=500
;TYPE:Inner wall
;WIDTH:0.449999
G1 F12000
G1 X102.757 Y127.897 E.00891
G1 X102.987 Y128.051 E.00891
G1 X103.141 Y128.281 E.00891
G1 X103.195 Y128.553 E.00891
G1 X103.141 Y128.824 E.00891
G1 X102.987 Y129.054 E.00891
G1 X102.757 Y129.208 E.00891
G1 X102.485 Y129.262 E.00891
G1 X102.214 Y129.208 E.00891
G1 X101.984 Y129.054 E.00891
G1 X101.83 Y128.824 E.00891
G1 X101.776 Y128.553 E.00891
G1 X101.83 Y128.281 E.00891
G1 X101.984 Y128.051 E.00891
G1 X102.214 Y127.897 E.00891
G1 X102.446 Y127.851 E.00762
SET_VELOCITY_LIMIT ACCEL=3000
G1 X102.717 Y128.457 F30000
SET_VELOCITY_LIMIT ACCEL=500
;TYPE:Internal solid infill
;WIDTH:0.535256
G1 F13461.117
G1 X102.582 Y128.321 E.00748
G1 X102.389 Y128.321 E.00748
G1 X102.254 Y128.457 E.00748
G1 X102.254 Y128.649 E.00748
G1 X102.389 Y128.785 E.00748
G1 X102.582 Y128.785 E.00748
G1 X102.717 Y128.649 E.00748
G1 X102.717 Y128.497 E.00592
SET_VELOCITY_LIMIT ACCEL=3000
G1 E-.728 F1800
;WIPE_START
G1 F30000
G1 X102.717 Y128.649 E-.00913
G1 X102.582 Y128.785 E-.01153
G1 X102.389 Y128.785 E-.01153
G1 X102.254 Y128.649 E-.01153
G1 X102.254 Y128.457 E-.01153
G1 X102.389 Y128.321 E-.01153
G1 X102.477 Y128.321 E-.00524
;WIPE_END
G1 X109.472 Y131.374 Z2
G1 X113.34 Y133.063 Z2
G1 Z1.6
G1 E.8 F1800
SET_VELOCITY_LIMIT ACCEL=500
;TYPE:Top surface
;WIDTH:0.426995
G1 F12000
G1 X110.698 Y135.706 E.12368
SET_VELOCITY_LIMIT ACCEL=3000
G1 X109.997 Y135.864 F30000
SET_VELOCITY_LIMIT ACCEL=500
G1 F12000
G1 X113.431 Y132.429 E.16071
SET_VELOCITY_LIMIT ACCEL=3000
G1 X113.417 Y131.9 F30000
SET_VELOCITY_LIMIT ACCEL=500
G1 F12000
G1 X109.528 Y135.789 E.182
SET_VELOCITY_LIMIT ACCEL=3000
G1 X109.136 Y135.638 F30000
SET_VELOCITY_LIMIT ACCEL=500
G1 F12000
G1 X113.35 Y131.424 E.19721
SET_VELOCITY_LIMIT ACCEL=3000
G1 E-.728 F1800
;WIPE_START
G1 F30000
G1 X112.502 Y132.272 E-.072
;WIPE_END
G1 X117.694 Y130.882 Z2
G1 Z1.6
G1 E.8 F1800
SET_VELOCITY_LIMIT ACCEL=500
G1 F12000
G1 X119.493 Y129.084 E.08415
SET_VELOCITY_LIMIT ACCEL=3000
G1 X119.635 Y128.398 F30000
SET_VELOCITY_LIMIT ACCEL=500
G1 F12000
G1 X116.862 Y131.171 E.12979
SET_VELOCITY_LIMIT ACCEL=3000
G1 X116.253 Y131.237 F30000
SET_VELOCITY_LIMIT ACCEL=500
G1 F12000
G1 X119.607 Y127.883 E.15697
SET_VELOCITY_LIMIT ACCEL=3000
G1 X119.564 Y127.382 F30000
SET_VELOCITY_LIMIT ACCEL=500
G1 F12000
G1 X117.899 Y129.048 E.07793
SET_VELOCITY_LIMIT ACCEL=3000
G1 X117.785 Y128.619 F30000
SET_VELOCITY_LIMIT ACCEL=500
G1 F12000
G1 X119.476 Y126.927 E.07915
SET_VELOCITY_LIMIT ACCEL=3000
G1 X119.341 Y126.52 F30000
M73 P69 R3
SET_VELOCITY_LIMIT ACCEL=500
G1 F12000
G1 X117.523 Y128.337 E.08505
SET_VELOCITY_LIMIT ACCEL=3000
G1 X117.129 Y128.188 F30000
SET_VELOCITY_LIMIT ACCEL=500
G1 F12000
G1 X119.167 Y126.151 E.09535
SET_VELOCITY_LIMIT ACCEL=3000
G1 E-.728 F1800
;WIPE_START
G1 F30000
G1 X118.318 Y126.999 E-.072
;WIPE_END
G1 X115.736 Y131.211 Z2
G1 Z1.6
G1 E.8 F1800
SET_VELOCITY_LIMIT ACCEL=500
G1 F12000
G1 X117.023 Y129.924 E.06024
SET_VELOCITY_LIMIT ACCEL=3000
G1 X116.594 Y129.81 F30000
SET_VELOCITY_LIMIT ACCEL=500
G1 F12000
G1 X115.28 Y131.123 E.06146
SET_VELOCITY_LIMIT ACCEL=3000
G1 X114.872 Y130.988 F30000
SET_VELOCITY_LIMIT ACCEL=500
G1 F12000
G1 X116.312 Y129.548 E.06738
SET_VELOCITY_LIMIT ACCEL=3000
G1 X116.161 Y129.156 F30000
SET_VELOCITY_LIMIT ACCEL=500
G1 F12000
G1 X114.482 Y130.835 E.07859
SET_VELOCITY_LIMIT ACCEL=3000
G1 X114.066 Y130.708 F30000
SET_VELOCITY_LIMIT ACCEL=500
G1 F12000
G1 X118.959 Y125.815 E.22896
SET_VELOCITY_LIMIT ACCEL=3000
G1 X118.72 Y125.511 F30000
SET_VELOCITY_LIMIT ACCEL=500
G1 F12000
G1 X108.748 Y135.483 E.46665
SET_VELOCITY_LIMIT ACCEL=3000
G1 X108.381 Y135.307 F30000
SET_VELOCITY_LIMIT ACCEL=500
G1 F12000
G1 X113.408 Y130.28 E.23525
SET_VELOCITY_LIMIT ACCEL=3000
G1 E-.728 F1800
;WIPE_START
G1 F30000
G1 X112.559 Y131.129 E-.072
;WIPE_END
G1 X112.151 Y130.994 Z2
G1 Z1.6
G1 E.8 F1800
SET_VELOCITY_LIMIT ACCEL=500
G1 F12000
G1 X108.044 Y135.101 E.19221
SET_VELOCITY_LIMIT ACCEL=3000
G1 X107.738 Y134.864 F30000
SET_VELOCITY_LIMIT ACCEL=500
G1 F12000
G1 X111.357 Y131.244 E.16939
SET_VELOCITY_LIMIT ACCEL=3000
G1 X110.694 Y131.365 F30000
SET_VELOCITY_LIMIT ACCEL=500
G1 F12000
G1 X107.461 Y134.597 E.15127
SET_VELOCITY_LIMIT ACCEL=3000
G1 X107.216 Y134.299 F30000
SET_VELOCITY_LIMIT ACCEL=500
G1 F12000
G1 X110.113 Y131.402 E.13557
SET_VELOCITY_LIMIT ACCEL=3000
G1 X109.589 Y131.383 F30000
SET_VELOCITY_LIMIT ACCEL=500
G1 F12000
G1 X107.006 Y133.966 E.12088
SET_VELOCITY_LIMIT ACCEL=3000
G1 X106.829 Y133.6 F30000
SET_VELOCITY_LIMIT ACCEL=500
G1 F12000
G1 X109.109 Y131.32 E.10667
SET_VELOCITY_LIMIT ACCEL=3000
G1 X108.662 Y131.224 F30000
SET_VELOCITY_LIMIT ACCEL=500
G1 F12000
G1 X106.69 Y133.195 E.09225
SET_VELOCITY_LIMIT ACCEL=3000
G1 X106.598 Y132.745 F30000
SET_VELOCITY_LIMIT ACCEL=500
G1 F12000
G1 X108.242 Y131.1 E.07695
SET_VELOCITY_LIMIT ACCEL=3000
G1 X107.848 Y130.951 F30000
SET_VELOCITY_LIMIT ACCEL=500
G1 F12000
G1 X106.565 Y132.235 E.06006
SET_VELOCITY_LIMIT ACCEL=3000
G1 X106.612 Y131.645 F30000
SET_VELOCITY_LIMIT ACCEL=500
G1 F12000
G1 X107.478 Y130.778 E.04057
SET_VELOCITY_LIMIT ACCEL=3000
G1 X107.134 Y130.579 F30000
SET_VELOCITY_LIMIT ACCEL=500
G1 F12000
G1 X106.593 Y131.12 E.0253
SET_VELOCITY_LIMIT ACCEL=3000
G1 X106.353 Y130.816 F30000
SET_VELOCITY_LIMIT ACCEL=500
G1 F12000
G1 X106.806 Y130.364 E.02117
SET_VELOCITY_LIMIT ACCEL=3000
G1 X106.494 Y130.132 F30000
SET_VELOCITY_LIMIT ACCEL=500
G1 F12000
G1 X105.867 Y130.76 E.02936
SET_VELOCITY_LIMIT ACCEL=3000
G1 E-.74676 F1800
;WIPE_START
G1 F30000
G1 X106.494 Y130.132 E-.05324
;WIPE_END
G1 X105.073 Y131.01 Z2
G1 Z1.6
G1 E.8 F1800
SET_VELOCITY_LIMIT ACCEL=500
G1 F12000
G1 X106.209 Y129.875 E.05313
SET_VELOCITY_LIMIT ACCEL=3000
G1 X105.939 Y129.601 F30000
SET_VELOCITY_LIMIT ACCEL=500
G1 F12000
G1 X104.333 Y131.207 E.07514
SET_VELOCITY_LIMIT ACCEL=3000
G1 X103.758 Y131.239 F30000
SET_VELOCITY_LIMIT ACCEL=500
G1 F12000
G1 X105.685 Y129.312 E.0902
SET_VELOCITY_LIMIT ACCEL=3000
G1 X105.454 Y129 F30000
SET_VELOCITY_LIMIT ACCEL=500
G1 F12000
G1 X103.264 Y131.19 E.10248
SET_VELOCITY_LIMIT ACCEL=3000
G1 X102.825 Y131.086 F30000
SET_VELOCITY_LIMIT ACCEL=500
G1 F12000
G1 X105.242 Y128.669 E.11308
SET_VELOCITY_LIMIT ACCEL=3000
G1 X105.048 Y128.32 F30000
M73 P70 R3
SET_VELOCITY_LIMIT ACCEL=500
G1 F12000
G1 X102.43 Y130.938 E.1225
SET_VELOCITY_LIMIT ACCEL=3000
G1 X102.071 Y130.753 F30000
SET_VELOCITY_LIMIT ACCEL=500
G1 F12000
G1 X104.874 Y127.951 E.13113
SET_VELOCITY_LIMIT ACCEL=3000
G1 X104.73 Y127.551 F30000
SET_VELOCITY_LIMIT ACCEL=500
G1 F12000
G1 X101.748 Y130.534 E.13958
SET_VELOCITY_LIMIT ACCEL=3000
G1 X101.458 Y130.28 F30000
SET_VELOCITY_LIMIT ACCEL=500
G1 F12000
G1 X102.329 Y129.409 E.04076
SET_VELOCITY_LIMIT ACCEL=3000
G1 X101.952 Y129.243 F30000
SET_VELOCITY_LIMIT ACCEL=500
G1 F12000
G1 X101.198 Y129.997 E.03528
SET_VELOCITY_LIMIT ACCEL=3000
G1 X100.947 Y129.704 F30000
SET_VELOCITY_LIMIT ACCEL=500
G1 F12000
G1 X101.706 Y128.946 E.03551
SET_VELOCITY_LIMIT ACCEL=3000
G1 X101.615 Y128.494 F30000
SET_VELOCITY_LIMIT ACCEL=500
G1 F12000
G1 X100.704 Y129.405 E.04265
SET_VELOCITY_LIMIT ACCEL=3000
G1 E-.728 F1800
;WIPE_START
G1 F30000
G1 X101.552 Y128.556 E-.072
;WIPE_END
G1 X103.342 Y128.396 Z2
G1 Z1.6
G1 E.8 F1800
SET_VELOCITY_LIMIT ACCEL=500
G1 F12000
G1 X104.61 Y127.128 E.05935
SET_VELOCITY_LIMIT ACCEL=3000
G1 X104.519 Y126.676 F30000
SET_VELOCITY_LIMIT ACCEL=500
G1 F12000
G1 X103.176 Y128.019 E.06285
SET_VELOCITY_LIMIT ACCEL=3000
G1 X102.878 Y127.773 F30000
SET_VELOCITY_LIMIT ACCEL=500
G1 F12000
G1 X104.464 Y126.188 E.07418
SET_VELOCITY_LIMIT ACCEL=3000
G1 X104.452 Y125.657 F30000
SET_VELOCITY_LIMIT ACCEL=500
G1 F12000
G1 X102.427 Y127.682 E.09476
SET_VELOCITY_LIMIT ACCEL=3000
G1 E-.728 F1800
;WIPE_START
G1 F30000
G1 X103.275 Y126.834 E-.072
;WIPE_END
G1 X100.493 Y129.073 Z2
G1 Z1.6
G1 E.8 F1800
SET_VELOCITY_LIMIT ACCEL=500
G1 F12000
G1 X104.498 Y125.067 E.18746
SET_VELOCITY_LIMIT ACCEL=3000
G1 X104.631 Y124.392 F30000
SET_VELOCITY_LIMIT ACCEL=500
G1 F12000
G1 X100.374 Y128.648 E.1992
SET_VELOCITY_LIMIT ACCEL=3000
G1 X100.373 Y128.106 F30000
SET_VELOCITY_LIMIT ACCEL=500
G1 F12000
G1 X104.911 Y123.568 E.21236
SET_VELOCITY_LIMIT ACCEL=3000
G1 E-.728 F1800
;WIPE_START
G1 F30000
G1 X104.062 Y124.417 E-.072
;WIPE_END
G1 X104.136 Y123.8 Z2
G1 Z1.6
G1 E.8 F1800
SET_VELOCITY_LIMIT ACCEL=500
G1 F12000
G1 X105.942 Y121.994 E.08453
SET_VELOCITY_LIMIT ACCEL=3000
G1 E-.728 F1800
;WIPE_START
G1 F30000
G1 X105.093 Y122.843 E-.072
;WIPE_END
G1 X103.615 Y124.321 Z2
G1 Z1.6
G1 E.8 F1800
SET_VELOCITY_LIMIT ACCEL=500
G1 F12000
G1 X100.417 Y127.519 E.14967
SET_VELOCITY_LIMIT ACCEL=3000
G1 X100.538 Y126.855 F30000
SET_VELOCITY_LIMIT ACCEL=500
G1 F12000
G1 X102.886 Y124.507 E.10988
SET_VELOCITY_LIMIT ACCEL=3000
G1 E-.728 F1800
;WIPE_START
G1 F30000
G1 X102.037 Y125.356 E-.072
;WIPE_END
G1 X109.339 Y127.577 Z2
G1 X114.532 Y129.156 Z2
G1 Z1.6
G1 E.8 F1800
SET_VELOCITY_LIMIT ACCEL=500
G1 F12000
G1 X118.445 Y125.242 E.18315
SET_VELOCITY_LIMIT ACCEL=3000
G1 X118.141 Y125.003 F30000
SET_VELOCITY_LIMIT ACCEL=500
G1 F12000
G1 X115.247 Y127.898 E.13546
SET_VELOCITY_LIMIT ACCEL=3000
G1 E-.728 F1800
;WIPE_START
G1 F30000
G1 X116.095 Y127.049 E-.072
;WIPE_END
G1 X115.496 Y127.106 Z2
G1 Z1.6
G1 E.8 F1800
SET_VELOCITY_LIMIT ACCEL=500
G1 F12000
G1 X117.806 Y124.795 E.10813
SET_VELOCITY_LIMIT ACCEL=3000
G1 X117.437 Y124.621 F30000
SET_VELOCITY_LIMIT ACCEL=500
G1 F12000
G1 X115.615 Y126.443 E.08529
SET_VELOCITY_LIMIT ACCEL=3000
G1 X115.652 Y125.863 F30000
SET_VELOCITY_LIMIT ACCEL=500
G1 F12000
G1 X117.034 Y124.482 E.06465
SET_VELOCITY_LIMIT ACCEL=3000
G1 X116.608 Y124.364 F30000
SET_VELOCITY_LIMIT ACCEL=500
G1 F12000
G1 X115.633 Y125.339 E.04564
SET_VELOCITY_LIMIT ACCEL=3000
G1 X115.57 Y124.858 F30000
SET_VELOCITY_LIMIT ACCEL=500
G1 F12000
G1 X116.186 Y124.243 E.02879
SET_VELOCITY_LIMIT ACCEL=3000
G1 X115.982 Y123.903 F30000
SET_VELOCITY_LIMIT ACCEL=500
G1 F12000
G1 X115.475 Y124.411 E.02374
SET_VELOCITY_LIMIT ACCEL=3000
G1 X115.35 Y123.993 F30000
SET_VELOCITY_LIMIT ACCEL=500
G1 F12000
G1 X115.913 Y123.429 E.02635
SET_VELOCITY_LIMIT ACCEL=3000
G1 E-.75222 F1800
;WIPE_START
G1 F30000
G1 X115.35 Y123.993 E-.04778
;WIPE_END
G1 X117.022 Y121.777 Z2
G1 Z1.6
G1 E.8 F1800
SET_VELOCITY_LIMIT ACCEL=500
G1 F12000
G1 X115.203 Y123.596 E.08513
SET_VELOCITY_LIMIT ACCEL=3000
G1 X115.028 Y123.228 F30000
SET_VELOCITY_LIMIT ACCEL=500
G1 F12000
G1 X117.203 Y121.053 E.10178
SET_VELOCITY_LIMIT ACCEL=3000
G1 X117.24 Y120.473 F30000
SET_VELOCITY_LIMIT ACCEL=500
G1 F12000
G1 X114.83 Y122.883 E.11279
SET_VELOCITY_LIMIT ACCEL=3000
G1 X114.615 Y122.555 F30000
SET_VELOCITY_LIMIT ACCEL=500
G1 F12000
G1 X117.193 Y119.977 E.12063
SET_VELOCITY_LIMIT ACCEL=3000
G1 X117.087 Y119.54 F30000
SET_VELOCITY_LIMIT ACCEL=500
G1 F12000
G1 X114.383 Y122.243 E.12651
SET_VELOCITY_LIMIT ACCEL=3000
G1 X114.126 Y121.958 F30000
SET_VELOCITY_LIMIT ACCEL=500
G1 F12000
G1 X116.936 Y119.148 E.1315
SET_VELOCITY_LIMIT ACCEL=3000
G1 X116.741 Y118.8 F30000
SET_VELOCITY_LIMIT ACCEL=500
G1 F12000
G1 X113.852 Y121.688 E.13517
SET_VELOCITY_LIMIT ACCEL=3000
G1 X113.563 Y121.434 F30000
SET_VELOCITY_LIMIT ACCEL=500
G1 F12000
G1 X114.979 Y120.018 E.06627
SET_VELOCITY_LIMIT ACCEL=3000
G1 X114.412 Y120.042 F30000
SET_VELOCITY_LIMIT ACCEL=500
G1 F12000
G1 X113.252 Y121.202 E.05431
SET_VELOCITY_LIMIT ACCEL=3000
G1 X112.919 Y120.992 F30000
SET_VELOCITY_LIMIT ACCEL=500
G1 F12000
G1 X114.071 Y119.84 E.05391
SET_VELOCITY_LIMIT ACCEL=3000
G1 X113.853 Y119.514 F30000
SET_VELOCITY_LIMIT ACCEL=500
G1 F12000
G1 X112.571 Y120.797 E.06002
SET_VELOCITY_LIMIT ACCEL=3000
G1 X112.202 Y120.623 F30000
SET_VELOCITY_LIMIT ACCEL=500
G1 F12000
G1 X113.82 Y119.005 E.07572
SET_VELOCITY_LIMIT ACCEL=3000
G1 E-.728 F1800
;WIPE_START
G1 F30000
G1 X112.971 Y119.853 E-.072
;WIPE_END
G1 X115.48 Y119.517 Z2
G1 Z1.6
G1 E.8 F1800
SET_VELOCITY_LIMIT ACCEL=500
G1 F12000
G1 X116.539 Y118.458 E.04953
SET_VELOCITY_LIMIT ACCEL=3000
G1 X116.328 Y118.126 F30000
M73 P71 R3
SET_VELOCITY_LIMIT ACCEL=500
G1 F12000
G1 X115.504 Y118.95 E.03859
SET_VELOCITY_LIMIT ACCEL=3000
G1 X115.302 Y118.609 F30000
SET_VELOCITY_LIMIT ACCEL=500
G1 F12000
G1 X116.089 Y117.822 E.03683
SET_VELOCITY_LIMIT ACCEL=3000
G1 X115.784 Y117.583 F30000
SET_VELOCITY_LIMIT ACCEL=500
G1 F12000
G1 X114.976 Y118.391 E.03781
SET_VELOCITY_LIMIT ACCEL=3000
G1 X114.467 Y118.358 F30000
SET_VELOCITY_LIMIT ACCEL=500
G1 F12000
G1 X115.401 Y117.424 E.0437
SET_VELOCITY_LIMIT ACCEL=3000
G1 X114.968 Y117.313 F30000
SET_VELOCITY_LIMIT ACCEL=500
G1 F12000
G1 X111.801 Y120.48 E.14819
SET_VELOCITY_LIMIT ACCEL=3000
G1 X111.379 Y120.36 F30000
SET_VELOCITY_LIMIT ACCEL=500
G1 F12000
G1 X114.534 Y117.205 E.14765
SET_VELOCITY_LIMIT ACCEL=3000
G1 X114.058 Y117.137 F30000
SET_VELOCITY_LIMIT ACCEL=500
G1 F12000
G1 X110.926 Y120.269 E.14655
SET_VELOCITY_LIMIT ACCEL=3000
G1 X110.44 Y120.212 F30000
SET_VELOCITY_LIMIT ACCEL=500
G1 F12000
G1 X113.507 Y117.145 E.14354
SET_VELOCITY_LIMIT ACCEL=3000
G1 X112.84 Y117.269 F30000
SET_VELOCITY_LIMIT ACCEL=500
G1 F12000
G1 X109.909 Y120.2 E.13718
SET_VELOCITY_LIMIT ACCEL=3000
G1 X109.318 Y120.247 F30000
SET_VELOCITY_LIMIT ACCEL=500
G1 F12000
G1 X109.982 Y119.583 E.03108
SET_VELOCITY_LIMIT ACCEL=3000
G1 X109.6 Y119.422 F30000
SET_VELOCITY_LIMIT ACCEL=500
G1 F12000
G1 X108.642 Y120.38 E.04483
SET_VELOCITY_LIMIT ACCEL=3000
G1 E-.728 F1800
;WIPE_START
G1 F30000
G1 X109.491 Y119.532 E-.072
;WIPE_END
G1 X107.819 Y120.66 Z2
G1 Z1.6
G1 E.8 F1800
SET_VELOCITY_LIMIT ACCEL=500
G1 F12000
G1 X109.331 Y119.149 E.07073
SET_VELOCITY_LIMIT ACCEL=3000
G1 X109.14 Y118.796 F30000
SET_VELOCITY_LIMIT ACCEL=500
G1 F12000
G1 X106.243 Y121.693 E.13561
SET_VELOCITY_LIMIT ACCEL=3000
G1 E-.728 F1800
;WIPE_START
G1 F30000
G1 X107.091 Y120.845 E-.072
;WIPE_END
G1 X108.919 Y118.474 Z2
G1 Z1.6
G1 E.8 F1800
SET_VELOCITY_LIMIT ACCEL=500
G1 F12000
G1 X104.005 Y123.388 E.23
SET_VELOCITY_LIMIT ACCEL=3000
G1 X103.797 Y123.053 F30000
SET_VELOCITY_LIMIT ACCEL=500
G1 F12000
G1 X108.666 Y118.184 E.22787
SET_VELOCITY_LIMIT ACCEL=3000
G1 X108.383 Y117.923 F30000
SET_VELOCITY_LIMIT ACCEL=500
G1 F12000
G1 X103.546 Y122.761 E.22639
SET_VELOCITY_LIMIT ACCEL=3000
G1 X103.318 Y122.445 F30000
SET_VELOCITY_LIMIT ACCEL=500
G1 F12000
G1 X108.071 Y117.693 E.2224
SET_VELOCITY_LIMIT ACCEL=3000
G1 X107.726 Y117.494 F30000
SET_VELOCITY_LIMIT ACCEL=500
G1 F12000
G1 X103.121 Y122.099 E.2155
SET_VELOCITY_LIMIT ACCEL=3000
G1 X102.96 Y121.717 F30000
SET_VELOCITY_LIMIT ACCEL=500
G1 F12000
G1 X107.347 Y117.33 E.2053
SET_VELOCITY_LIMIT ACCEL=3000
G1 X106.925 Y117.209 F30000
SET_VELOCITY_LIMIT ACCEL=500
G1 F12000
G1 X102.839 Y121.295 E.19121
SET_VELOCITY_LIMIT ACCEL=3000
G1 X102.77 Y120.821 F30000
SET_VELOCITY_LIMIT ACCEL=500
G1 F12000
G1 X106.45 Y117.141 E.17223
SET_VELOCITY_LIMIT ACCEL=3000
G1 X105.902 Y117.145 F30000
SET_VELOCITY_LIMIT ACCEL=500
G1 F12000
G1 X102.77 Y120.278 E.1466
SET_VELOCITY_LIMIT ACCEL=3000
G1 X102.895 Y119.609 F30000
SET_VELOCITY_LIMIT ACCEL=500
G1 F12000
G1 X105.239 Y117.265 E.1097
SET_VELOCITY_LIMIT ACCEL=3000
G1 X104.501 Y117.46 F30000
SET_VELOCITY_LIMIT ACCEL=500
G1 F12000
G1 X103.38 Y118.581 E.05244
SET_VELOCITY_LIMIT ACCEL=3000
G1 E-.728 F1800
;WIPE_START
G1 F30000
G1 X104.229 Y117.732 E-.072
;WIPE_END
G1 X109.343 Y123.398 Z2
G1 X114.615 Y129.239 Z2
G1 Z1.6
G1 E.8 F1800
SET_VELOCITY_LIMIT ACCEL=500
;TYPE:Gap infill
;WIDTH:0.169726
G1 F15000
G1 X114.471 Y129.407 E.00222
;WIDTH:0.143039
G1 X114.086 Y129.812 E.00442
G1 X113.681 Y130.199 E.00443
;WIDTH:0.155338
G1 X113.491 Y130.363 E.00223
SET_VELOCITY_LIMIT ACCEL=3000
G1 E-.78491 F1800
;WIPE_START
G1 F30000
G1 X113.681 Y130.199 E-.01509
;WIPE_END
G1 X106.779 Y126.94 Z2
G1 X102.279 Y124.816 Z2
G1 Z1.6
G1 E.8 F1800
SET_VELOCITY_LIMIT ACCEL=500
;WIDTH:0.102537
G1 F15000
G1 X102.191 Y124.878 E.00051
;WIDTH:0.139766
G1 X102.019 Y125.018 E.0017
;WIDTH:0.185494
G1 X101.846 Y125.158 E.0025
;WIDTH:0.226138
G1 X101.525 Y125.456 E.00634
G1 X101.225 Y125.774 E.00634
;WIDTH:0.193841
G1 X101.084 Y125.945 E.00264
;WIDTH:0.151565
G1 X100.943 Y126.116 E.0019
;WIDTH:0.130425
G1 X100.853 Y126.241 E.00106
SET_VELOCITY_LIMIT ACCEL=3000
G1 E-.79077 F1800
;WIPE_START
G1 F30000
G1 X100.943 Y126.116 E-.00923
;WIPE_END
G1 X107.031 Y121.513 Z2
G1 X112.218 Y117.591 Z2
G1 Z1.6
G1 E.8 F1800
SET_VELOCITY_LIMIT ACCEL=500
;WIDTH:0.106441
G1 F15000
G1 X112.103 Y117.678 E.00072
;WIDTH:0.142983
G1 X111.988 Y117.765 E.00114
;WIDTH:0.176988
G1 X111.821 Y117.91 E.00234
;WIDTH:0.220495
G1 X111.344 Y118.362 E.00923
;WIDTH:0.215564
G1 X111.197 Y118.527 E.00301
;WIDTH:0.188833
G1 X111.051 Y118.692 E.00254
;WIDTH:0.153642
G1 X110.936 Y118.84 E.00165
;WIDTH:0.131818
G1 X110.82 Y118.989 E.00132
SET_VELOCITY_LIMIT ACCEL=3000
G1 E-.78872 F1800
;WIPE_START
G1 F30000
G1 X110.936 Y118.84 E-.01128
;WIPE_END
G1 X112.05 Y126.391 Z2
G1 X113.114 Y133.593 Z2
G1 Z1.6
G1 E.8 F1800
SET_VELOCITY_LIMIT ACCEL=500
;WIDTH:0.131401
G1 F15000
G1 X113.011 Y133.732 E.00121
;WIDTH:0.175735
G1 X112.909 Y133.871 E.00181
;WIDTH:0.22007
G1 X112.806 Y134.01 E.00242
;WIDTH:0.260384
G1 X112.666 Y134.176 E.00375
;WIDTH:0.296677
G1 X112.525 Y134.343 E.00437
;WIDTH:0.315486
G1 X112.225 Y134.653 E.00929
G1 X111.905 Y134.943 E.00932
;WIDTH:0.270683
G1 X111.79 Y135.034 E.00264
;WIDTH:0.236984
G1 X111.675 Y135.126 E.00225
;WIDTH:0.203286
G1 X111.56 Y135.217 E.00186
;WIDTH:0.161872
G1 X111.439 Y135.3 E.00139
;WIDTH:0.137305
G1 X111.317 Y135.384 E.0011
SET_VELOCITY_LIMIT ACCEL=3000
G1 E-.79115 F1800
;WIPE_START
G1 F30000
G1 X111.439 Y135.3 E-.00885
;WIPE_END
G1 X116.397 Y129.498 Z2
G1 X116.778 Y129.054 Z2
G1 Z1.6
G1 E.8 F1800
SET_VELOCITY_LIMIT ACCEL=500
;TYPE:Internal solid infill
;WIDTH:0.535256
G1 F13461.117
G1 X116.851 Y129.231 E.00748
G1 X117.029 Y129.305 E.00748
G1 X117.206 Y129.231 E.00748
G1 X117.28 Y129.054 E.00748
G1 X117.206 Y128.876 E.00748
G1 X117.029 Y128.803 E.00748
G1 X116.851 Y128.876 E.00748
G1 X116.793 Y129.017 E.00592
SET_VELOCITY_LIMIT ACCEL=3000
G1 E-.728 F1800
;WIPE_START
G1 F30000
G1 X116.851 Y128.876 E-.00913
G1 X117.029 Y128.803 E-.01153
G1 X117.206 Y128.876 E-.01153
G1 X117.28 Y129.054 E-.01153
G1 X117.206 Y129.231 E-.01153
G1 X117.029 Y129.305 E-.01153
G1 X116.948 Y129.271 E-.00524
;WIPE_END
G1 X115.107 Y121.864 Z2
G1 X114.49 Y119.383 Z2
G1 Z1.6
G1 E.8 F1800
SET_VELOCITY_LIMIT ACCEL=500
;WIDTH:0.535255
G1 F13461.16
G1 X114.667 Y119.456 E.00748
G1 X114.845 Y119.383 E.00748
G1 X114.918 Y119.205 E.00748
G1 X114.845 Y119.028 E.00748
G1 X114.667 Y118.954 E.00748
G1 X114.49 Y119.028 E.00748
G1 X114.416 Y119.205 E.00748
G1 X114.475 Y119.346 E.00592
;LAYER_CHANGE
;Z:1.8
;HEIGHT:0.2
;BEFORE_LAYER_CHANGE
;1.8
G92 E0

G1 E-.728 F1800
;WIPE_START
G1 F30000
G1 X114.416 Y119.205 E-.00913
G1 X114.49 Y119.028 E-.01153
G1 X114.667 Y118.954 E-.01153
G1 X114.845 Y119.028 E-.01153
G1 X114.918 Y119.205 E-.01153
G1 X114.845 Y119.383 E-.01153
G1 X114.764 Y119.416 E-.00524
;WIPE_END
M73 L9
;LAYER:9
SET_PRINT_STATS_INFO TOTAL_LAYER=16 CURRENT_LAYER=9
;_SET_FAN_SPEED_CHANGING_LAYER
SET_VELOCITY_LIMIT ACCEL=3000

G1 X115.448 Y120.221 Z1.85714
G1 X115.245 Y121.257 Z1.91429
M73 P72 R3
G1 X114.308 Y121.745 Z1.97143
G1 X113.343 Y121.316 Z2.02857
G1 X113.076 Y120.294 Z2.08571
G1 X113.709 Y119.449 Z2.14286
G1 X114.764 Y119.416 Z2.2
G1 X148.057 Y134.197 Z2.2
G1 Z1.8
G1 E.8 F1800
SET_VELOCITY_LIMIT ACCEL=500
;TYPE:Inner wall
;WIDTH:0.449999
G1 F6974
G1 X148.545 Y134.197 E.01572
G1 X148.195 Y134.597 E.01712
G1 X147.877 Y134.861 E.0133
G1 X147.47 Y135.111 E.01536
G1 X146.34 Y135.568 E.03921
G1 X146.028 Y135.614 E.01016
G1 X145.569 Y135.546 E.01493
G1 X144.736 Y135.213 E.02887
G1 X144.354 Y135.015 E.01382
G1 X143.969 Y134.743 E.01519
G1 X143.45 Y134.197 E.02423
G1 X148.017 Y134.197 E.14695
G1 X148.057 Y133.805 F30000
;TYPE:Outer wall
;WIDTH:0.419999
G1 F6974
G1 X149.222 Y133.805 E.03472
G1 X149.059 Y134.146 E.01126
G1 X148.794 Y134.524 E.01375
G1 X148.481 Y134.865 E.01379
G1 X148.125 Y135.164 E.01387
G1 X147.684 Y135.446 E.0156
G1 X146.819 Y135.816 E.02804
G1 X146.338 Y135.982 E.01517
G1 X145.896 Y136.019 E.01323
G1 X145.453 Y135.922 E.01349
G1 X144.59 Y135.577 E.02772
G1 X144.172 Y135.362 E.01401
G1 X143.774 Y135.089 E.01438
G1 X143.415 Y134.764 E.01444
G1 X143.074 Y134.352 E.01594
G1 X142.762 Y133.805 E.01877
G1 X148.017 Y133.805 E.15662
SET_VELOCITY_LIMIT ACCEL=3000
G1 E-.728 F1800
;WIPE_START
G1 F30000
G1 X149.217 Y133.805 E-.072
;WIPE_END
G1 X146.114 Y134.651 Z2.2
G1 Z1.8
G1 E.8 F1800
SET_VELOCITY_LIMIT ACCEL=500
;TYPE:Internal solid infill
;WIDTH:0.545102
G1 F6974
G1 X144.648 Y134.654 E.05819
G1 X145.685 Y135.101 E.04484
G1 X145.99 Y135.159 E.01232
G1 X146.194 Y135.138 E.00814
G1 X147.291 Y134.694 E.04697
G1 X147.361 Y134.651 E.00327
G1 X146.154 Y134.651 E.04793
SET_VELOCITY_LIMIT ACCEL=3000
G1 E-.728 F1800
;WIPE_START
G1 F30000
G1 X147.354 Y134.651 E-.072
;WIPE_END
G1 X140.403 Y131.498 Z2.2
G1 X138.003 Y130.41 Z2.2
G1 Z1.8
G1 E.8 F1800
SET_VELOCITY_LIMIT ACCEL=500
;TYPE:Inner wall
;WIDTH:0.449999
G1 F6974
G1 X138.241 Y130.457 E.00778
G1 X138.617 Y130.468 E.01211
G1 X138.988 Y130.406 E.01211
G1 X139.328 Y130.277 E.0117
G1 X139.659 Y130.072 E.01252
G1 X140.005 Y129.726 E.01575
G1 X140.249 Y129.3 E.0158
G1 X140.39 Y128.797 E.0168
G1 X140.401 Y128.458 E.01092
G1 X140.339 Y128.05 E.01329
G1 X140.205 Y127.698 E.01211
G1 X140.005 Y127.379 E.01211
G1 X139.668 Y127.039 E.01541
G1 X139.286 Y126.811 E.01433
G1 X138.823 Y126.667 E.01559
G1 X138.382 Y126.637 E.01423
G1 X137.983 Y126.699 E.013
G1 X137.531 Y126.887 E.01575
G1 X137.135 Y127.194 E.01612
G1 X136.82 Y127.598 E.01648
;WIDTH:0.45859
G1 X136.628 Y128.049 E.01611
G1 X136.662 Y127.543 E.01666
;WIDTH:0.449999
G1 X136.761 Y126.961 E.019
G1 X136.979 Y126.402 E.01933
G1 X137.318 Y125.847 E.02092
G1 X137.667 Y125.472 E.01647
G1 X138.225 Y125.055 E.02243
G1 X138.714 Y124.821 E.01745
G1 X139.712 Y124.55 E.03327
G1 X140.135 Y124.282 E.01609
G1 X140.319 Y124.095 E.00845
G1 X140.404 Y123.816 E.00938
G1 X140.35 Y123.547 E.00883
G1 X140.093 Y123.009 E.01918
G1 X139.724 Y122.591 E.01796
G1 X139.376 Y122.055 E.02056
G1 X139.131 Y121.472 E.02035
G1 X139.019 Y120.849 E.02036
G1 X139.018 Y120.216 E.02036
G1 X139.156 Y119.598 E.02037
G1 X139.403 Y119.01 E.02053
G1 X139.803 Y118.367 E.02437
G1 X140.132 Y117.935 E.01746
G1 X140.41 Y117.75 E.01075
G1 X140.784 Y117.624 E.01269
G1 X141.695 Y117.411 E.03009
G1 X142.327 Y117.381 E.02036
G1 X142.952 Y117.463 E.02029
G1 X143.547 Y117.681 E.02039
G1 X144.093 Y117.999 E.02034
G1 X144.557 Y118.43 E.02036
G1 X144.94 Y118.938 E.02049
G1 X145.23 Y119.462 E.01926
G1 X145.446 Y119.623 E.00866
G1 X146.051 Y119.852 E.02081
G1 X146.302 Y119.819 E.00815
G1 X146.539 Y119.658 E.00922
G1 X146.879 Y119.24 E.01735
G1 X147.098 Y118.883 E.01346
G1 X147.426 Y118.436 E.01786
G1 X147.817 Y118.074 E.01713
G1 X148.288 Y117.763 E.01815
G1 X148.849 Y117.52 E.01968
G1 X149.391 Y117.405 E.01784
G1 X150.055 Y117.384 E.02138
G1 X149.813 Y117.486 E.00846
G1 X149.494 Y117.685 E.01211
G1 X149.22 Y117.944 E.01211
G1 X149.001 Y118.25 E.01211
G1 X148.865 Y118.551 E.01062
G1 X148.763 Y118.96 E.01359
G1 X148.77 Y119.485 E.01689
G1 X148.916 Y119.983 E.01668
G1 X149.147 Y120.379 E.01476
G1 X149.406 Y120.653 E.01211
G1 X149.712 Y120.871 E.01211
G1 X150.056 Y121.025 E.01211
G1 X150.423 Y121.11 E.01211
G1 X150.799 Y121.121 E.01211
G1 X151.164 Y121.06 E.0119
G1 X151.522 Y120.925 E.01232
G1 X151.841 Y120.725 E.01211
G1 X152.187 Y120.379 E.01575
G1 X152.437 Y119.939 E.01629
G1 X152.572 Y119.45 E.01631
G1 X152.576 Y119.004 E.01436
G1 X152.784 Y119.431 E.01527
G1 X152.949 Y120.011 E.01941
G1 X152.991 Y120.631 E.02001
G1 X152.937 Y121.163 E.0172
G1 X152.805 Y121.659 E.01653
G1 X152.57 Y122.151 E.01753
G1 X152.167 Y122.711 E.02221
G1 X151.8 Y123.103 E.01728
G1 X151.673 Y123.309 E.00779
G1 X151.647 Y123.597 E.0093
G1 X151.766 Y124.084 E.01613
G1 X151.889 Y124.324 E.00869
G1 X152.126 Y124.489 E.00927
G1 X153.126 Y124.762 E.03336
G1 X153.592 Y124.957 E.01626
G1 X154.104 Y125.282 E.01952
G1 X154.49 Y125.63 E.01672
G1 X154.825 Y126.055 E.01741
G1 X155.063 Y126.495 E.0161
G1 X155.254 Y127.046 E.01876
G1 X155.347 Y127.619 E.01869
G1 X155.394 Y128.484 E.02786
G1 X155.345 Y128.804 E.01042
G1 X155.185 Y129.145 E.01212
G1 X154.891 Y129.508 E.01503
G1 X154.944 Y129.087 E.01367
G1 X154.882 Y128.551 E.01737
G1 X154.748 Y128.199 E.01211
G1 X154.551 Y127.884 E.01195
G1 X154.353 Y127.669 E.00941
G1 X153.984 Y127.388 E.01495
G1 X153.531 Y127.2 E.01575
G1 X153.025 Y127.138 E.0164
G1 X152.526 Y127.2 E.0162
G1 X152.174 Y127.334 E.01211
G1 X151.855 Y127.534 E.01211
G1 X151.581 Y127.792 E.01211
G1 X151.363 Y128.099 E.01211
G1 X151.218 Y128.418 E.01127
G1 X151.124 Y128.809 E.01294
G1 X151.113 Y129.185 E.01211
G1 X151.175 Y129.556 E.01211
G1 X151.309 Y129.908 E.01211
G1 X151.509 Y130.227 E.01211
G1 X151.767 Y130.501 E.01211
G1 X152.056 Y130.708 E.01143
G1 X152.403 Y130.868 E.01229
G1 X152.717 Y130.945 E.0104
G1 X152.378 Y130.991 E.01098
G1 X151.71 Y130.96 E.02153
G1 X151.155 Y130.835 E.01829
G1 X150.639 Y130.628 E.01791
G1 X150.061 Y130.449 E.01945
G1 X149.809 Y130.475 E.00818
G1 X149.573 Y130.626 E.00901
G1 X149.157 Y131.104 E.02038
G1 X149.104 Y131.439 E.01092
G1 X149.165 Y131.864 E.01381
G1 X142.839 Y131.864 E.20352
G1 X142.86 Y131.605 E.00835
G1 X142.838 Y131.098 E.01635
G1 X142.771 Y130.853 E.00817
G1 X142.573 Y130.636 E.00944
G1 X142.31 Y130.545 E.00898
G1 X141.692 Y130.503 E.01992
G1 X140.72 Y130.872 E.03344
G1 X140.19 Y130.975 E.01739
G1 X139.646 Y130.986 E.01749
G1 X139.15 Y130.917 E.01611
G1 X138.556 Y130.726 E.02007
G1 X138.038 Y130.43 E.0192
SET_VELOCITY_LIMIT ACCEL=3000
G1 E-.728 F1800
;WIPE_START
G1 F30000
G1 X138.241 Y130.457 E-.01226
G1 X138.617 Y130.468 E-.02258
G1 X138.988 Y130.406 E-.02259
G1 X139.215 Y130.32 E-.01456
;WIPE_END
G1 X136.967 Y129.885 Z2.2
G1 Z1.8
G1 E.8 F1800
SET_VELOCITY_LIMIT ACCEL=500
;TYPE:Outer wall
;WIDTH:0.541087
G1 F6974
G1 X136.895 Y129.807 E.00419
;WIDTH:0.526235
G1 X136.708 Y129.544 E.0123
;WIDTH:0.552428
G1 X136.432 Y129.129 E.02007
;WIDTH:0.510677
G1 X136.343 Y128.976 E.00654
;WIDTH:0.468926
G1 X136.255 Y128.823 E.00596
;WIDTH:0.427174
G1 X136.21 Y128.317 E.01543
;WIDTH:0.419999
G1 X136.29 Y127.309 E.03014
G1 X136.431 Y126.715 E.01819
G1 X136.628 Y126.227 E.0157
G1 X136.973 Y125.658 E.01983
G1 X137.323 Y125.251 E.01601
G1 X137.747 Y124.899 E.01643
G1 X138.342 Y124.555 E.02047
G1 X138.871 Y124.358 E.01681
G1 X139.445 Y124.239 E.01747
G1 X139.843 Y124.003 E.01382
G1 X139.996 Y123.868 E.00605
G1 X139.995 Y123.713 E.00465
G1 X139.738 Y123.192 E.01728
G1 X139.298 Y122.669 E.02039
G1 X139.03 Y122.238 E.01513
G1 X138.754 Y121.583 E.02116
G1 X138.628 Y120.884 E.02118
G1 X138.628 Y120.173 E.02118
G1 X138.783 Y119.479 E.02119
G1 X139.058 Y118.822 E.02124
G1 X139.504 Y118.105 E.02517
G1 X139.867 Y117.64 E.01759
G1 X140.236 Y117.395 E.0132
G1 X140.676 Y117.247 E.01385
G1 X141.395 Y117.078 E.022
G1 X142.104 Y116.98 E.02132
G1 X142.813 Y117.041 E.02121
G1 X143.498 Y117.225 E.02116
G1 X144.128 Y117.555 E.0212
G1 X144.689 Y117.991 E.02117
G1 X145.155 Y118.559 E.0219
G1 X145.508 Y119.177 E.0212
G1 X145.6 Y119.263 E.00377
G1 X146.108 Y119.462 E.01626
G1 X146.25 Y119.392 E.00471
G1 X146.609 Y118.939 E.01723
M73 P73 R3
G1 X146.891 Y118.484 E.01596
G1 X147.283 Y118.027 E.01794
G1 X147.766 Y117.622 E.01879
G1 X148.22 Y117.352 E.01576
G1 X148.709 Y117.151 E.01575
G1 X149.208 Y117.031 E.0153
G1 X149.8 Y116.986 E.0177
G1 X150.485 Y117.049 E.0205
;WIDTH:0.460721
G1 X150.715 Y117.124 E.00798
;WIDTH:0.501443
G1 X150.945 Y117.198 E.00876
;WIDTH:0.511967
G1 X151.499 Y117.345 E.02123
;WIDTH:0.532154
G1 X151.953 Y117.579 E.01977
G1 X152.312 Y117.943 E.01976
;WIDTH:0.556793
G1 X152.647 Y118.488 E.02598
G1 X152.726 Y118.583 E.00501
;WIDTH:0.516576
G1 X152.806 Y118.677 E.00462
;WIDTH:0.476359
G1 X152.885 Y118.771 E.00422
;WIDTH:0.436142
G1 X153.099 Y119.163 E.01386
;WIDTH:0.419999
G1 X153.291 Y119.752 E.01848
G1 X153.382 Y120.343 E.01782
G1 X153.379 Y120.869 E.01567
G1 X153.289 Y121.402 E.01612
G1 X153.097 Y121.968 E.01781
G1 X152.78 Y122.559 E.01998
G1 X152.472 Y122.958 E.01505
G1 X152.084 Y123.373 E.01693
G1 X152.032 Y123.497 E.004
G1 X152.146 Y123.99 E.0151
G1 X152.245 Y124.114 E.00472
G1 X152.969 Y124.314 E.02238
G1 X153.478 Y124.479 E.01593
G1 X154.021 Y124.747 E.01806
G1 X154.488 Y125.079 E.01708
G1 X154.883 Y125.481 E.01678
G1 X155.231 Y125.972 E.01796
G1 X155.519 Y126.567 E.01969
G1 X155.672 Y127.089 E.01621
G1 X155.738 Y127.598 E.01531
G1 X155.785 Y128.463 E.02581
G1 X155.731 Y128.871 E.01228
G1 X155.534 Y129.324 E.01473
G1 X155.33 Y129.591 E.01
;WIDTH:0.452201
G1 X154.833 Y130.165 E.02457
;WIDTH:0.497764
G1 X154.342 Y130.591 E.02338
;WIDTH:0.499805
G1 X153.952 Y130.855 E.01701
G1 X153.375 Y131.158 E.02353
;WIDTH:0.453871
G1 X152.881 Y131.318 E.01688
;WIDTH:0.419999
G1 X152.38 Y131.383 E.01504
G1 X151.66 Y131.349 E.02149
G1 X151.054 Y131.214 E.01849
G1 X150.554 Y131.014 E.01606
G1 X150.053 Y130.847 E.01573
G1 X149.893 Y130.866 E.00481
G1 X149.542 Y131.228 E.01501
G1 X149.492 Y131.384 E.00489
G1 X149.56 Y131.859 E.0143
G1 X149.571 Y132.256 E.01184
G1 X142.419 Y132.256 E.21317
G1 X142.469 Y131.623 E.01894
G1 X142.425 Y131.035 E.01755
G1 X142.313 Y130.943 E.00431
G1 X141.783 Y130.891 E.01588
G1 X141.584 Y130.954 E.00623
G1 X140.981 Y131.197 E.01938
G1 X140.378 Y131.347 E.0185
G1 X139.841 Y131.391 E.01607
G1 X139.318 Y131.35 E.01563
G1 X138.829 Y131.242 E.01492
G1 X138.146 Y130.959 E.02205
;WIDTH:0.443325
G1 X137.662 Y130.638 E.01839
;WIDTH:0.492206
G1 X137.488 Y130.45 E.00909
;WIDTH:0.541087
G1 X136.994 Y129.914 E.0287
SET_VELOCITY_LIMIT ACCEL=3000
G1 E-.728 F1800
;WIPE_START
G1 F30000
G1 X136.895 Y129.807 E-.00878
G1 X136.708 Y129.544 E-.01932
G1 X136.432 Y129.129 E-.02991
G1 X136.343 Y128.976 E-.01061
G1 X136.315 Y128.927 E-.00338
;WIPE_END
G1 X143.945 Y128.715 Z2.2
G1 X151.609 Y128.503 Z2.2
G1 Z1.8
G1 E.8 F1800
SET_VELOCITY_LIMIT ACCEL=500
;WIDTH:0.419999
G1 F6974
G1 X151.581 Y128.568 E.00211
G1 X151.509 Y128.885 E.0097
G1 X151.505 Y129.185 E.00894
G1 X151.56 Y129.48 E.00894
G1 X151.671 Y129.758 E.00894
G1 X151.835 Y130.009 E.00894
G1 X152.044 Y130.224 E.00894
G1 X152.274 Y130.382 E.0083
G1 X152.553 Y130.506 E.0091
G1 X152.897 Y130.577 E.01048
;WIDTH:0.469948
G1 X153.181 Y130.574 E.00958
;WIDTH:0.519896
G1 X153.465 Y130.571 E.0107
G1 X153.904 Y130.35 E.01853
;WIDTH:0.514786
G1 X154.262 Y130.036 E.01779
G1 X154.374 Y129.775 E.01057
;WIDTH:0.467393
G1 X154.487 Y129.515 E.00951
;WIDTH:0.419999
G1 X154.552 Y129.087 E.01291
G1 X154.497 Y128.627 E.0138
G1 X154.368 Y128.316 E.01003
G1 X154.076 Y127.946 E.01406
G1 X153.755 Y127.707 E.01192
G1 X153.288 Y127.552 E.01469
G1 X152.897 Y127.53 E.01166
G1 X152.505 Y127.621 E.01199
G1 X152.073 Y127.86 E.01472
G1 X151.858 Y128.069 E.00894
G1 X151.689 Y128.316 E.00894
G1 X151.624 Y128.466 E.00485
SET_VELOCITY_LIMIT ACCEL=3000
G1 E-.728 F1800
;WIPE_START
G1 F30000
G1 X151.581 Y128.568 E-.00666
G1 X151.509 Y128.885 E-.01953
G1 X151.505 Y129.185 E-.01799
G1 X151.56 Y129.48 E-.01799
G1 X151.621 Y129.632 E-.00984
;WIPE_END
G1 X150.842 Y122.039 Z2.2
G1 X150.708 Y120.728 Z2.2
G1 Z1.8
G1 E.8 F1800
SET_VELOCITY_LIMIT ACCEL=500
G1 F6974
G1 X150.799 Y120.729 E.00271
G1 X151.087 Y120.675 E.00874
G1 X151.501 Y120.481 E.01363
G1 X151.838 Y120.19 E.01327
G1 X152.075 Y119.789 E.01388
G1 X152.191 Y119.337 E.01391
;WIDTH:0.465597
G1 X152.19 Y119.13 E.0069
;WIDTH:0.511195
G1 X152.189 Y118.924 E.00764
;WIDTH:0.556793
G1 X152.188 Y118.717 E.00838
G1 X151.905 Y118.215 E.02343
;WIDTH:0.531858
G1 X151.691 Y117.996 E.01185
;WIDTH:0.530079
G1 X151.431 Y117.826 E.01196
;WIDTH:0.513915
G1 X151.143 Y117.712 E.0115
;WIDTH:0.496987
G1 X150.799 Y117.643 E.01262
G1 X150.52 Y117.69 E.01015
;WIDTH:0.458493
G1 X150.241 Y117.737 E.00929
;WIDTH:0.419999
G1 X149.963 Y117.848 E.00894
G1 X149.711 Y118.011 E.00894
G1 X149.497 Y118.221 E.00894
G1 X149.327 Y118.468 E.00894
G1 X149.227 Y118.701 E.00755
G1 X149.147 Y119.037 E.0103
G1 X149.147 Y119.374 E.01003
G1 X149.278 Y119.833 E.01424
G1 X149.473 Y120.161 E.01138
G1 X149.683 Y120.376 E.00894
G1 X149.93 Y120.545 E.00894
G1 X150.206 Y120.663 E.00894
G1 X150.499 Y120.725 E.00894
G1 X150.668 Y120.727 E.00503
SET_VELOCITY_LIMIT ACCEL=3000
G1 E-.728 F1800
;WIPE_START
G1 F30000
G1 X150.799 Y120.729 E-.00786
G1 X151.087 Y120.675 E-.0176
G1 X151.501 Y120.481 E-.02744
G1 X151.742 Y120.272 E-.01911
;WIPE_END
G1 X144.905 Y123.665 Z2.2
G1 X137.757 Y127.212 Z2.2
G1 Z1.8
G1 E.8 F1800
SET_VELOCITY_LIMIT ACCEL=500
G1 F6974
G1 X137.53 Y127.359 E.00807
G1 X137.225 Y127.697 E.01356
G1 X137.027 Y128.091 E.01315
G1 X136.962 Y128.421 E.01003
;WIDTH:0.467109
G1 X136.958 Y128.617 E.00655
;WIDTH:0.514218
G1 X136.955 Y128.812 E.00728
;WIDTH:0.561327
G1 X136.951 Y129.008 E.00801
G1 X137.106 Y129.316 E.01416
;WIDTH:0.515843
G1 X137.47 Y129.755 E.02129
;WIDTH:0.521806
G1 X137.761 Y129.957 E.01345
G1 X137.947 Y129.996 E.00716
;WIDTH:0.487871
G1 X138.132 Y130.034 E.00666
;WIDTH:0.453935
G1 X138.317 Y130.073 E.00615
;WIDTH:0.419999
G1 X138.617 Y130.076 E.00894
G1 X138.919 Y130.02 E.00917
G1 X139.359 Y129.802 E.01463
G1 X139.656 Y129.537 E.01185
G1 X139.887 Y129.15 E.01344
G1 X140.005 Y128.721 E.01327
G1 X140.009 Y128.458 E.00783
G1 X139.954 Y128.126 E.01002
G1 X139.843 Y127.848 E.00894
G1 X139.679 Y127.597 E.00894
G1 X139.47 Y127.382 E.00894
G1 X139.136 Y127.173 E.01175
G1 X138.654 Y127.033 E.01496
G1 X138.273 Y127.042 E.01137
G1 X137.791 Y127.192 E.01502
SET_VELOCITY_LIMIT ACCEL=3000
G1 E-.728 F1800
;WIPE_START
G1 F30000
G1 X137.53 Y127.359 E-.01864
G1 X137.225 Y127.697 E-.02729
G1 X137.03 Y128.085 E-.02607
;WIPE_END
G1 X136.596 Y128.684 Z2.2
G1 Z1.8
G1 E.8 F1800
SET_VELOCITY_LIMIT ACCEL=500
;TYPE:Inner wall
;WIDTH:0.426618
G1 F6974
G1 X136.592 Y128.31 E.01134
;WIDTH:0.45859
G1 X136.628 Y128.049 E.00866
SET_VELOCITY_LIMIT ACCEL=3000
G1 E-.76175 F1800
;WIPE_START
G1 F30000
G1 X136.592 Y128.31 E-.01581
G1 X136.596 Y128.684 E-.02244
;WIPE_END
G1 X143.525 Y131.701 Z2.2
G1 Z1.8
G1 E.8 F1800
SET_VELOCITY_LIMIT ACCEL=500
;TYPE:Sparse infill
;WIDTH:0.45
G1 F6974
G1 X143.194 Y131.37 E.01509
G1 X143.183 Y131.067 E.00974
G1 X143.083 Y130.696 E.01237
G1 X142.943 Y130.498 E.00779
G1 X142.787 Y130.361 E.00668
G1 X142.592 Y130.258 E.00713
G1 X142.362 Y130.202 E.00761
G1 X141.993 Y130.169 E.0119
G1 X140.721 Y128.897 E.05788
G1 X140.742 Y128.79 E.0035
G1 X140.747 Y128.41 E.01223
G1 X140.667 Y127.929 E.01571
G1 X140.493 Y127.496 E.01501
G1 X140.244 Y127.119 E.01454
G1 X139.873 Y126.759 E.01664
G1 X139.482 Y126.517 E.01477
G1 X139.128 Y126.377 E.01226
G1 X138.787 Y126.307 E.0112
G1 X138.344 Y126.29 E.01426
G1 X138.149 Y126.325 E.00637
G1 X137.729 Y125.905 E.01911
G1 X137.842 Y125.778 E.00548
G1 X138.128 Y125.532 E.01213
G1 X138.443 Y125.325 E.01212
G1 X138.783 Y125.163 E.01213
G1 X139.142 Y125.046 E.01215
G1 X139.614 Y124.958 E.01546
G1 X139.786 Y124.902 E.0058
G1 X140.267 Y124.605 E.01821
G1 X147.18 Y131.518 E.31459
G1 X148.766 Y131.518 E.05103
G1 X148.759 Y131.467 E.00167
G1 X148.838 Y130.961 E.01648
G1 X148.999 Y130.728 E.00911
G1 X149.328 Y130.382 E.01535
G1 X149.498 Y130.242 E.00709
G1 X149.663 Y130.163 E.00589
G1 X139.422 Y119.922 E.46602
G1 X139.543 Y119.524 E.01339
G1 X139.707 Y119.176 E.01239
G1 X140.174 Y118.424 E.02847
G1 X140.365 Y118.196 E.00959
G1 X140.564 Y118.064 E.00767
G1 X140.879 Y117.958 E.0107
G1 X141.216 Y117.878 E.01115
G1 X151.144 Y127.806 E.45177
G1 X151.227 Y127.678 E.00491
G1 X151.584 Y127.304 E.01663
G1 X152.032 Y127.018 E.01712
G1 X152.448 Y126.863 E.01428
G1 X152.815 Y126.795 E.01202
G1 X153.172 Y126.792 E.01146
G1 X153.671 Y126.877 E.01631
G1 X154.124 Y127.067 E.01578
G1 X154.529 Y127.354 E.01599
G1 X154.83 Y127.678 E.01423
G1 X155.02 Y127.985 E.01162
G1 X155.012 Y127.836 E.00479
G1 X146.914 Y119.738 E.36851
G1 X147.156 Y119.447 E.01219
M73 P74 R3
G1 X147.45 Y118.966 E.01814
G1 X147.685 Y118.667 E.01222
G1 X147.954 Y118.403 E.01214
G1 X148.256 Y118.177 E.01212
G1 X148.585 Y117.994 E.01212
G1 X148.821 Y117.9 E.00817
G1 X148.683 Y118.107 E.008
G1 X148.525 Y118.466 E.01262
G1 X148.476 Y118.629 E.00547
G1 X148.409 Y118.985 E.01165
G1 X148.405 Y119.347 E.01167
G1 X148.477 Y119.79 E.01441
G1 X148.63 Y120.197 E.01399
G1 X148.71 Y120.347 E.00551
G1 X148.92 Y120.652 E.0119
G1 X149.169 Y120.906 E.01144
G1 X149.582 Y121.198 E.01628
G1 X149.929 Y121.347 E.01214
G1 X150.091 Y121.397 E.00545
G1 X150.44 Y121.463 E.01143
G1 X150.878 Y121.464 E.01408
G1 X151.248 Y121.396 E.01213
G1 X151.7 Y121.225 E.01554
G1 X152.023 Y121.009 E.0125
G1 X152.641 Y121.627 E.02815
SET_VELOCITY_LIMIT ACCEL=3000
G1 E-.728 F1800
;WIPE_START
G1 F30000
G1 X152.023 Y121.009 E-.05249
G1 X151.753 Y121.19 E-.01951
;WIPE_END
G1 X144.22 Y122.419 Z2.2
G1 X102.681 Y129.197 Z2.2
G1 Z1.8
G1 E.8 F1800
SET_VELOCITY_LIMIT ACCEL=500
;TYPE:Inner wall
;WIDTH:0.449999
G1 F6974
G1 X102.553 Y129.236 E.00431
G1 X102.286 Y129.21 E.00862
G1 X102.05 Y129.083 E.00862
G1 X101.88 Y128.876 E.00862
G1 X101.802 Y128.62 E.00862
G1 X101.829 Y128.353 E.00862
G1 X101.955 Y128.117 E.00862
G1 X102.162 Y127.947 E.00862
G1 X102.418 Y127.87 E.00862
G1 X102.685 Y127.896 E.00862
G1 X102.921 Y128.022 E.00862
G1 X103.091 Y128.229 E.00862
G1 X103.169 Y128.485 E.00862
G1 X103.142 Y128.752 E.00862
G1 X103.016 Y128.988 E.00862
G1 X102.809 Y129.158 E.00862
G1 X102.719 Y129.185 E.00302
G1 X102.795 Y129.572 F30000
;TYPE:Outer wall
;WIDTH:0.419999
G1 F6974
G1 X102.592 Y129.634 E.00632
G1 X102.17 Y129.592 E.01263
G1 X101.796 Y129.392 E.01263
G1 X101.528 Y129.065 E.01263
G1 X101.405 Y128.659 E.01263
G1 X101.446 Y128.237 E.01263
G1 X101.646 Y127.864 E.01263
G1 X101.973 Y127.595 E.01263
G1 X102.379 Y127.472 E.01263
G1 X102.801 Y127.513 E.01263
G1 X103.175 Y127.713 E.01263
G1 X103.443 Y128.041 E.01263
G1 X103.566 Y128.446 E.01263
G1 X103.525 Y128.868 E.01263
G1 X103.325 Y129.242 E.01263
G1 X102.998 Y129.511 E.01263
G1 X102.833 Y129.561 E.00512
SET_VELOCITY_LIMIT ACCEL=3000
G1 E-.728 F1800
;WIPE_START
G1 F30000
G1 X102.592 Y129.634 E-.01511
G1 X102.17 Y129.592 E-.02543
G1 X101.796 Y129.392 E-.02543
G1 X101.733 Y129.315 E-.00603
;WIPE_END
G1 X102.697 Y128.44 Z2.2
G1 Z1.8
G1 E.8 F1800
SET_VELOCITY_LIMIT ACCEL=500
;TYPE:Internal solid infill
;WIDTH:0.512627
G1 F6974
G1 X102.555 Y128.324 E.0068
G1 X102.373 Y128.341 E.00681
G1 X102.256 Y128.483 E.0068
G1 X102.274 Y128.666 E.0068
G1 X102.416 Y128.782 E.0068
G1 X102.598 Y128.764 E.0068
G1 X102.715 Y128.622 E.0068
G1 X102.701 Y128.48 E.00532
SET_VELOCITY_LIMIT ACCEL=3000
G1 E-.728 F1800
;WIPE_START
G1 F30000
G1 X102.715 Y128.622 E-.0086
G1 X102.598 Y128.764 E-.011
G1 X102.416 Y128.782 E-.011
G1 X102.274 Y128.666 E-.011
G1 X102.256 Y128.483 E-.011
G1 X102.373 Y128.341 E-.011
G1 X102.512 Y128.328 E-.00842
;WIPE_END
G1 X110.141 Y128.554 Z2.2
G1 X117.648 Y128.776 Z2.2
G1 Z1.8
G1 E.8 F1800
SET_VELOCITY_LIMIT ACCEL=500
;TYPE:Inner wall
;WIDTH:0.449999
G1 F6974
G1 X117.712 Y128.986 E.00708
G1 X117.685 Y129.253 E.00862
G1 X117.559 Y129.489 E.00862
G1 X117.352 Y129.659 E.00862
G1 X117.096 Y129.737 E.00862
G1 X116.829 Y129.71 E.00862
G1 X116.593 Y129.584 E.00862
G1 X116.423 Y129.377 E.00862
G1 X116.345 Y129.121 E.00862
G1 X116.372 Y128.854 E.00862
G1 X116.498 Y128.618 E.00862
G1 X116.705 Y128.448 E.00862
G1 X116.961 Y128.37 E.00862
G1 X117.228 Y128.397 E.00862
G1 X117.464 Y128.523 E.00862
G1 X117.634 Y128.73 E.00862
G1 X117.636 Y128.737 E.00025
G1 X118.023 Y128.662 F30000
;TYPE:Outer wall
;WIDTH:0.419999
G1 F6974
G1 X118.11 Y128.947 E.00888
G1 X118.068 Y129.369 E.01263
G1 X117.868 Y129.743 E.01263
G1 X117.541 Y130.012 E.01263
G1 X117.135 Y130.135 E.01263
G1 X116.713 Y130.093 E.01263
G1 X116.339 Y129.893 E.01263
G1 X116.071 Y129.566 E.01263
G1 X115.948 Y129.16 E.01263
G1 X115.989 Y128.738 E.01263
G1 X116.189 Y128.364 E.01263
G1 X116.517 Y128.096 E.01263
G1 X116.922 Y127.973 E.01263
G1 X117.344 Y128.014 E.01263
G1 X117.718 Y128.214 E.01263
G1 X117.987 Y128.542 E.01263
G1 X118.011 Y128.624 E.00256
SET_VELOCITY_LIMIT ACCEL=3000
G1 E-.728 F1800
;WIPE_START
G1 F30000
G1 X118.11 Y128.947 E-.02028
G1 X118.068 Y129.369 E-.02543
G1 X117.868 Y129.743 E-.02543
G1 X117.857 Y129.752 E-.00086
;WIPE_END
G1 X116.799 Y128.984 Z2.2
G1 Z1.8
G1 E.8 F1800
SET_VELOCITY_LIMIT ACCEL=500
;TYPE:Internal solid infill
;WIDTH:0.512627
G1 F6974
G1 X116.817 Y129.166 E.0068
G1 X116.959 Y129.283 E.0068
G1 X117.141 Y129.265 E.0068
G1 X117.258 Y129.123 E.0068
G1 X117.24 Y128.941 E.0068
G1 X117.098 Y128.824 E.0068
G1 X116.916 Y128.842 E.00681
G1 X116.825 Y128.953 E.00532
SET_VELOCITY_LIMIT ACCEL=3000
G1 E-.728 F1800
;WIPE_START
G1 F30000
G1 X116.916 Y128.842 E-.0086
G1 X117.098 Y128.824 E-.011
G1 X117.24 Y128.941 E-.01099
G1 X117.258 Y129.123 E-.011
G1 X117.141 Y129.265 E-.011
G1 X116.959 Y129.283 E-.011
G1 X116.851 Y129.194 E-.00842
;WIPE_END
G1 X114.733 Y121.861 Z2.2
G1 X114 Y119.325 Z2.2
G1 Z1.8
G1 E.8 F1800
SET_VELOCITY_LIMIT ACCEL=500
;TYPE:Inner wall
;WIDTH:0.449999
G1 F6974
G1 X113.984 Y119.273 E.00175
G1 X114.01 Y119.006 E.00862
G1 X114.137 Y118.77 E.00862
G1 X114.344 Y118.6 E.00862
G1 X114.6 Y118.522 E.00862
G1 X114.867 Y118.548 E.00862
G1 X115.103 Y118.675 E.00862
G1 X115.273 Y118.882 E.00862
G1 X115.35 Y119.138 E.00862
G1 X115.324 Y119.404 E.00862
G1 X115.198 Y119.641 E.00862
G1 X114.991 Y119.811 E.00862
G1 X114.735 Y119.888 E.00862
G1 X114.468 Y119.862 E.00862
G1 X114.232 Y119.736 E.00862
G1 X114.062 Y119.529 E.00862
G1 X114.012 Y119.363 E.00558
G1 X113.625 Y119.438 F30000
;TYPE:Outer wall
;WIDTH:0.419999
G1 F6974
G1 X113.586 Y119.312 E.00395
G1 X113.628 Y118.89 E.01263
G1 X113.828 Y118.516 E.01263
G1 X114.155 Y118.247 E.01263
G1 X114.561 Y118.124 E.01263
G1 X114.983 Y118.166 E.01263
G1 X115.356 Y118.366 E.01263
G1 X115.625 Y118.693 E.01263
G1 X115.748 Y119.099 E.01263
G1 X115.707 Y119.521 E.01263
G1 X115.507 Y119.894 E.01263
G1 X115.179 Y120.163 E.01263
G1 X114.774 Y120.286 E.01263
G1 X114.352 Y120.245 E.01263
G1 X113.978 Y120.045 E.01263
G1 X113.709 Y119.717 E.01263
G1 X113.636 Y119.477 E.00749
SET_VELOCITY_LIMIT ACCEL=3000
G1 E-.728 F1800
;WIPE_START
G1 F30000
G1 X113.586 Y119.312 E-.01035
G1 X113.628 Y118.89 E-.02543
G1 X113.828 Y118.516 E-.02543
G1 X113.967 Y118.402 E-.0108
;WIPE_END
G1 X114.598 Y119.434 Z2.2
G1 Z1.8
G1 E.8 F1800
SET_VELOCITY_LIMIT ACCEL=500
;TYPE:Internal solid infill
;WIDTH:0.512622
G1 F6974
G1 X114.78 Y119.416 E.0068
G1 X114.896 Y119.275 E.0068
G1 X114.878 Y119.092 E.0068
G1 X114.737 Y118.976 E.0068
G1 X114.554 Y118.994 E.00681
G1 X114.438 Y119.136 E.0068
G1 X114.456 Y119.318 E.0068
G1 X114.567 Y119.409 E.00532
;LAYER_CHANGE
;Z:2
;HEIGHT:0.2
;BEFORE_LAYER_CHANGE
;2
G92 E0

G1 E-.728 F1800
;WIPE_START
G1 F30000
G1 X114.456 Y119.318 E-.0086
G1 X114.438 Y119.136 E-.011
G1 X114.554 Y118.994 E-.011
G1 X114.737 Y118.976 E-.011
G1 X114.878 Y119.092 E-.01099
G1 X114.896 Y119.275 E-.011
G1 X114.807 Y119.383 E-.00842
;WIPE_END
M73 L10
;LAYER:10
SET_PRINT_STATS_INFO TOTAL_LAYER=16 CURRENT_LAYER=10
;_SET_FAN_SPEED_CHANGING_LAYER
SET_VELOCITY_LIMIT ACCEL=3000

G1 X115.436 Y120.232 Z2.05714
G1 X115.164 Y121.252 Z2.11429
G1 X114.196 Y121.676 Z2.17143
G1 X113.262 Y121.184 Z2.22857
G1 X113.064 Y120.147 Z2.28571
G1 X113.752 Y119.345 Z2.34286
G1 X114.807 Y119.383 Z2.4
G1 X145.256 Y135.421 Z2.4
G1 Z2
G1 E.8 F1800
SET_VELOCITY_LIMIT ACCEL=500
;TYPE:Inner wall
;WIDTH:0.449999
G1 F8247
G1 X144.739 Y135.214 E.01791
G1 X144.358 Y135.017 E.01379
G1 X144.004 Y134.772 E.01385
G1 X143.686 Y134.48 E.01391
G1 X143.365 Y134.078 E.01653
G1 X148.63 Y134.078 E.16941
G1 X148.198 Y134.594 E.02165
G1 X147.88 Y134.859 E.01331
G1 X147.465 Y135.113 E.01565
G1 X146.347 Y135.565 E.03882
G1 X145.922 Y135.623 E.0138
G1 X145.569 Y135.546 E.01163
G1 X145.293 Y135.436 E.00957
G1 X145.11 Y135.785 F30000
;TYPE:Outer wall
;WIDTH:0.419999
G1 F8247
G1 X144.593 Y135.578 E.0166
G1 X144.176 Y135.364 E.01397
G1 X143.778 Y135.092 E.01437
G1 X143.419 Y134.767 E.01443
G1 X143.105 Y134.395 E.01451
G1 X142.845 Y133.984 E.0145
G1 X142.716 Y133.686 E.00968
G1 X143.465 Y133.686 E.02232
G1 X148.545 Y133.686 E.15141
G1 X149.294 Y133.686 E.02232
G1 X149.062 Y134.143 E.01528
G1 X148.797 Y134.52 E.01373
G1 X148.485 Y134.861 E.01378
G1 X148.129 Y135.162 E.0139
G1 X147.684 Y135.446 E.01573
G1 X146.821 Y135.815 E.02797
G1 X146.338 Y135.982 E.01523
G1 X145.896 Y136.019 E.01322
G1 X145.453 Y135.922 E.01352
G1 X145.147 Y135.8 E.00982
SET_VELOCITY_LIMIT ACCEL=3000
G1 E-.728 F1800
;WIPE_START
G1 F30000
G1 X144.593 Y135.578 E-.0358
G1 X144.176 Y135.364 E-.02814
G1 X144.065 Y135.288 E-.00806
;WIPE_END
G1 X147.735 Y134.47 Z2.4
G1 Z2
G1 E.8 F1800
SET_VELOCITY_LIMIT ACCEL=500
;TYPE:Internal solid infill
G1 F8247
G1 X144.257 Y134.47 E.10367
G1 X144.866 Y134.841 E.02126
G1 X145.684 Y135.17 E.02628
G1 X146.004 Y135.223 E.00967
G1 X146.221 Y135.194 E.00652
G1 X147.311 Y134.753 E.03505
G1 X147.702 Y134.492 E.01399
SET_VELOCITY_LIMIT ACCEL=3000
G1 E-.728 F1800
;WIPE_START
G1 F30000
G1 X147.311 Y134.753 E-.02816
G1 X146.634 Y135.027 E-.04384
;WIPE_END
G1 X145.973 Y134.847 Z2.4
G1 Z2
M73 P75 R3
G1 E.8 F1800
SET_VELOCITY_LIMIT ACCEL=500
;WIDTH:0.419804
G1 F8247
G1 X146.062 Y134.844 E.00263
SET_VELOCITY_LIMIT ACCEL=3000
G1 E-.7947 F1800
;WIPE_START
G1 F30000
G1 X145.973 Y134.847 E-.0053
;WIPE_END
G1 X152.579 Y131.024 Z2.4
G1 X152.717 Y130.945 Z2.4
G1 Z2
G1 E.8 F1800
SET_VELOCITY_LIMIT ACCEL=500
;TYPE:Inner wall
;WIDTH:0.449999
G1 F8247
G1 X152.378 Y130.991 E.01098
G1 X151.71 Y130.96 E.02153
G1 X151.155 Y130.835 E.01829
G1 X150.639 Y130.628 E.01791
G1 X150.061 Y130.449 E.01945
G1 X149.809 Y130.475 E.00818
G1 X149.573 Y130.626 E.00901
G1 X149.157 Y131.104 E.02038
G1 X149.104 Y131.439 E.01092
G1 X149.175 Y131.983 E.01765
G1 X142.827 Y131.983 E.20427
G1 X142.86 Y131.605 E.0122
G1 X142.838 Y131.098 E.01635
G1 X142.783 Y130.875 E.00738
G1 X142.707 Y130.755 E.00457
G1 X142.573 Y130.636 E.00575
G1 X142.31 Y130.545 E.00898
G1 X141.692 Y130.503 E.01992
G1 X140.72 Y130.872 E.03344
G1 X140.189 Y130.975 E.01739
G1 X139.646 Y130.986 E.01749
G1 X139.15 Y130.917 E.01611
G1 X138.556 Y130.726 E.02007
G1 X138.003 Y130.41 E.02049
G1 X138.241 Y130.457 E.00778
G1 X138.617 Y130.468 E.01211
G1 X138.988 Y130.406 E.01211
G1 X139.328 Y130.277 E.0117
G1 X139.659 Y130.072 E.01252
G1 X140.005 Y129.726 E.01575
G1 X140.249 Y129.3 E.0158
G1 X140.39 Y128.797 E.0168
G1 X140.401 Y128.458 E.01092
G1 X140.339 Y128.05 E.01329
G1 X140.205 Y127.698 E.01211
G1 X140.005 Y127.379 E.01211
G1 X139.668 Y127.039 E.01541
G1 X139.286 Y126.811 E.01433
G1 X138.823 Y126.667 E.01559
G1 X138.382 Y126.637 E.01423
G1 X137.983 Y126.699 E.013
G1 X137.531 Y126.887 E.01575
G1 X137.135 Y127.194 E.01612
G1 X136.82 Y127.598 E.01648
;WIDTH:0.45859
G1 X136.628 Y128.049 E.01611
G1 X136.662 Y127.543 E.01666
;WIDTH:0.449999
G1 X136.761 Y126.961 E.019
G1 X136.979 Y126.402 E.01933
G1 X137.318 Y125.847 E.02092
G1 X137.667 Y125.472 E.01647
G1 X138.225 Y125.055 E.02243
G1 X138.714 Y124.821 E.01745
G1 X139.712 Y124.55 E.03327
G1 X140.135 Y124.282 E.01609
G1 X140.319 Y124.095 E.00845
G1 X140.404 Y123.816 E.00938
G1 X140.35 Y123.547 E.00883
G1 X140.093 Y123.009 E.01918
G1 X139.724 Y122.591 E.01796
G1 X139.376 Y122.055 E.02056
G1 X139.131 Y121.472 E.02035
G1 X139.019 Y120.849 E.02036
G1 X139.018 Y120.216 E.02036
G1 X139.156 Y119.598 E.02037
G1 X139.403 Y119.01 E.02053
G1 X139.803 Y118.367 E.02437
G1 X140.132 Y117.935 E.01746
G1 X140.41 Y117.75 E.01075
G1 X140.784 Y117.624 E.01269
G1 X141.695 Y117.411 E.03009
G1 X142.327 Y117.381 E.02036
G1 X142.952 Y117.463 E.02029
G1 X143.547 Y117.681 E.02039
G1 X144.093 Y117.999 E.02034
G1 X144.557 Y118.43 E.02036
G1 X144.94 Y118.938 E.02049
G1 X145.23 Y119.462 E.01926
G1 X145.446 Y119.623 E.00866
G1 X146.051 Y119.852 E.02081
G1 X146.302 Y119.819 E.00815
G1 X146.539 Y119.658 E.00922
G1 X146.879 Y119.24 E.01735
G1 X147.098 Y118.883 E.01346
G1 X147.426 Y118.436 E.01786
G1 X147.817 Y118.074 E.01713
G1 X148.288 Y117.763 E.01815
G1 X148.849 Y117.52 E.01968
G1 X149.391 Y117.405 E.01784
G1 X150.055 Y117.384 E.02138
G1 X149.813 Y117.486 E.00846
G1 X149.494 Y117.685 E.01211
G1 X149.22 Y117.944 E.01211
G1 X149.001 Y118.25 E.01211
G1 X148.865 Y118.551 E.01062
G1 X148.763 Y118.96 E.01359
G1 X148.77 Y119.485 E.01689
G1 X148.916 Y119.983 E.01668
G1 X149.147 Y120.379 E.01476
G1 X149.406 Y120.653 E.01211
G1 X149.712 Y120.871 E.01211
G1 X150.056 Y121.025 E.01211
G1 X150.423 Y121.11 E.01211
G1 X150.799 Y121.121 E.01211
G1 X151.164 Y121.06 E.0119
G1 X151.522 Y120.925 E.01232
G1 X151.841 Y120.725 E.01211
G1 X152.187 Y120.379 E.01575
G1 X152.437 Y119.939 E.01629
G1 X152.572 Y119.45 E.01631
G1 X152.576 Y119.004 E.01436
G1 X152.784 Y119.431 E.01527
G1 X152.949 Y120.011 E.01941
G1 X152.991 Y120.631 E.02001
G1 X152.937 Y121.163 E.0172
G1 X152.805 Y121.659 E.01653
G1 X152.57 Y122.151 E.01753
G1 X152.167 Y122.711 E.02221
G1 X151.8 Y123.103 E.01728
G1 X151.673 Y123.309 E.00779
G1 X151.647 Y123.597 E.0093
G1 X151.766 Y124.084 E.01613
G1 X151.889 Y124.324 E.00869
G1 X152.126 Y124.489 E.00927
G1 X153.126 Y124.762 E.03335
G1 X153.592 Y124.957 E.01626
G1 X154.104 Y125.282 E.01952
G1 X154.49 Y125.63 E.01672
G1 X154.825 Y126.055 E.01741
G1 X155.063 Y126.495 E.0161
G1 X155.254 Y127.046 E.01876
G1 X155.347 Y127.619 E.01869
G1 X155.394 Y128.484 E.02786
G1 X155.345 Y128.804 E.01042
G1 X155.185 Y129.145 E.01212
G1 X154.891 Y129.508 E.01503
G1 X154.944 Y129.087 E.01367
G1 X154.882 Y128.551 E.01737
G1 X154.748 Y128.199 E.01211
G1 X154.551 Y127.884 E.01195
G1 X154.353 Y127.669 E.00941
G1 X153.984 Y127.388 E.01495
G1 X153.531 Y127.2 E.01575
G1 X153.025 Y127.138 E.0164
G1 X152.526 Y127.2 E.0162
G1 X152.174 Y127.334 E.01211
G1 X151.855 Y127.534 E.01211
G1 X151.581 Y127.792 E.01211
G1 X151.363 Y128.099 E.01211
G1 X151.218 Y128.418 E.01127
G1 X151.124 Y128.809 E.01294
G1 X151.113 Y129.185 E.01211
G1 X151.175 Y129.556 E.01211
G1 X151.309 Y129.908 E.01211
G1 X151.509 Y130.227 E.01211
G1 X151.767 Y130.501 E.01211
G1 X152.056 Y130.708 E.01143
G1 X152.403 Y130.868 E.01229
G1 X152.678 Y130.935 E.00911
SET_VELOCITY_LIMIT ACCEL=3000
G1 E-.728 F1800
;WIPE_START
G1 F30000
G1 X152.378 Y130.991 E-.01826
G1 X151.71 Y130.96 E-.04015
G1 X151.489 Y130.91 E-.01359
;WIPE_END
G1 X154.132 Y130.733 Z2.4
G1 Z2
G1 E.8 F1800
SET_VELOCITY_LIMIT ACCEL=500
;TYPE:Outer wall
;WIDTH:0.499805
G1 F8247
G1 X153.952 Y130.855 E.00786
G1 X153.375 Y131.158 E.02353
;WIDTH:0.453869
G1 X152.881 Y131.318 E.01688
;WIDTH:0.419999
G1 X152.38 Y131.383 E.01506
G1 X151.66 Y131.349 E.02148
G1 X151.054 Y131.214 E.0185
G1 X150.554 Y131.014 E.01605
G1 X150.053 Y130.847 E.01574
G1 X149.893 Y130.866 E.0048
G1 X149.542 Y131.228 E.01503
G1 X149.492 Y131.384 E.00488
G1 X149.56 Y131.86 E.01433
G1 X149.583 Y132.375 E.01537
G1 X148.834 Y132.375 E.02232
G1 X143.171 Y132.375 E.16879
G1 X142.422 Y132.375 E.02232
G1 X142.416 Y132.154 E.00659
G1 X142.469 Y131.623 E.01591
G1 X142.428 Y131.043 E.01733
G1 X142.313 Y130.943 E.00454
G1 X141.783 Y130.891 E.01587
G1 X141.584 Y130.954 E.00622
G1 X140.981 Y131.197 E.01938
G1 X140.378 Y131.347 E.01852
G1 X139.841 Y131.391 E.01606
G1 X139.318 Y131.35 E.01564
G1 X138.829 Y131.242 E.01493
G1 X138.146 Y130.959 E.02204
;WIDTH:0.443328
G1 X137.662 Y130.638 E.01839
;WIDTH:0.492208
G1 X137.488 Y130.45 E.00909
;WIDTH:0.541087
G1 X136.895 Y129.807 E.03446
;WIDTH:0.526236
G1 X136.708 Y129.544 E.0123
;WIDTH:0.552429
G1 X136.432 Y129.129 E.02007
;WIDTH:0.510678
G1 X136.343 Y128.976 E.00654
;WIDTH:0.468926
G1 X136.255 Y128.823 E.00596
;WIDTH:0.427174
G1 X136.21 Y128.317 E.01543
;WIDTH:0.419999
G1 X136.29 Y127.309 E.03014
G1 X136.431 Y126.715 E.01819
G1 X136.628 Y126.227 E.0157
G1 X136.973 Y125.658 E.01983
G1 X137.323 Y125.251 E.01601
G1 X137.747 Y124.899 E.01643
G1 X138.342 Y124.555 E.02047
G1 X138.871 Y124.358 E.01681
G1 X139.445 Y124.239 E.01747
G1 X139.843 Y124.003 E.01382
G1 X139.996 Y123.868 E.00605
G1 X139.995 Y123.713 E.00465
G1 X139.738 Y123.192 E.01728
G1 X139.298 Y122.669 E.02039
G1 X139.03 Y122.238 E.01513
G1 X138.754 Y121.583 E.02116
G1 X138.628 Y120.884 E.02118
G1 X138.628 Y120.173 E.02118
G1 X138.783 Y119.479 E.02119
G1 X139.058 Y118.822 E.02124
G1 X139.504 Y118.105 E.02517
G1 X139.867 Y117.64 E.01759
G1 X140.236 Y117.395 E.0132
G1 X140.676 Y117.247 E.01385
G1 X141.395 Y117.078 E.022
G1 X142.104 Y116.98 E.02132
G1 X142.813 Y117.041 E.0212
G1 X143.498 Y117.225 E.02116
G1 X144.128 Y117.555 E.0212
G1 X144.689 Y117.991 E.02117
G1 X145.155 Y118.559 E.0219
G1 X145.508 Y119.177 E.0212
G1 X145.6 Y119.263 E.00377
G1 X146.108 Y119.462 E.01626
G1 X146.25 Y119.392 E.00471
G1 X146.609 Y118.939 E.01723
G1 X146.891 Y118.484 E.01596
G1 X147.283 Y118.027 E.01794
G1 X147.766 Y117.622 E.01879
G1 X148.22 Y117.352 E.01576
G1 X148.709 Y117.151 E.01575
G1 X149.208 Y117.031 E.0153
G1 X149.8 Y116.986 E.0177
G1 X150.485 Y117.049 E.0205
;WIDTH:0.460721
G1 X150.715 Y117.124 E.00798
;WIDTH:0.501443
G1 X150.945 Y117.198 E.00876
;WIDTH:0.511967
G1 X151.499 Y117.345 E.02123
;WIDTH:0.532154
G1 X151.953 Y117.579 E.01977
G1 X152.312 Y117.943 E.01976
;WIDTH:0.556793
G1 X152.647 Y118.488 E.02598
G1 X152.726 Y118.583 E.00501
;WIDTH:0.516577
G1 X152.806 Y118.677 E.00462
;WIDTH:0.476361
G1 X152.885 Y118.771 E.00422
;WIDTH:0.436144
G1 X153.099 Y119.163 E.01386
;WIDTH:0.419999
G1 X153.291 Y119.752 E.01848
G1 X153.382 Y120.343 E.01782
G1 X153.379 Y120.869 E.01567
G1 X153.289 Y121.402 E.01612
G1 X153.097 Y121.968 E.01781
G1 X152.78 Y122.559 E.01998
G1 X152.472 Y122.958 E.01505
G1 X152.084 Y123.373 E.01693
G1 X152.032 Y123.497 E.004
G1 X152.146 Y123.99 E.0151
G1 X152.245 Y124.114 E.00472
G1 X152.969 Y124.314 E.02238
G1 X153.478 Y124.479 E.01593
G1 X154.021 Y124.747 E.01806
G1 X154.488 Y125.079 E.01708
G1 X154.883 Y125.481 E.01678
G1 X155.231 Y125.972 E.01796
G1 X155.519 Y126.567 E.01969
G1 X155.672 Y127.089 E.01621
G1 X155.738 Y127.598 E.01531
G1 X155.785 Y128.463 E.02581
G1 X155.731 Y128.871 E.01228
G1 X155.534 Y129.324 E.01473
G1 X155.33 Y129.591 E.00999
;WIDTH:0.452202
G1 X154.833 Y130.165 E.02457
;WIDTH:0.497763
G1 X154.342 Y130.591 E.02338
;WIDTH:0.499805
G1 X154.165 Y130.711 E.00771
SET_VELOCITY_LIMIT ACCEL=3000
G1 E-.728 F1800
;WIPE_START
G1 F30000
G1 X153.952 Y130.855 E-.01546
G1 X153.375 Y131.158 E-.03909
G1 X153.098 Y131.247 E-.01745
;WIPE_END
G1 X153.712 Y127.693 Z2.4
G1 Z2
M73 P76 R3
G1 E.8 F1800
SET_VELOCITY_LIMIT ACCEL=500
;WIDTH:0.419999
G1 F8247
G1 X153.288 Y127.552 E.01332
G1 X152.897 Y127.53 E.01166
G1 X152.505 Y127.621 E.01199
G1 X152.073 Y127.86 E.01472
G1 X151.858 Y128.069 E.00894
G1 X151.689 Y128.316 E.00894
G1 X151.581 Y128.568 E.00816
G1 X151.509 Y128.885 E.0097
G1 X151.505 Y129.185 E.00894
G1 X151.56 Y129.48 E.00894
G1 X151.671 Y129.758 E.00894
G1 X151.835 Y130.009 E.00894
G1 X152.044 Y130.224 E.00894
G1 X152.274 Y130.382 E.0083
G1 X152.553 Y130.506 E.0091
G1 X152.897 Y130.577 E.01048
;WIDTH:0.469948
G1 X153.181 Y130.574 E.00958
;WIDTH:0.519897
G1 X153.465 Y130.571 E.0107
G1 X153.904 Y130.35 E.01853
;WIDTH:0.514785
G1 X154.262 Y130.036 E.01779
G1 X154.374 Y129.775 E.01057
;WIDTH:0.467392
G1 X154.487 Y129.515 E.00951
;WIDTH:0.419999
G1 X154.552 Y129.087 E.01291
G1 X154.497 Y128.627 E.0138
G1 X154.368 Y128.316 E.01003
G1 X154.076 Y127.946 E.01406
G1 X153.755 Y127.707 E.01192
G1 X153.75 Y127.705 E.00019
SET_VELOCITY_LIMIT ACCEL=3000
G1 E-.728 F1800
;WIPE_START
G1 F30000
G1 X153.288 Y127.552 E-.02921
G1 X152.897 Y127.53 E-.02347
G1 X152.583 Y127.603 E-.01932
;WIPE_END
G1 X150.557 Y120.726 Z2.4
G1 Z2
G1 E.8 F1800
SET_VELOCITY_LIMIT ACCEL=500
G1 F8247
G1 X150.799 Y120.729 E.00721
G1 X151.087 Y120.675 E.00874
G1 X151.501 Y120.481 E.01363
G1 X151.838 Y120.19 E.01327
G1 X152.075 Y119.789 E.01388
G1 X152.191 Y119.337 E.01391
;WIDTH:0.465597
G1 X152.19 Y119.13 E.0069
;WIDTH:0.511195
G1 X152.189 Y118.924 E.00764
;WIDTH:0.556793
G1 X152.188 Y118.717 E.00838
G1 X151.905 Y118.215 E.02343
;WIDTH:0.531859
G1 X151.691 Y117.996 E.01185
;WIDTH:0.530079
G1 X151.431 Y117.826 E.01196
;WIDTH:0.513915
G1 X151.143 Y117.712 E.0115
;WIDTH:0.496987
G1 X150.799 Y117.643 E.01262
G1 X150.52 Y117.69 E.01015
;WIDTH:0.458493
G1 X150.241 Y117.737 E.00929
;WIDTH:0.419999
G1 X149.963 Y117.848 E.00894
G1 X149.711 Y118.011 E.00894
G1 X149.497 Y118.221 E.00894
G1 X149.327 Y118.468 E.00894
G1 X149.227 Y118.701 E.00755
G1 X149.147 Y119.037 E.0103
G1 X149.147 Y119.373 E.01003
G1 X149.278 Y119.833 E.01424
G1 X149.473 Y120.161 E.01138
G1 X149.683 Y120.376 E.00894
G1 X149.93 Y120.545 E.00894
G1 X150.206 Y120.663 E.00894
G1 X150.499 Y120.725 E.00894
G1 X150.517 Y120.725 E.00053
SET_VELOCITY_LIMIT ACCEL=3000
G1 E-.728 F1800
;WIPE_START
G1 F30000
G1 X150.799 Y120.729 E-.01692
G1 X151.087 Y120.675 E-.0176
G1 X151.501 Y120.481 E-.02744
G1 X151.628 Y120.371 E-.01005
;WIPE_END
G1 X145.548 Y124.986 Z2.4
G1 X139.742 Y129.393 Z2.4
G1 Z2
G1 E.8 F1800
SET_VELOCITY_LIMIT ACCEL=500
G1 F8247
G1 X139.887 Y129.15 E.00842
G1 X140.005 Y128.721 E.01327
G1 X140.009 Y128.458 E.00783
G1 X139.954 Y128.126 E.01002
G1 X139.843 Y127.848 E.00894
G1 X139.679 Y127.597 E.00894
G1 X139.47 Y127.382 E.00894
G1 X139.136 Y127.173 E.01175
G1 X138.654 Y127.033 E.01496
G1 X138.273 Y127.042 E.01137
G1 X137.786 Y127.193 E.0152
G1 X137.53 Y127.359 E.00908
G1 X137.225 Y127.697 E.01356
G1 X137.027 Y128.091 E.01315
G1 X136.962 Y128.421 E.01003
;WIDTH:0.467109
G1 X136.958 Y128.617 E.00655
;WIDTH:0.514219
G1 X136.955 Y128.812 E.00728
;WIDTH:0.561328
G1 X136.951 Y129.008 E.00801
G1 X137.106 Y129.316 E.01416
;WIDTH:0.515842
G1 X137.47 Y129.755 E.02129
;WIDTH:0.521804
G1 X137.761 Y129.957 E.01345
G1 X137.947 Y129.996 E.00716
;WIDTH:0.487869
G1 X138.132 Y130.034 E.00665
;WIDTH:0.453934
G1 X138.317 Y130.073 E.00615
;WIDTH:0.419999
G1 X138.617 Y130.076 E.00894
G1 X138.919 Y130.02 E.00917
G1 X139.359 Y129.802 E.01463
G1 X139.656 Y129.537 E.01185
G1 X139.722 Y129.427 E.00382
SET_VELOCITY_LIMIT ACCEL=3000
G1 E-.728 F1800
;WIPE_START
G1 F30000
G1 X139.887 Y129.15 E-.01935
G1 X140.005 Y128.721 E-.02671
G1 X140.009 Y128.458 E-.01576
G1 X139.981 Y128.291 E-.01017
;WIPE_END
G1 X136.596 Y128.684 Z2.4
G1 Z2
G1 E.8 F1800
SET_VELOCITY_LIMIT ACCEL=500
;TYPE:Inner wall
;WIDTH:0.426618
G1 F8247
G1 X136.592 Y128.31 E.01134
;WIDTH:0.45859
G1 X136.628 Y128.049 E.00866
SET_VELOCITY_LIMIT ACCEL=3000
G1 E-.76175 F1800
;WIPE_START
G1 F30000
G1 X136.592 Y128.31 E-.01581
G1 X136.596 Y128.684 E-.02244
;WIPE_END
G1 X142.81 Y130.367 Z2.4
G1 Z2
G1 E.8 F1800
SET_VELOCITY_LIMIT ACCEL=500
;TYPE:Internal solid infill
;WIDTH:0.385261
G1 F8247
G1 X143.013 Y130.568 E.00774
G1 X143.131 Y130.797 E.00697
G1 X143.237 Y131.592 E.0217
G1 X143.283 Y131.608 E.00132
G1 X143.453 Y131.546 E.00489
G1 X148.536 Y131.546 E.13754
G1 X148.727 Y131.589 E.0053
G1 X148.815 Y131.005 E.01598
G1 X148.998 Y130.711 E.00936
G1 X149.381 Y130.316 E.01488
G1 X149.719 Y130.128 E.01047
G1 X150.053 Y130.09 E.00909
G1 X150.273 Y130.126 E.00604
G1 X150.825 Y130.309 E.01572
;WIDTH:0.405569
G1 X150.895 Y130.306 E.00203
;WIDTH:0.450866
G1 X150.966 Y130.304 E.00228
;WIDTH:0.496164
G1 X151.037 Y130.302 E.00253
G1 X151.019 Y130.221 E.00296
;WIDTH:0.450866
G1 X151.001 Y130.14 E.00267
;WIDTH:0.383207
G1 X150.822 Y129.632 E.01449
G1 X150.759 Y129.22 E.0112
G1 X150.76 Y128.799 E.01134
G1 X150.875 Y128.302 E.01371
G1 X151.015 Y127.977 E.00953
G1 X151.233 Y127.65 E.01057
G1 X151.587 Y127.289 E.0136
G1 X151.966 Y127.033 E.0123
G1 X152.457 Y126.845 E.01416
G1 X152.828 Y126.779 E.01011
G1 X153.187 Y126.779 E.00966
G1 X153.69 Y126.874 E.01378
G1 X154.154 Y127.069 E.01354
G1 X154.677 Y127.478 E.01784
;WIDTH:0.407331
G1 X154.743 Y127.512 E.00214
;WIDTH:0.456151
G1 X154.809 Y127.546 E.00243
;WIDTH:0.504972
G1 X154.876 Y127.58 E.00272
G1 X154.897 Y127.491 E.00331
;WIDTH:0.456151
G1 X154.918 Y127.403 E.00296
;WIDTH:0.383606
G1 X154.94 Y127.315 E.00244
G1 X154.825 Y126.859 E.01266
G1 X154.507 Y126.228 E.01902
G1 X154.012 Y125.668 E.02013
G1 X153.388 Y125.257 E.02013
G1 X153.003 Y125.103 E.01116
G1 X152.086 Y124.849 E.02562
G1 X151.755 Y124.681 E.01001
G1 X151.517 Y124.402 E.00988
G1 X151.4 Y124.101 E.00869
G1 X151.285 Y123.567 E.01469
G1 X151.343 Y123.164 E.01097
G1 X151.49 Y122.908 E.00796
G1 X151.868 Y122.492 E.01514
G1 X152.302 Y121.896 E.01984
G1 X152.564 Y121.196 E.02014
G1 X152.604 Y120.808 E.01049
;WIDTH:0.42479
G1 X152.58 Y120.756 E.00174
;WIDTH:0.468746
G1 X152.556 Y120.703 E.00194
;WIDTH:0.512702
G1 X152.532 Y120.651 E.00214
;WIDTH:0.51571
G1 X152.48 Y120.68 E.0022
;WIDTH:0.47777
G1 X152.429 Y120.708 E.00203
;WIDTH:0.43983
G1 X152.378 Y120.737 E.00185
;WIDTH:0.383099
G1 X152.326 Y120.766 E.00158
G1 X152.136 Y120.951 E.00713
G1 X151.69 Y121.245 E.01437
G1 X151.238 Y121.414 E.01296
G1 X150.864 Y121.48 E.01022
G1 X150.424 Y121.475 E.01183
G1 X149.92 Y121.354 E.01395
G1 X149.561 Y121.202 E.01048
G1 X149.149 Y120.908 E.01362
G1 X148.901 Y120.65 E.00961
G1 X148.62 Y120.194 E.01441
G1 X148.459 Y119.778 E.01199
G1 X148.39 Y119.335 E.01206
G1 X148.397 Y118.97 E.00982
G1 X148.523 Y118.445 E.01451
;WIDTH:0.402126
G1 X148.533 Y118.365 E.00228
;WIDTH:0.440536
G1 X148.543 Y118.285 E.00253
;WIDTH:0.478947
G1 X148.552 Y118.206 E.00277
;WIDTH:0.517357
G1 X148.562 Y118.126 E.00301
G1 X148.488 Y118.143 E.00285
;WIDTH:0.478947
G1 X148.414 Y118.159 E.00262
;WIDTH:0.440536
G1 X148.34 Y118.176 E.00239
;WIDTH:0.382992
G1 X148.266 Y118.193 E.00204
G1 X147.949 Y118.43 E.01062
G1 X147.475 Y118.96 E.01911
G1 X147.162 Y119.465 E.01598
G1 X146.737 Y119.97 E.01773
G1 X146.397 Y120.165 E.01053
G1 X146.056 Y120.21 E.00925
G1 X145.731 Y120.139 E.00895
G1 X145.187 Y119.894 E.01603
G1 X144.983 Y119.724 E.00713
G1 X144.635 Y119.133 E.01844
G1 X144.177 Y118.549 E.01995
G1 X143.58 Y118.099 E.0201
G1 X142.886 Y117.822 E.02009
G1 X142.317 Y117.743 E.01543
G1 X141.77 Y117.767 E.01471
G1 X140.88 Y117.986 E.02465
G1 X140.553 Y118.089 E.0092
G1 X140.361 Y118.225 E.00633
G1 X140.181 Y118.443 E.0076
G1 X139.713 Y119.201 E.02395
G1 X139.451 Y119.867 E.01923
G1 X139.363 Y120.609 E.0201
G1 X139.474 Y121.348 E.02009
G1 X139.774 Y122.033 E.0201
G1 X140.382 Y122.793 E.02615
G1 X140.672 Y123.406 E.01825
G1 X140.752 Y123.654 E.007
G1 X140.716 Y124.092 E.01182
G1 X140.607 Y124.307 E.00646
G1 X140.37 Y124.559 E.00931
G1 X139.786 Y124.917 E.0184
G1 X139.126 Y125.068 E.01819
G1 X138.47 Y125.33 E.019
G1 X137.87 Y125.775 E.02006
G1 X137.552 Y126.164 E.01353
;WIDTH:0.403775
G1 X137.538 Y126.224 E.00176
;WIDTH:0.445485
G1 X137.524 Y126.285 E.00197
;WIDTH:0.487195
G1 X137.51 Y126.345 E.00217
;WIDTH:0.528905
G1 X137.497 Y126.405 E.00237
G1 X137.704 Y126.373 E.00806
;WIDTH:0.487195
G1 X137.912 Y126.341 E.00737
;WIDTH:0.445485
G1 X138.119 Y126.31 E.00668
;WIDTH:0.383642
G1 X138.326 Y126.278 E.00565
G1 X138.801 Y126.297 E.0128
G1 X139.145 Y126.367 E.00945
G1 X139.502 Y126.511 E.01036
G1 X139.937 Y126.8 E.01407
G1 X140.273 Y127.134 E.01275
G1 X140.508 Y127.505 E.01183
G1 X140.683 Y127.942 E.01266
G1 X140.763 Y128.424 E.01315
G1 X140.754 Y128.805 E.01029
G1 X140.686 Y129.15 E.00947
G1 X140.494 Y129.62 E.01367
G1 X140.223 Y130.031 E.01324
G1 X139.85 Y130.387 E.01389
;WIDTH:0.402581
G1 X139.826 Y130.423 E.00125
;WIDTH:0.441903
G1 X139.802 Y130.46 E.00139
;WIDTH:0.481224
G1 X139.778 Y130.497 E.00153
;WIDTH:0.520546
G1 X139.754 Y130.534 E.00166
;WIDTH:0.522827
G1 X139.784 Y130.555 E.00141
;WIDTH:0.488069
G1 X139.815 Y130.576 E.00131
;WIDTH:0.453311
G1 X139.846 Y130.597 E.00121
;WIDTH:0.422679
G1 X139.931 Y130.611 E.00261
;WIDTH:0.3837
G1 X140.017 Y130.624 E.00234
G1 X140.564 Y130.541 E.01491
G1 X141.452 Y130.191 E.02571
G1 X141.85 Y130.142 E.01079
G1 X142.4 Y130.197 E.01488
G1 X142.773 Y130.351 E.01088
SET_VELOCITY_LIMIT ACCEL=3000
G1 E-.728 F1800
;WIPE_START
G1 F30000
G1 X142.4 Y130.197 E-.02424
G1 X141.85 Y130.142 E-.03315
G1 X141.608 Y130.172 E-.01461
;WIPE_END
G1 X149.238 Y129.965 Z2.4
G1 X150.238 Y129.938 Z2.4
G1 Z2
G1 E.8 F1800
SET_VELOCITY_LIMIT ACCEL=500
;TYPE:Sparse infill
;WIDTH:0.45
G1 F8247
G1 X150.468 Y129.708 E.01048
G1 X150.393 Y129.243 E.01515
G1 X150.396 Y128.772 E.01515
G1 X150.524 Y128.204 E.01873
G1 X150.687 Y127.819 E.01347
G1 X150.928 Y127.446 E.01428
G1 X151.302 Y127.052 E.01749
G1 X151.781 Y126.717 E.0188
G1 X152.344 Y126.499 E.01941
G1 X152.779 Y126.418 E.01425
G1 X153.183 Y126.415 E.01301
G1 X153.675 Y126.501 E.01606
G1 X154.006 Y126.17 E.01506
G1 X153.762 Y125.929 E.01103
G1 X153.5 Y125.734 E.01051
G1 X153.215 Y125.575 E.01052
G1 X152.898 Y125.449 E.01096
G1 X151.964 Y125.197 E.03111
G1 X151.747 Y125.115 E.00749
G1 X151.525 Y124.975 E.00843
G1 X151.442 Y124.896 E.00369
G1 X145.078 Y131.26 E.2896
G1 X143.569 Y131.26 E.04856
G1 X143.552 Y130.989 E.00873
G1 X143.476 Y130.682 E.01017
G1 X143.394 Y130.491 E.00669
G1 X143.309 Y130.357 E.00512
G1 X143.223 Y130.25 E.0044
G1 X142.983 Y130.039 E.01028
G1 X142.735 Y129.908 E.00903
G1 X142.623 Y129.877 E.00374
G1 X150.659 Y121.841 E.36571
G1 X150.404 Y121.84 E.00822
M73 P77 R3
G1 X150.001 Y121.763 E.0132
G1 X149.799 Y121.702 E.0068
G1 X149.397 Y121.528 E.0141
G1 X148.924 Y121.194 E.01863
G1 X148.628 Y120.893 E.01358
G1 X148.388 Y120.544 E.01364
G1 X148.294 Y120.368 E.00641
G1 X140.976 Y127.686 E.33301
M73 P77 R2
G1 X140.79 Y127.26 E.01495
G1 X140.538 Y126.88 E.01468
G1 X140.168 Y126.521 E.01658
G1 X139.955 Y126.366 E.00849
G1 X139.637 Y126.173 E.01197
G1 X139.236 Y126.014 E.01386
G1 X138.878 Y125.946 E.01175
G1 X139.452 Y125.372 E.02614
G1 X139.708 Y125.324 E.00836
G1 X139.945 Y125.247 E.00805
G1 X140.599 Y124.843 E.02473
G1 X140.786 Y124.676 E.00805
G1 X140.942 Y124.469 E.00835
G1 X141.072 Y124.182 E.01013
G1 X141.13 Y123.851 E.01081
G1 X141.119 Y123.705 E.00472
G1 X144.783 Y120.041 E.16674
G1 X144.556 Y119.762 E.01158
G1 X144.32 Y119.312 E.01634
G1 X144.13 Y119.036 E.0108
G1 X143.911 Y118.793 E.01051
G1 X143.662 Y118.582 E.01051
G1 X143.387 Y118.405 E.01052
G1 X143.091 Y118.266 E.01052
G1 X142.809 Y118.177 E.0095
G1 X139.655 Y121.332 E.14356
SET_VELOCITY_LIMIT ACCEL=3000
G1 E-.728 F1800
;WIPE_START
G1 F30000
G1 X140.503 Y120.483 E-.072
;WIPE_END
G1 X133.065 Y122.196 Z2.4
G1 X102.744 Y129.178 Z2.4
G1 Z2
G1 E.8 F1800
SET_VELOCITY_LIMIT ACCEL=500
;TYPE:Inner wall
;WIDTH:0.449999
G1 F8247
G1 X102.553 Y129.236 E.00644
G1 X102.286 Y129.21 E.00862
G1 X102.05 Y129.083 E.00862
G1 X101.88 Y128.876 E.00862
G1 X101.802 Y128.62 E.00862
G1 X101.829 Y128.353 E.00862
G1 X101.955 Y128.117 E.00862
G1 X102.162 Y127.947 E.00862
G1 X102.418 Y127.87 E.00862
G1 X102.685 Y127.896 E.00862
G1 X102.921 Y128.022 E.00861
G1 X103.091 Y128.229 E.00862
G1 X103.169 Y128.485 E.00862
G1 X103.142 Y128.752 E.00862
G1 X103.016 Y128.988 E.00862
G1 X102.809 Y129.158 E.00862
G1 X102.783 Y129.166 E.00089
G1 X102.858 Y129.553 F30000
;TYPE:Outer wall
;WIDTH:0.419999
G1 F8247
G1 X102.592 Y129.634 E.00829
G1 X102.17 Y129.592 E.01263
G1 X101.796 Y129.392 E.01263
G1 X101.528 Y129.065 E.01263
G1 X101.405 Y128.659 E.01263
G1 X101.446 Y128.237 E.01263
G1 X101.646 Y127.864 E.01263
G1 X101.973 Y127.595 E.01263
G1 X102.379 Y127.472 E.01263
G1 X102.801 Y127.513 E.01264
G1 X103.175 Y127.713 E.01263
G1 X103.443 Y128.041 E.01263
G1 X103.566 Y128.446 E.01263
G1 X103.525 Y128.868 E.01263
G1 X103.325 Y129.242 E.01263
G1 X102.998 Y129.511 E.01263
G1 X102.896 Y129.541 E.00315
SET_VELOCITY_LIMIT ACCEL=3000
G1 E-.728 F1800
;WIPE_START
G1 F30000
G1 X102.592 Y129.634 E-.01909
G1 X102.17 Y129.592 E-.02543
G1 X101.796 Y129.392 E-.02543
G1 X101.775 Y129.366 E-.00205
;WIPE_END
G1 X102.697 Y128.44 Z2.4
G1 Z2
G1 E.8 F1800
SET_VELOCITY_LIMIT ACCEL=500
;TYPE:Internal solid infill
;WIDTH:0.512623
G1 F8247
G1 X102.555 Y128.324 E.0068
G1 X102.373 Y128.341 E.00681
G1 X102.256 Y128.483 E.0068
G1 X102.274 Y128.666 E.0068
G1 X102.416 Y128.782 E.0068
G1 X102.598 Y128.764 E.00681
G1 X102.715 Y128.622 E.0068
G1 X102.701 Y128.48 E.00532
SET_VELOCITY_LIMIT ACCEL=3000
G1 E-.728 F1800
;WIPE_START
G1 F30000
G1 X102.715 Y128.622 E-.0086
G1 X102.598 Y128.764 E-.011
G1 X102.416 Y128.782 E-.011
G1 X102.274 Y128.666 E-.011
G1 X102.256 Y128.483 E-.011
G1 X102.373 Y128.341 E-.011
G1 X102.512 Y128.328 E-.00842
;WIPE_END
G1 X110.122 Y128.915 Z2.4
G1 X117.559 Y129.489 Z2.4
G1 Z2
G1 E.8 F1800
SET_VELOCITY_LIMIT ACCEL=500
;TYPE:Inner wall
;WIDTH:0.449999
G1 F8247
G1 X117.352 Y129.659 E.00862
G1 X117.096 Y129.737 E.00862
G1 X116.829 Y129.71 E.00862
G1 X116.593 Y129.584 E.00862
G1 X116.423 Y129.377 E.00862
G1 X116.345 Y129.121 E.00862
G1 X116.372 Y128.854 E.00862
G1 X116.498 Y128.618 E.00862
G1 X116.705 Y128.448 E.00862
G1 X116.961 Y128.37 E.00862
G1 X117.228 Y128.397 E.00862
G1 X117.464 Y128.523 E.00861
G1 X117.634 Y128.73 E.00862
G1 X117.712 Y128.986 E.00862
G1 X117.685 Y129.253 E.00862
G1 X117.578 Y129.454 E.00733
G1 X117.848 Y129.759 F30000
;TYPE:Outer wall
;WIDTH:0.419999
G1 F8247
G1 X117.541 Y130.012 E.01184
G1 X117.135 Y130.135 E.01263
G1 X116.713 Y130.093 E.01263
G1 X116.339 Y129.893 E.01263
G1 X116.071 Y129.566 E.01263
G1 X115.948 Y129.16 E.01263
G1 X115.989 Y128.738 E.01263
G1 X116.189 Y128.364 E.01263
G1 X116.517 Y128.096 E.01263
G1 X116.922 Y127.973 E.01263
G1 X117.344 Y128.014 E.01264
G1 X117.718 Y128.214 E.01263
G1 X117.987 Y128.542 E.01263
G1 X118.11 Y128.947 E.01263
G1 X118.068 Y129.369 E.01263
G1 X117.875 Y129.731 E.01223
SET_VELOCITY_LIMIT ACCEL=3000
G1 E-.728 F1800
;WIPE_START
G1 F30000
G1 X117.541 Y130.012 E-.02618
G1 X117.135 Y130.135 E-.02543
G1 X116.797 Y130.101 E-.02039
;WIPE_END
G1 X116.799 Y128.984 Z2.4
G1 Z2
G1 E.8 F1800
SET_VELOCITY_LIMIT ACCEL=500
;TYPE:Internal solid infill
;WIDTH:0.512621
G1 F8247
G1 X116.817 Y129.166 E.0068
G1 X116.959 Y129.283 E.0068
G1 X117.141 Y129.265 E.0068
G1 X117.258 Y129.123 E.0068
G1 X117.24 Y128.941 E.0068
G1 X117.098 Y128.824 E.0068
G1 X116.916 Y128.842 E.00681
G1 X116.825 Y128.953 E.00532
SET_VELOCITY_LIMIT ACCEL=3000
G1 E-.728 F1800
;WIPE_START
G1 F30000
G1 X116.916 Y128.842 E-.0086
G1 X117.098 Y128.824 E-.011
G1 X117.24 Y128.941 E-.01099
G1 X117.258 Y129.123 E-.011
G1 X117.141 Y129.265 E-.011
G1 X116.959 Y129.283 E-.011
G1 X116.851 Y129.194 E-.00842
;WIPE_END
G1 X115.452 Y121.69 Z2.4
G1 X114.867 Y118.548 Z2.4
G1 Z2
G1 E.8 F1800
SET_VELOCITY_LIMIT ACCEL=500
;TYPE:Inner wall
;WIDTH:0.449999
G1 F8247
G1 X115.103 Y118.675 E.00861
G1 X115.273 Y118.882 E.00862
G1 X115.35 Y119.138 E.00862
G1 X115.324 Y119.404 E.00862
G1 X115.198 Y119.641 E.00862
G1 X114.991 Y119.811 E.00862
G1 X114.735 Y119.888 E.00862
G1 X114.468 Y119.862 E.00862
G1 X114.232 Y119.736 E.00862
G1 X114.062 Y119.529 E.00862
G1 X113.984 Y119.273 E.00862
G1 X114.01 Y119.006 E.00862
G1 X114.137 Y118.77 E.00862
G1 X114.344 Y118.6 E.00862
G1 X114.6 Y118.522 E.00862
G1 X114.827 Y118.544 E.00733
G1 X114.983 Y118.166 F30000
;TYPE:Outer wall
;WIDTH:0.419999
G1 F8247
G1 X115.356 Y118.366 E.01263
G1 X115.625 Y118.693 E.01263
G1 X115.748 Y119.099 E.01263
G1 X115.707 Y119.521 E.01263
G1 X115.507 Y119.894 E.01263
G1 X115.179 Y120.163 E.01263
G1 X114.774 Y120.286 E.01263
G1 X114.352 Y120.245 E.01263
G1 X113.978 Y120.045 E.01263
G1 X113.709 Y119.717 E.01263
G1 X113.586 Y119.312 E.01263
G1 X113.628 Y118.89 E.01263
G1 X113.828 Y118.516 E.01263
G1 X114.155 Y118.247 E.01263
G1 X114.561 Y118.124 E.01263
G1 X114.943 Y118.162 E.01144
SET_VELOCITY_LIMIT ACCEL=3000
G1 E-.728 F1800
;WIPE_START
G1 F30000
G1 X115.356 Y118.366 E-.02765
G1 X115.625 Y118.693 E-.02543
G1 X115.717 Y118.995 E-.01892
;WIPE_END
G1 X114.598 Y119.434 Z2.4
G1 Z2
G1 E.8 F1800
SET_VELOCITY_LIMIT ACCEL=500
;TYPE:Internal solid infill
;WIDTH:0.512624
G1 F8247
G1 X114.78 Y119.416 E.0068
G1 X114.896 Y119.275 E.0068
G1 X114.878 Y119.092 E.0068
G1 X114.737 Y118.976 E.0068
G1 X114.554 Y118.994 E.00681
G1 X114.438 Y119.136 E.0068
G1 X114.456 Y119.318 E.0068
G1 X114.567 Y119.409 E.00532
M106 S247
;LAYER_CHANGE
;Z:2.2
;HEIGHT:0.2
;BEFORE_LAYER_CHANGE
;2.2
G92 E0

G1 E-.728 F1800
;WIPE_START
G1 F30000
G1 X114.456 Y119.318 E-.0086
G1 X114.438 Y119.136 E-.011
G1 X114.554 Y118.994 E-.011
G1 X114.737 Y118.976 E-.011
G1 X114.878 Y119.092 E-.01099
G1 X114.896 Y119.275 E-.011
G1 X114.807 Y119.383 E-.00842
;WIPE_END
M73 L11
;LAYER:11
SET_PRINT_STATS_INFO TOTAL_LAYER=16 CURRENT_LAYER=11
;_SET_FAN_SPEED_CHANGING_LAYER
SET_VELOCITY_LIMIT ACCEL=3000

G1 X115.783 Y119.787 Z2.25714
G1 X116.076 Y120.801 Z2.31429
G1 X115.466 Y121.663 Z2.37143
G1 X114.411 Y121.723 Z2.42857
G1 X113.707 Y120.936 Z2.48571
G1 X113.883 Y119.895 Z2.54286
G1 X114.807 Y119.383 Z2.6
G1 X150.055 Y117.384 Z2.6
G1 Z2.2
G1 E.8 F1800
SET_VELOCITY_LIMIT ACCEL=500
;TYPE:Inner wall
;WIDTH:0.449999
G1 F12000
G1 X149.813 Y117.486 E.00846
G1 X149.494 Y117.685 E.01211
G1 X149.22 Y117.944 E.01211
G1 X149.001 Y118.25 E.01211
G1 X148.865 Y118.551 E.01062
G1 X148.763 Y118.96 E.01359
G1 X148.77 Y119.485 E.01689
G1 X148.916 Y119.983 E.01668
G1 X149.147 Y120.379 E.01476
G1 X149.406 Y120.653 E.01211
G1 X149.712 Y120.871 E.01211
G1 X150.056 Y121.025 E.01211
G1 X150.423 Y121.11 E.01211
G1 X150.799 Y121.121 E.01211
G1 X151.164 Y121.06 E.0119
G1 X151.522 Y120.925 E.01232
G1 X151.841 Y120.725 E.01211
G1 X152.187 Y120.379 E.01575
G1 X152.437 Y119.939 E.01629
G1 X152.572 Y119.45 E.01631
G1 X152.576 Y119.004 E.01436
G1 X152.784 Y119.431 E.01527
G1 X152.949 Y120.011 E.01941
G1 X152.991 Y120.631 E.02001
G1 X152.937 Y121.163 E.0172
G1 X152.805 Y121.659 E.01653
G1 X152.57 Y122.151 E.01753
G1 X152.167 Y122.711 E.02221
G1 X151.8 Y123.103 E.01728
G1 X151.673 Y123.309 E.00779
G1 X151.647 Y123.597 E.0093
G1 X151.766 Y124.084 E.01613
G1 X151.889 Y124.324 E.00869
G1 X152.126 Y124.489 E.00927
G1 X153.126 Y124.762 E.03335
G1 X153.592 Y124.957 E.01626
G1 X154.104 Y125.282 E.01952
G1 X154.49 Y125.63 E.01672
G1 X154.825 Y126.055 E.01741
G1 X155.063 Y126.495 E.0161
G1 X155.254 Y127.046 E.01876
G1 X155.347 Y127.619 E.01869
G1 X155.394 Y128.484 E.02787
G1 X155.345 Y128.804 E.01042
G1 X155.185 Y129.145 E.01212
G1 X154.891 Y129.508 E.01503
G1 X154.944 Y129.087 E.01365
G1 X154.882 Y128.551 E.01736
G1 X154.748 Y128.199 E.01212
G1 X154.551 Y127.884 E.01195
G1 X154.353 Y127.669 E.0094
G1 X153.984 Y127.388 E.01492
M73 P78 R2
G1 X153.531 Y127.2 E.01578
G1 X153.025 Y127.138 E.0164
G1 X152.526 Y127.2 E.01618
G1 X152.174 Y127.334 E.01212
G1 X151.855 Y127.534 E.01211
G1 X151.581 Y127.792 E.01211
G1 X151.363 Y128.099 E.01212
G1 X151.218 Y128.418 E.01127
G1 X151.124 Y128.809 E.01294
G1 X151.113 Y129.185 E.0121
G1 X151.175 Y129.556 E.0121
G1 X151.309 Y129.908 E.01212
G1 X151.509 Y130.227 E.01211
G1 X151.767 Y130.501 E.01211
G1 X152.056 Y130.708 E.01144
G1 X152.403 Y130.868 E.0123
G1 X152.717 Y130.945 E.0104
G1 X152.378 Y130.991 E.01101
G1 X151.71 Y130.96 E.02152
G1 X151.155 Y130.835 E.01831
G1 X150.639 Y130.628 E.01789
G1 X150.061 Y130.449 E.01947
G1 X149.809 Y130.475 E.00815
G1 X149.573 Y130.626 E.00902
G1 X149.165 Y131.089 E.01986
G1 X149.099 Y131.375 E.00944
G1 X149.172 Y131.918 E.01763
G1 F4860
G1 X149.173 Y132.562 E.02072
M106 S255
G1 F1980
G1 X149.133 Y132.785 E.00729
SET_VELOCITY_LIMIT ACCEL=250
;TYPE:Overhang wall
G1 X149.061 Y133.185 E.01308
G1 X149.023 Y133.276 E.00317
SET_VELOCITY_LIMIT ACCEL=500
;TYPE:Inner wall
G1 X148.939 Y133.476 E.00698
M106 S247
G1 F3000
G1 X148.816 Y133.769 E.01022
G1 F12000
G1 X148.472 Y134.3 E.02036
G1 X148.021 Y134.743 E.02034
G1 X147.498 Y135.1 E.02038
G1 X147.039 Y135.304 E.01616
G1 X146.258 Y135.596 E.02683
G1 X145.922 Y135.623 E.01085
G1 X145.569 Y135.546 E.01163
G1 X144.857 Y135.261 E.02468
G1 X144.329 Y135.002 E.01892
G1 X143.829 Y134.613 E.02038
G1 X143.406 Y134.143 E.02035
G1 X143.097 Y133.595 E.02024
M106 S255
G1 F3000
G1 X143.055 Y133.476 E.00406
G1 F1980
G1 X142.985 Y133.276 E.00682
SET_VELOCITY_LIMIT ACCEL=250
;TYPE:Overhang wall
G1 X142.887 Y132.993 E.00964
G1 X142.863 Y132.785 E.00674
SET_VELOCITY_LIMIT ACCEL=500
;TYPE:Inner wall
G1 X142.839 Y132.585 E.00648
M106 S247
G1 F3000
G1 X142.814 Y132.365 E.00712
G1 F12000
G1 X142.86 Y131.67 E.02241
G1 X142.838 Y131.098 E.01842
G1 X142.747 Y130.81 E.00972
G1 X142.573 Y130.636 E.00792
G1 X142.31 Y130.545 E.00895
G1 X141.692 Y130.503 E.01993
G1 X140.72 Y130.872 E.03345
G1 X140.19 Y130.975 E.01737
G1 X139.646 Y130.986 E.01751
G1 X139.15 Y130.917 E.01611
G1 X138.556 Y130.726 E.02008
G1 X138.003 Y130.41 E.02049
G1 X138.241 Y130.457 E.00781
G1 X138.617 Y130.468 E.0121
G1 X138.988 Y130.406 E.0121
G1 X139.328 Y130.277 E.0117
G1 X139.659 Y130.072 E.01253
G1 X140.005 Y129.726 E.01574
G1 X140.249 Y129.3 E.0158
G1 X140.39 Y128.797 E.01681
G1 X140.401 Y128.458 E.01091
G1 X140.339 Y128.05 E.01328
G1 X140.205 Y127.698 E.01212
G1 X140.005 Y127.379 E.01211
G1 X139.668 Y127.039 E.0154
G1 X139.286 Y126.811 E.01431
G1 X138.823 Y126.667 E.0156
G1 X138.382 Y126.637 E.01422
G1 X137.983 Y126.699 E.01299
G1 X137.531 Y126.887 E.01575
G1 X137.135 Y127.194 E.01612
G1 X136.82 Y127.598 E.01648
;WIDTH:0.458596
G1 X136.628 Y128.049 E.01611
G1 X136.662 Y127.543 E.01666
;WIDTH:0.449999
G1 X136.761 Y126.961 E.019
G1 X136.979 Y126.402 E.01933
G1 X137.318 Y125.847 E.02092
G1 X137.667 Y125.472 E.01647
G1 X138.225 Y125.055 E.02243
G1 X138.714 Y124.821 E.01745
G1 X139.712 Y124.55 E.03327
G1 X140.135 Y124.282 E.01609
G1 X140.319 Y124.095 E.00845
G1 X140.404 Y123.816 E.00938
G1 X140.35 Y123.547 E.00883
G1 X140.093 Y123.009 E.01918
G1 X139.724 Y122.591 E.01796
G1 X139.376 Y122.055 E.02056
G1 X139.131 Y121.472 E.02035
G1 X139.019 Y120.849 E.02036
G1 X139.018 Y120.216 E.02036
G1 X139.156 Y119.598 E.02037
G1 X139.403 Y119.01 E.02053
G1 X139.803 Y118.367 E.02437
G1 X140.132 Y117.935 E.01746
G1 X140.41 Y117.75 E.01075
G1 X140.784 Y117.624 E.01269
G1 X141.695 Y117.411 E.03009
G1 X142.327 Y117.381 E.02036
G1 X142.952 Y117.463 E.02029
G1 X143.547 Y117.681 E.02039
G1 X144.093 Y117.999 E.02034
G1 X144.557 Y118.43 E.02036
G1 X144.94 Y118.938 E.02049
G1 X145.23 Y119.462 E.01926
G1 X145.446 Y119.623 E.00866
G1 X146.051 Y119.852 E.02081
G1 X146.302 Y119.819 E.00815
G1 X146.539 Y119.658 E.00922
G1 X146.879 Y119.24 E.01735
G1 X147.098 Y118.883 E.01346
G1 X147.426 Y118.436 E.01786
G1 X147.817 Y118.074 E.01713
G1 X148.288 Y117.763 E.01815
G1 X148.849 Y117.52 E.01968
G1 X149.391 Y117.405 E.01784
G1 X150.015 Y117.385 E.02009
SET_VELOCITY_LIMIT ACCEL=3000
G1 E-.728 F1800
;WIPE_START
G1 F30000
G1 X149.813 Y117.486 E-.01356
G1 X149.494 Y117.685 E-.02259
G1 X149.22 Y117.944 E-.02259
G1 X149.091 Y118.124 E-.01326
;WIPE_END
G1 X151.278 Y117.287 Z2.6
G1 Z2.2
G1 E.8 F1800
SET_VELOCITY_LIMIT ACCEL=500
;TYPE:Outer wall
;WIDTH:0.511967
G1 F9600
G1 X151.499 Y117.345 E.00848
;WIDTH:0.532153
G1 X151.953 Y117.579 E.01977
G1 X152.312 Y117.943 E.01976
;WIDTH:0.556796
G1 X152.647 Y118.488 E.02598
G1 X152.726 Y118.583 E.00501
;WIDTH:0.51658
G1 X152.806 Y118.677 E.00462
;WIDTH:0.476364
G1 X152.885 Y118.771 E.00422
;WIDTH:0.436148
G1 X153.099 Y119.163 E.01386
;WIDTH:0.419999
G1 X153.291 Y119.752 E.01848
G1 X153.382 Y120.343 E.01782
G1 X153.379 Y120.869 E.01567
G1 X153.289 Y121.402 E.01612
G1 X153.097 Y121.968 E.01781
G1 X152.78 Y122.559 E.01998
G1 X152.472 Y122.958 E.01505
G1 X152.084 Y123.373 E.01693
G1 X152.032 Y123.497 E.004
G1 X152.146 Y123.99 E.0151
G1 X152.245 Y124.114 E.00472
G1 X152.969 Y124.314 E.02238
G1 X153.478 Y124.479 E.01593
G1 X154.021 Y124.747 E.01806
G1 X154.488 Y125.079 E.01708
G1 X154.883 Y125.481 E.01678
G1 X155.231 Y125.972 E.01796
G1 X155.519 Y126.567 E.01969
G1 X155.672 Y127.089 E.01621
G1 X155.738 Y127.598 E.01531
G1 X155.785 Y128.463 E.02581
G1 X155.731 Y128.871 E.01228
G1 X155.534 Y129.324 E.01473
G1 X155.33 Y129.591 E.00999
;WIDTH:0.452204
G1 X154.833 Y130.165 E.02457
;WIDTH:0.497764
G1 X154.342 Y130.591 E.02338
;WIDTH:0.499807
G1 X153.952 Y130.855 E.01701
G1 X153.643 Y131.017 E.0126
;WIDTH:0.473586
G1 X153.334 Y131.179 E.01188
;WIDTH:0.447365
G1 X152.838 Y131.324 E.01652
;WIDTH:0.419999
G1 X152.133 Y131.384 E.02109
G1 X151.507 Y131.329 E.01873
G1 X151.006 Y131.201 E.01541
G1 X150.515 Y131 E.01581
G1 X149.996 Y130.837 E.01621
G1 X149.857 Y130.896 E.0045
G1 X149.499 Y131.301 E.01611
G1 X149.584 Y132.36 E.03167
M106 S255
G1 F3000
G1 X149.554 Y132.585 E.00677
G1 F2580
G1 X149.527 Y132.785 E.00602
SET_VELOCITY_LIMIT ACCEL=250
;TYPE:Overhang wall
G1 X149.49 Y133.065 E.00842
G1 X149.423 Y133.276 E.0066
SET_VELOCITY_LIMIT ACCEL=500
;TYPE:Outer wall
G1 X149.359 Y133.476 E.00626
M106 S247
G1 F3000
G1 X149.274 Y133.742 E.00832
G1 F9600
G1 X148.914 Y134.356 E.02121
G1 X148.453 Y134.895 E.02114
G1 X147.884 Y135.322 E.0212
G1 X147.411 Y135.569 E.0159
G1 X146.845 Y135.806 E.01829
G1 X146.338 Y135.982 E.016
G1 X145.896 Y136.019 E.01322
G1 X145.658 Y135.967 E.00726
G1 X145.174 Y135.811 E.01516
G1 X144.388 Y135.476 E.02547
G1 X143.929 Y135.199 E.01598
G1 X143.388 Y134.739 E.02117
G1 X142.959 Y134.168 E.02129
G1 F7380
G1 X142.644 Y133.546 E.02078
M106 S255
G1 F2580
G1 X142.576 Y133.276 E.0083
SET_VELOCITY_LIMIT ACCEL=250
;TYPE:Overhang wall
G1 X142.462 Y132.785 E.01502
SET_VELOCITY_LIMIT ACCEL=500
;TYPE:Outer wall
G1 X142.447 Y132.585 E.00598
M106 S247
G1 F3000
G1 X142.416 Y132.138 E.01335
G1 F9600
G1 X142.469 Y131.623 E.01543
G1 X142.43 Y131.047 E.01721
G1 X142.313 Y130.943 E.00467
G1 X141.783 Y130.891 E.01587
G1 X141.584 Y130.954 E.00622
G1 X140.981 Y131.197 E.01938
G1 X140.378 Y131.347 E.01852
G1 X139.841 Y131.391 E.01606
G1 X139.318 Y131.35 E.01564
G1 X138.829 Y131.242 E.01493
G1 X138.146 Y130.959 E.02204
;WIDTH:0.443328
G1 X137.662 Y130.638 E.01839
;WIDTH:0.492208
G1 X137.488 Y130.45 E.00909
;WIDTH:0.541087
G1 X136.895 Y129.807 E.03446
;WIDTH:0.526236
G1 X136.708 Y129.544 E.0123
;WIDTH:0.552428
G1 X136.432 Y129.129 E.02007
;WIDTH:0.510677
G1 X136.343 Y128.976 E.00654
;WIDTH:0.468926
G1 X136.255 Y128.823 E.00596
;WIDTH:0.427174
G1 X136.21 Y128.317 E.01543
;WIDTH:0.419999
G1 X136.29 Y127.309 E.03013
G1 X136.431 Y126.715 E.01819
G1 X136.628 Y126.227 E.0157
G1 X136.973 Y125.658 E.01983
G1 X137.323 Y125.251 E.01601
G1 X137.747 Y124.899 E.01643
G1 X138.342 Y124.555 E.02047
G1 X138.871 Y124.358 E.01681
G1 X139.445 Y124.239 E.01747
G1 X139.843 Y124.003 E.01382
G1 X139.996 Y123.868 E.00606
G1 X139.995 Y123.713 E.00465
G1 X139.738 Y123.192 E.01728
G1 X139.298 Y122.669 E.02039
G1 X139.03 Y122.238 E.01513
G1 X138.754 Y121.583 E.02116
G1 X138.628 Y120.884 E.02118
G1 X138.628 Y120.173 E.02118
G1 X138.783 Y119.479 E.02119
G1 X139.058 Y118.822 E.02124
G1 X139.504 Y118.105 E.02517
G1 X139.867 Y117.64 E.01759
G1 X140.236 Y117.395 E.0132
G1 X140.676 Y117.247 E.01385
G1 X141.395 Y117.078 E.022
G1 X142.104 Y116.98 E.02132
G1 X142.813 Y117.041 E.0212
G1 X143.498 Y117.225 E.02116
G1 X144.128 Y117.555 E.0212
G1 X144.689 Y117.991 E.02117
G1 X145.155 Y118.559 E.0219
G1 X145.508 Y119.177 E.0212
G1 X145.6 Y119.263 E.00377
G1 X146.108 Y119.462 E.01626
G1 X146.25 Y119.392 E.00471
G1 X146.609 Y118.939 E.01723
G1 X146.891 Y118.484 E.01596
G1 X147.283 Y118.027 E.01794
G1 X147.766 Y117.622 E.01879
G1 X148.22 Y117.352 E.01576
G1 X148.709 Y117.151 E.01575
G1 X149.208 Y117.031 E.0153
G1 X149.8 Y116.986 E.0177
G1 X150.485 Y117.049 E.0205
;WIDTH:0.460721
G1 X150.715 Y117.124 E.00798
;WIDTH:0.501442
G1 X150.945 Y117.198 E.00876
;WIDTH:0.511967
G1 X151.239 Y117.276 E.01127
SET_VELOCITY_LIMIT ACCEL=3000
G1 E-.728 F1800
;WIPE_START
G1 F30000
G1 X151.499 Y117.345 E-.01612
G1 X151.953 Y117.579 E-.03068
G1 X152.248 Y117.878 E-.0252
;WIPE_END
G1 X151.794 Y125.497 Z2.6
G1 X151.558 Y129.469 Z2.6
G1 Z2.2
G1 E.8 F1800
SET_VELOCITY_LIMIT ACCEL=500
;WIDTH:0.419999
G1 F9600
G1 X151.56 Y129.48 E.00032
G1 X151.671 Y129.758 E.00894
G1 X151.835 Y130.009 E.00894
G1 X152.044 Y130.224 E.00894
G1 X152.274 Y130.382 E.0083
G1 X152.553 Y130.506 E.0091
G1 X152.897 Y130.577 E.01048
;WIDTH:0.469948
G1 X153.181 Y130.574 E.00958
;WIDTH:0.519897
G1 X153.465 Y130.571 E.0107
G1 X153.904 Y130.35 E.01853
;WIDTH:0.514786
G1 X154.262 Y130.036 E.01779
G1 X154.374 Y129.775 E.01057
;WIDTH:0.467393
G1 X154.487 Y129.515 E.00951
;WIDTH:0.419999
G1 X154.552 Y129.087 E.01291
G1 X154.497 Y128.627 E.0138
G1 X154.368 Y128.316 E.01003
G1 X154.076 Y127.946 E.01406
G1 X153.755 Y127.707 E.01192
G1 X153.288 Y127.552 E.01469
G1 X152.897 Y127.53 E.01166
G1 X152.505 Y127.621 E.01199
G1 X152.073 Y127.86 E.01472
G1 X151.858 Y128.069 E.00894
G1 X151.689 Y128.316 E.00894
G1 X151.581 Y128.568 E.00816
G1 X151.509 Y128.885 E.0097
G1 X151.505 Y129.185 E.00894
M73 P79 R2
G1 X151.551 Y129.43 E.00742
SET_VELOCITY_LIMIT ACCEL=3000
G1 E-.728 F1800
;WIPE_START
G1 F30000
G1 X151.56 Y129.48 E-.00304
G1 X151.671 Y129.758 E-.01799
G1 X151.835 Y130.009 E-.01799
G1 X152.044 Y130.224 E-.01799
G1 X152.25 Y130.365 E-.01499
;WIPE_END
G1 X151.708 Y122.752 Z2.6
G1 X151.355 Y117.796 Z2.6
G1 Z2.2
G1 E.8 F1800
SET_VELOCITY_LIMIT ACCEL=500
;WIDTH:0.513915
G1 F9600
G1 X151.143 Y117.712 E.00849
;WIDTH:0.496987
G1 X150.799 Y117.643 E.01262
G1 X150.52 Y117.69 E.01015
;WIDTH:0.458493
G1 X150.241 Y117.737 E.00929
;WIDTH:0.419999
G1 X149.963 Y117.848 E.00894
G1 X149.711 Y118.011 E.00894
G1 X149.497 Y118.221 E.00894
G1 X149.327 Y118.468 E.00894
G1 X149.227 Y118.701 E.00755
G1 X149.147 Y119.037 E.0103
G1 X149.147 Y119.373 E.01003
G1 X149.278 Y119.833 E.01424
G1 X149.473 Y120.161 E.01138
G1 X149.683 Y120.376 E.00894
G1 X149.93 Y120.545 E.00894
G1 X150.206 Y120.663 E.00894
G1 X150.499 Y120.725 E.00894
G1 X150.799 Y120.729 E.00894
G1 X151.087 Y120.675 E.00874
G1 X151.501 Y120.481 E.01363
G1 X151.838 Y120.19 E.01327
G1 X152.075 Y119.789 E.01388
G1 X152.191 Y119.337 E.01391
;WIDTH:0.465598
G1 X152.19 Y119.13 E.0069
;WIDTH:0.511197
G1 X152.189 Y118.924 E.00764
;WIDTH:0.556796
G1 X152.188 Y118.717 E.00838
G1 X151.905 Y118.215 E.02343
;WIDTH:0.531859
G1 X151.691 Y117.996 E.01185
;WIDTH:0.530079
G1 X151.431 Y117.826 E.01196
;WIDTH:0.513915
G1 X151.393 Y117.811 E.00152
SET_VELOCITY_LIMIT ACCEL=3000
G1 E-.728 F1800
;WIPE_START
G1 F30000
G1 X151.143 Y117.712 E-.01608
G1 X150.799 Y117.643 E-.02109
G1 X150.52 Y117.69 E-.01696
G1 X150.241 Y117.737 E-.01696
G1 X150.227 Y117.742 E-.0009
;WIPE_END
G1 X144.726 Y123.033 Z2.6
G1 X139.796 Y127.775 Z2.6
G1 Z2.2
G1 E.8 F1800
SET_VELOCITY_LIMIT ACCEL=500
;WIDTH:0.419999
G1 F9600
G1 X139.679 Y127.597 E.00635
G1 X139.47 Y127.382 E.00894
G1 X139.136 Y127.173 E.01175
G1 X138.654 Y127.033 E.01496
G1 X138.273 Y127.042 E.01137
G1 X137.786 Y127.193 E.0152
G1 X137.53 Y127.359 E.00908
G1 X137.225 Y127.697 E.01356
G1 X137.027 Y128.091 E.01315
G1 X136.962 Y128.421 E.01003
;WIDTH:0.467109
G1 X136.958 Y128.617 E.00655
;WIDTH:0.514218
G1 X136.955 Y128.812 E.00728
;WIDTH:0.561327
G1 X136.951 Y129.008 E.00801
G1 X137.106 Y129.316 E.01416
;WIDTH:0.515844
G1 X137.47 Y129.755 E.02129
;WIDTH:0.521805
G1 X137.761 Y129.957 E.01345
G1 X137.947 Y129.996 E.00716
;WIDTH:0.48787
G1 X138.132 Y130.034 E.00665
;WIDTH:0.453935
G1 X138.317 Y130.073 E.00615
;WIDTH:0.419999
G1 X138.617 Y130.076 E.00894
G1 X138.919 Y130.02 E.00917
G1 X139.359 Y129.802 E.01463
G1 X139.656 Y129.537 E.01185
G1 X139.887 Y129.15 E.01344
G1 X140.005 Y128.721 E.01327
G1 X140.009 Y128.458 E.00783
G1 X139.954 Y128.126 E.01002
G1 X139.843 Y127.848 E.00894
G1 X139.817 Y127.809 E.00139
SET_VELOCITY_LIMIT ACCEL=3000
G1 E-.728 F1800
;WIPE_START
G1 F30000
G1 X139.679 Y127.597 E-.01519
G1 X139.47 Y127.382 E-.01799
G1 X139.136 Y127.173 E-.02366
G1 X138.893 Y127.102 E-.01517
;WIPE_END
G1 X136.596 Y128.684 Z2.6
G1 Z2.2
G1 E.8 F1800
SET_VELOCITY_LIMIT ACCEL=500
;TYPE:Inner wall
;WIDTH:0.426626
G1 F12000
G1 X136.592 Y128.31 E.01134
;WIDTH:0.458596
G1 X136.628 Y128.049 E.00866
SET_VELOCITY_LIMIT ACCEL=3000
G1 E-.76175 F1800
;WIPE_START
G1 F30000
G1 X136.592 Y128.31 E-.01581
G1 X136.596 Y128.684 E-.02244
;WIPE_END
G1 X139.416 Y130.416 Z2.6
G1 Z2.2
G1 E.8 F1800
SET_VELOCITY_LIMIT ACCEL=250
;TYPE:Internal Bridge
;WIDTH:0.4
;HEIGHT:0.4
G1 F4500
M106 S255
G1 X139.615 Y130.615 E.01328
G1 X139.841 Y130.63 E.01067
G1 X140.237 Y130.601 E.01874
G1 X139.947 Y130.311 E.01935
G1 X140.264 Y129.992 E.02123
G1 X140.746 Y130.474 E.03217
G1 X141.203 Y130.294 E.02315
G1 X140.51 Y129.601 E.04624
G1 X140.647 Y129.3 E.01561
G1 X140.694 Y129.148 E.00749
G1 X141.688 Y130.143 E.06635
G1 X141.769 Y130.13 E.00387
G1 X142.368 Y130.187 E.02842
G1 X140.558 Y128.376 E.12082
SET_VELOCITY_LIMIT ACCEL=3000
G1 E-.728 F1800
;WIPE_START
G1 F30000
G1 X141.406 Y129.225 E-.072
;WIPE_END
G1 X137.583 Y126.674 Z2.6
G1 Z2.2
G1 E.8 F1800
SET_VELOCITY_LIMIT ACCEL=250
G1 F4500
G1 X137.364 Y126.455 E.01466
G1 X137.613 Y126.068 E.02172
G1 X137.894 Y126.348 E.01872
G1 X138.34 Y126.269 E.02138
G1 X138.451 Y126.27 E.00526
G1 X137.92 Y125.739 E.03543
G1 X138.141 Y125.549 E.01373
G1 X138.277 Y125.459 E.0077
G1 X139.2 Y126.383 E.06159
G1 X139.487 Y126.496 E.01454
G1 X139.641 Y126.578 E.00821
G1 X139.999 Y126.837 E.02083
G1 X140.261 Y127.106 E.01776
G1 X140.465 Y127.405 E.01704
G1 X140.656 Y127.838 E.02237
G1 X143.772 Y130.954 E.2079
G1 X144.408 Y130.954 E.03003
G1 X138.687 Y125.233 E.38177
G1 X139.156 Y125.065 E.0235
G1 X145.045 Y130.954 E.39293
G1 X145.681 Y130.954 E.03003
G1 X139.685 Y124.958 E.40011
G1 X139.795 Y124.922 E.00545
G1 X140.098 Y124.734 E.01682
G1 X146.318 Y130.954 E.41501
G1 X146.954 Y130.954 E.03003
G1 X140.476 Y124.476 E.43228
G1 X140.634 Y124.286 E.01168
G1 X140.724 Y124.088 E.01026
G1 X147.591 Y130.954 E.45816
G1 X148.227 Y130.954 E.03003
G1 X140.694 Y123.421 E.50264
G1 X140.401 Y122.806 E.03216
G1 X140.011 Y122.361 E.02788
G1 X139.789 Y122.049 E.0181
G1 X139.606 Y121.697 E.01871
G1 X148.843 Y130.934 E.61633
G1 X148.912 Y130.798 E.00717
M73 P80 R2
G1 X149.122 Y130.576 E.01442
G1 X139.387 Y120.842 E.64952
G1 X139.368 Y120.63 E.01003
G1 X139.393 Y120.211 E.01982
G1 X149.441 Y130.259 E.67049
G1 X149.545 Y130.19 E.0059
G1 X149.694 Y130.125 E.00767
G1 X149.901 Y130.083 E.00997
G1 X139.512 Y119.693 E.69322
G1 X139.563 Y119.532 E.00801
G1 X139.699 Y119.244 E.015
G1 X150.724 Y130.27 E.73566
G1 X151.234 Y130.474 E.02592
G1 X151.007 Y130.131 E.01941
G1 X150.867 Y129.776 E.01799
G1 X139.937 Y118.846 E.72928
G1 X140.181 Y118.454 E.0218
G1 X150.75 Y129.022 E.70516
G1 X150.75 Y128.815 E.00977
G1 X150.829 Y128.465 E.01691
G1 X140.497 Y118.134 E.68939
G1 X140.573 Y118.083 E.0043
G1 X140.961 Y117.96 E.01917
G1 X150.998 Y127.997 E.6697
G1 X151.254 Y127.618 E.02162
G1 X141.476 Y117.84 E.65244
G1 X141.754 Y117.774 E.01344
G1 X142.023 Y117.75 E.01277
G1 X151.571 Y127.298 E.63709
G1 X151.945 Y127.035 E.02155
G1 X142.702 Y117.792 E.61672
G1 X142.864 Y117.821 E.00779
G1 X143.221 Y117.934 E.01764
G1 X143.56 Y118.093 E.01765
G1 X143.782 Y118.236 E.01246
G1 X144.517 Y118.971 E.04908
G1 X144.625 Y119.128 E.00899
G1 X144.857 Y119.57 E.02352
G1 X145.003 Y119.761 E.01134
G1 X145.199 Y119.911 E.01166
G1 X145.66 Y120.114 E.02379
G1 X152.403 Y126.857 E.4499
G1 X152.813 Y126.773 E.01976
G1 X152.954 Y126.772 E.00666
G1 X146.364 Y120.182 E.43973
G1 X146.596 Y120.085 E.01183
G1 X146.767 Y119.948 E.01035
G1 X153.688 Y126.87 E.46185
G1 X153.77 Y126.889 E.00396
G1 X154.133 Y127.047 E.01865
G1 X154.413 Y127.232 E.01585
G1 X154.547 Y127.342 E.00817
G1 X154.849 Y127.667 E.02092
G1 X154.994 Y127.903 E.01308
G1 X154.962 Y127.507 E.01872
G1 X152.402 Y124.947 E.17083
G1 X151.906 Y124.795 E.02447
M73 P81 R2
G1 X151.745 Y124.693 E.009
G1 X151.61 Y124.564 E.00879
G1 X151.503 Y124.412 E.00878
G1 X151.426 Y124.236 E.00905
G1 X151.34 Y123.885 E.01705
G1 X147.056 Y119.601 E.28588
G1 X147.174 Y119.459 E.00869
G1 X147.317 Y119.226 E.01294
G1 X151.317 Y123.225 E.26687
G1 X151.475 Y122.915 E.01645
G1 X151.556 Y122.829 E.00558
G1 X150.159 Y121.431 E.09323
G1 X149.921 Y121.368 E.01162
G1 X149.572 Y121.217 E.01797
G1 X149.155 Y120.922 E.02407
G1 X148.903 Y120.666 E.01695
G1 X148.692 Y120.359 E.0176
G1 X148.61 Y120.205 E.0082
G1 X148.456 Y119.795 E.02067
G1 X148.443 Y119.716 E.0038
G1 X147.573 Y118.845 E.0581
G1 X147.701 Y118.681 E.00979
G1 X147.875 Y118.511 E.01151
G1 X148.387 Y119.023 E.03419
G1 X148.455 Y118.624 E.01911
G1 X148.494 Y118.494 E.00641
G1 X148.227 Y118.226 E.01786
G1 X148.634 Y117.997 E.02205
G1 X148.839 Y118.202 E.01364
SET_VELOCITY_LIMIT ACCEL=3000
G1 E-.728 F1800
;WIPE_START
G1 F30000
G1 X148.634 Y117.997 E-.01735
G1 X148.227 Y118.226 E-.02804
G1 X148.494 Y118.494 E-.02272
G1 X148.476 Y118.556 E-.00389
;WIPE_END
G1 X150.647 Y121.282 Z2.6
G1 Z2.2
G1 E.8 F1800
SET_VELOCITY_LIMIT ACCEL=250
G1 F4500
G1 X151.865 Y122.5 E.08128
G1 X152.144 Y122.143 E.02139
G1 X151.372 Y121.372 E.05149
G1 X151.71 Y121.244 E.01702
G1 X151.813 Y121.176 E.00583
G1 X152.371 Y121.734 E.03724
G1 X152.459 Y121.533 E.01034
G1 X152.538 Y121.264 E.01322
G1 X152.187 Y120.914 E.0234
G1 X152.402 Y120.699 E.01436
G1 X152.488 Y120.578 E.00698
G1 X152.81 Y120.901 E.02154
SET_VELOCITY_LIMIT ACCEL=3000
G1 E-.728 F1800
;WIPE_START
G1 F30000
G1 X152.488 Y120.578 E-.02739
G1 X152.402 Y120.699 E-.00887
G1 X152.187 Y120.914 E-.01826
G1 X152.393 Y121.12 E-.01749
;WIPE_END
G1 X152.987 Y124.895 Z2.6
G1 Z2.2
G1 E.8 F1800
SET_VELOCITY_LIMIT ACCEL=250
G1 F4500
G1 X155.062 Y126.971 E.13847
SET_VELOCITY_LIMIT ACCEL=3000
G1 E-.728 F1800
;WIPE_START
G1 F30000
G1 X154.214 Y126.122 E-.072
;WIPE_END
G1 X149.061 Y131.753 Z2.6
G1 X145.953 Y135.149 Z2.6
G1 Z2.2
G1 E.8 F1800
SET_VELOCITY_LIMIT ACCEL=500
;TYPE:Internal solid infill
;WIDTH:0.576294
;HEIGHT:0.2
G1 F12425.415
M106 S247
G1 X146.119 Y135.142 E.007
SET_VELOCITY_LIMIT ACCEL=3000
G1 E-.79004 F1800
;WIPE_START
G1 F30000
G1 X145.953 Y135.149 E-.00996
;WIPE_END

G1 X145.703 Y134.123 Z2.25714
G1 X146.349 Y133.287 Z2.31429
G1 X147.405 Y133.271 Z2.37143
G1 X148.076 Y134.087 Z2.42857
G1 X147.856 Y135.12 Z2.48571
G1 X146.912 Y135.593 Z2.54286
G1 X145.953 Y135.149 Z2.6
G1 X143.019 Y131.581 Z2.6
G1 Z2.2
G1 E.8 F1800
SET_VELOCITY_LIMIT ACCEL=250
;TYPE:Bridge
;WIDTH:0.4
G1 F3000
M106 S255
G1 X143.18 Y132.585 E.0287
G1 X143.272 Y133.158 E.01638
G1 F2160
G1 X143.313 Y133.295 E.00404
G1 X143.395 Y133.476 E.00561
G1 F3000
G1 X143.466 Y133.633 E.00486
G1 X143.667 Y133.956 E.01074
G1 X143.785 Y134.098 E.00521
G1 X143.344 Y131.358 E.07833
G1 X143.706 Y131.358 E.01022
G1 X144.215 Y134.528 E.09062
G1 X144.463 Y134.704 E.00858
G1 X144.605 Y134.704 E.00401
G1 X144.068 Y131.358 E.09565
G1 X144.429 Y131.358 E.01019
G1 X144.967 Y134.704 E.09565
G1 X145.328 Y134.704 E.01019
G1 X144.791 Y131.358 E.09565
G1 X145.153 Y131.358 E.01022
G1 X145.69 Y134.704 E.09565
G1 X146.052 Y134.704 E.01022
G1 X145.514 Y131.358 E.09565
G1 X145.876 Y131.358 E.01022
G1 X146.413 Y134.704 E.09565
G1 X146.775 Y134.704 E.01022
G1 X146.238 Y131.358 E.09565
G1 X146.599 Y131.358 E.01019
G1 X147.137 Y134.704 E.09565
G1 X147.498 Y134.704 E.01019
G1 X146.961 Y131.358 E.09565
G1 X147.323 Y131.358 E.01022
G1 X147.825 Y134.488 E.08947
G1 X147.964 Y134.374 E.00507
G1 X148.139 Y134.187 E.00723
G1 X147.684 Y131.358 E.08087
G1 X148.046 Y131.358 E.01022
G1 X148.437 Y133.795 E.06966
G1 F2700
G1 X148.621 Y133.45 E.01104
G1 X148.706 Y133.219 E.00695
G1 F3000
G1 X148.605 Y132.585 E.01812
G1 X148.408 Y131.358 E.03508
G1 X148.769 Y131.358 E.01019
G1 X148.966 Y132.585 E.03508
G1 F1620
M73 P82 R2
G1 X148.994 Y132.755 E.00486
SET_VELOCITY_LIMIT ACCEL=3000
G1 E-.728 F1800
;WIPE_START
G1 F30000
G1 X148.803 Y131.57 E-.072
;WIPE_END

G1 X147.89 Y131.039 Z2.25714
G1 X147.736 Y129.994 Z2.31429
G1 X148.457 Y129.222 Z2.37143
G1 X149.509 Y129.304 Z2.42857
G1 X150.102 Y130.179 Z2.48571
G1 X149.787 Y131.187 Z2.54286
G1 X148.803 Y131.57 Z2.6
G1 X102.189 Y127.939 Z2.6
G1 Z2.2
G1 E.8 F1800
SET_VELOCITY_LIMIT ACCEL=500
;TYPE:Inner wall
;WIDTH:0.449999
G1 F12000
M106 S247
G1 X102.418 Y127.87 E.00772
G1 X102.685 Y127.896 E.00862
G1 X102.921 Y128.022 E.00861
G1 X103.091 Y128.229 E.00862
G1 X103.169 Y128.485 E.00862
G1 X103.142 Y128.752 E.00862
G1 X103.016 Y128.988 E.00862
G1 X102.809 Y129.158 E.00862
G1 X102.553 Y129.236 E.00862
G1 X102.286 Y129.21 E.00862
G1 X102.05 Y129.083 E.00862
G1 X101.88 Y128.876 E.00862
G1 X101.802 Y128.62 E.00862
G1 X101.829 Y128.353 E.00862
G1 X101.955 Y128.117 E.00862
G1 X102.153 Y127.955 E.00823
G1 X102.075 Y127.564 F30000
;TYPE:Outer wall
;WIDTH:0.419999
G1 F9600
G1 X102.379 Y127.472 E.00948
G1 X102.801 Y127.513 E.01264
G1 X103.175 Y127.713 E.01262
G1 X103.443 Y128.041 E.01263
G1 X103.566 Y128.446 E.01263
G1 X103.525 Y128.868 E.01263
G1 X103.325 Y129.242 E.01263
G1 X102.998 Y129.511 E.01263
G1 X102.592 Y129.634 E.01263
G1 X102.17 Y129.592 E.01263
G1 X101.796 Y129.392 E.01263
G1 X101.528 Y129.065 E.01263
G1 X101.405 Y128.659 E.01263
G1 X101.446 Y128.237 E.01263
G1 X101.646 Y127.864 E.01263
G1 X101.973 Y127.595 E.01263
G1 X102.037 Y127.576 E.00197
SET_VELOCITY_LIMIT ACCEL=3000
G1 E-.728 F1800
;WIPE_START
G1 F30000
G1 X102.379 Y127.472 E-.02148
G1 X102.801 Y127.513 E-.02544
G1 X103.17 Y127.71 E-.02508
;WIPE_END
G1 X102.697 Y128.44 Z2.6
G1 Z2.2
G1 E.8 F1800
SET_VELOCITY_LIMIT ACCEL=500
;TYPE:Internal solid infill
;WIDTH:0.512622
G1 F14109.783
G1 X102.555 Y128.324 E.0068
G1 X102.373 Y128.341 E.00681
G1 X102.256 Y128.483 E.0068
G1 X102.274 Y128.666 E.0068
G1 X102.416 Y128.782 E.0068
G1 X102.598 Y128.764 E.0068
G1 X102.715 Y128.622 E.0068
G1 X102.701 Y128.48 E.00532
SET_VELOCITY_LIMIT ACCEL=3000
G1 E-.728 F1800
;WIPE_START
G1 F30000
G1 X102.715 Y128.622 E-.0086
G1 X102.598 Y128.764 E-.011
G1 X102.416 Y128.782 E-.011
G1 X102.274 Y128.666 E-.011
G1 X102.256 Y128.483 E-.011
G1 X102.373 Y128.341 E-.011
G1 X102.512 Y128.328 E-.00842
;WIPE_END
G1 X110.145 Y128.382 Z2.6
G1 X116.77 Y128.429 Z2.6
G1 Z2.2
G1 E.8 F1800
SET_VELOCITY_LIMIT ACCEL=500
;TYPE:Inner wall
;WIDTH:0.449999
G1 F12000
G1 X116.961 Y128.37 E.00644
G1 X117.228 Y128.397 E.00862
G1 X117.464 Y128.523 E.00861
G1 X117.634 Y128.73 E.00862
G1 X117.712 Y128.986 E.00862
G1 X117.685 Y129.253 E.00862
G1 X117.559 Y129.489 E.00862
G1 X117.352 Y129.659 E.00862
G1 X117.096 Y129.737 E.00862
G1 X116.829 Y129.71 E.00862
G1 X116.593 Y129.584 E.00862
G1 X116.423 Y129.377 E.00862
G1 X116.345 Y129.121 E.00862
G1 X116.372 Y128.854 E.00862
G1 X116.498 Y128.618 E.00862
G1 X116.705 Y128.448 E.00862
G1 X116.731 Y128.44 E.00089
G1 X116.656 Y128.053 F30000
;TYPE:Outer wall
;WIDTH:0.419999
G1 F9600
G1 X116.922 Y127.973 E.00829
G1 X117.344 Y128.014 E.01264
G1 X117.718 Y128.214 E.01262
G1 X117.987 Y128.542 E.01263
G1 X118.11 Y128.947 E.01263
G1 X118.068 Y129.369 E.01263
G1 X117.868 Y129.743 E.01263
G1 X117.541 Y130.012 E.01263
G1 X117.135 Y130.135 E.01263
G1 X116.713 Y130.093 E.01263
G1 X116.339 Y129.893 E.01263
G1 X116.071 Y129.566 E.01263
G1 X115.948 Y129.16 E.01263
G1 X115.989 Y128.738 E.01263
G1 X116.189 Y128.364 E.01263
G1 X116.517 Y128.096 E.01263
G1 X116.618 Y128.065 E.00315
SET_VELOCITY_LIMIT ACCEL=3000
G1 E-.728 F1800
;WIPE_START
G1 F30000
G1 X116.922 Y127.973 E-.0191
G1 X117.344 Y128.014 E-.02544
G1 X117.718 Y128.214 E-.02541
G1 X117.739 Y128.24 E-.00206
;WIPE_END
G1 X116.799 Y128.984 Z2.6
G1 Z2.2
G1 E.8 F1800
SET_VELOCITY_LIMIT ACCEL=500
;TYPE:Internal solid infill
;WIDTH:0.512622
G1 F14109.783
G1 X116.817 Y129.166 E.0068
G1 X116.959 Y129.283 E.0068
G1 X117.141 Y129.265 E.0068
G1 X117.258 Y129.123 E.0068
G1 X117.24 Y128.941 E.0068
G1 X117.098 Y128.824 E.0068
G1 X116.916 Y128.842 E.00681
G1 X116.825 Y128.953 E.00532
SET_VELOCITY_LIMIT ACCEL=3000
G1 E-.728 F1800
;WIPE_START
G1 F30000
G1 X116.916 Y128.842 E-.0086
G1 X117.098 Y128.824 E-.011
G1 X117.24 Y128.941 E-.01099
G1 X117.258 Y129.123 E-.011
G1 X117.141 Y129.265 E-.011
G1 X116.959 Y129.283 E-.011
G1 X116.851 Y129.194 E-.00842
;WIPE_END
G1 X115.478 Y121.686 Z2.6
G1 X114.909 Y118.571 Z2.6
G1 Z2.2
G1 E.8 F1800
SET_VELOCITY_LIMIT ACCEL=500
;TYPE:Inner wall
;WIDTH:0.449999
G1 F12000
G1 X115.103 Y118.675 E.00708
G1 X115.273 Y118.882 E.00862
G1 X115.35 Y119.138 E.00862
G1 X115.324 Y119.404 E.00862
G1 X115.198 Y119.641 E.00862
G1 X114.991 Y119.811 E.00862
G1 X114.735 Y119.888 E.00862
G1 X114.468 Y119.862 E.00862
G1 X114.232 Y119.736 E.00862
G1 X114.062 Y119.529 E.00862
G1 X113.984 Y119.273 E.00862
G1 X114.01 Y119.006 E.00862
G1 X114.137 Y118.77 E.00862
G1 X114.344 Y118.6 E.00862
G1 X114.6 Y118.522 E.00862
G1 X114.867 Y118.548 E.00862
G1 X114.873 Y118.552 E.00025
G1 X115.094 Y118.225 F30000
;TYPE:Outer wall
;WIDTH:0.419999
G1 F9600
G1 X115.356 Y118.366 E.00888
G1 X115.625 Y118.693 E.01263
G1 X115.748 Y119.099 E.01263
G1 X115.707 Y119.521 E.01263
G1 X115.507 Y119.894 E.01263
G1 X115.179 Y120.163 E.01263
G1 X114.774 Y120.286 E.01263
G1 X114.352 Y120.245 E.01263
G1 X113.978 Y120.045 E.01263
G1 X113.709 Y119.717 E.01263
G1 X113.586 Y119.312 E.01263
G1 X113.628 Y118.89 E.01263
G1 X113.828 Y118.516 E.01263
G1 X114.155 Y118.247 E.01263
G1 X114.561 Y118.124 E.01264
G1 X114.983 Y118.166 E.01264
G1 X115.058 Y118.206 E.00255
SET_VELOCITY_LIMIT ACCEL=3000
G1 E-.728 F1800
;WIPE_START
G1 F30000
G1 X115.356 Y118.366 E-.02028
G1 X115.625 Y118.693 E-.02543
G1 X115.748 Y119.099 E-.02543
G1 X115.747 Y119.113 E-.00086
;WIPE_END
G1 X114.598 Y119.434 Z2.6
G1 Z2.2
G1 E.8 F1800
SET_VELOCITY_LIMIT ACCEL=500
;TYPE:Internal solid infill
;WIDTH:0.512622
G1 F14109.797
G1 X114.78 Y119.416 E.0068
G1 X114.896 Y119.275 E.0068
G1 X114.878 Y119.092 E.0068
G1 X114.737 Y118.976 E.0068
G1 X114.554 Y118.994 E.00681
G1 X114.438 Y119.136 E.0068
G1 X114.456 Y119.318 E.0068
G1 X114.567 Y119.409 E.00532
M106 S250
;LAYER_CHANGE
;Z:2.4
;HEIGHT:0.2
;BEFORE_LAYER_CHANGE
;2.4
G92 E0

G1 E-.728 F1800
;WIPE_START
G1 F30000
G1 X114.456 Y119.318 E-.0086
G1 X114.438 Y119.136 E-.011
G1 X114.554 Y118.994 E-.011
G1 X114.737 Y118.976 E-.011
G1 X114.878 Y119.092 E-.01099
G1 X114.896 Y119.275 E-.011
G1 X114.807 Y119.383 E-.00842
;WIPE_END
M73 L12
;LAYER:12
SET_PRINT_STATS_INFO TOTAL_LAYER=16 CURRENT_LAYER=12
;_SET_FAN_SPEED_CHANGING_LAYER
SET_VELOCITY_LIMIT ACCEL=3000

G1 X115.714 Y119.926 Z2.45714
G1 X115.854 Y120.972 Z2.51429
G1 X115.124 Y121.735 Z2.57143
G1 X114.072 Y121.639 Z2.62857
G1 X113.491 Y120.758 Z2.68571
G1 X113.818 Y119.753 Z2.74286
G1 X114.807 Y119.383 Z2.8
G1 X139.184 Y121.598 Z2.8
G1 Z2.4
G1 E.8 F1800
SET_VELOCITY_LIMIT ACCEL=500
;TYPE:Inner wall
;WIDTH:0.449999
G1 F12000
G1 X139.131 Y121.472 E.00439
G1 X139.019 Y120.849 E.02036
G1 X139.018 Y120.216 E.02036
G1 X139.156 Y119.598 E.02037
G1 X139.403 Y119.01 E.02053
G1 X139.803 Y118.367 E.02437
G1 X140.132 Y117.935 E.01746
G1 X140.41 Y117.75 E.01075
G1 X140.784 Y117.624 E.01269
G1 X141.695 Y117.411 E.03009
G1 X142.327 Y117.381 E.02036
G1 X142.952 Y117.463 E.02029
G1 X143.547 Y117.681 E.02039
G1 X144.093 Y117.999 E.02034
G1 X144.557 Y118.43 E.02036
G1 X144.94 Y118.938 E.02049
G1 X145.23 Y119.462 E.01926
G1 X145.446 Y119.623 E.00866
G1 X146.055 Y119.852 E.02095
G1 X146.342 Y119.803 E.00936
G1 X146.551 Y119.644 E.00844
G1 X146.879 Y119.24 E.01677
G1 X147.165 Y118.77 E.0177
G1 X147.578 Y118.287 E.02045
G1 X148.067 Y117.887 E.02033
G1 X148.633 Y117.602 E.02038
G1 X149.239 Y117.422 E.02035
G1 X149.872 Y117.379 E.0204
G1 X150.51 Y117.45 E.02066
G1 X151.28 Y117.647 E.02557
G1 X151.727 Y117.827 E.0155
G1 X151.869 Y117.954 E.00613
G1 X152.176 Y118.337 E.0158
G1 X152.69 Y119.197 E.03223
G1 X152.898 Y119.795 E.02037
G1 X152.995 Y120.413 E.02012
G1 X152.955 Y121.047 E.02044
G1 X152.805 Y121.659 E.02029
G1 X152.524 Y122.227 E.02038
G1 X152.216 Y122.65 E.01684
G1 X151.8 Y123.103 E.01979
G1 X151.677 Y123.3 E.00747
G1 X151.647 Y123.594 E.00951
G1 X151.766 Y124.084 E.01623
G1 X151.908 Y124.345 E.00955
G1 X152.149 Y124.497 E.00917
G1 X153.329 Y124.842 E.03955
G1 X153.894 Y125.125 E.02035
G1 X154.384 Y125.525 E.02035
G1 X154.796 Y126.006 E.02038
G1 X155.093 Y126.565 E.02038
G1 X155.287 Y127.167 E.02035
G1 X155.352 Y127.722 E.01796
G1 X155.387 Y128.357 E.02048
G1 X155.337 Y128.849 E.01591
G1 X155.09 Y129.266 E.01557
G1 X154.509 Y129.958 E.02909
G1 X154.128 Y130.31 E.01669
G1 X153.598 Y130.656 E.02034
G1 X153.005 Y130.877 E.02036
G1 X152.383 Y130.991 E.02037
G1 X151.751 Y130.965 E.02036
G1 X151.132 Y130.829 E.02037
G1 X150.665 Y130.637 E.01626
G1 X150.076 Y130.451 E.01986
G1 X149.82 Y130.472 E.00828
G1 X149.573 Y130.626 E.00938
G1 X149.165 Y131.089 E.01985
G1 X149.099 Y131.375 E.00945
G1 X149.172 Y131.918 E.01764
G1 X149.173 Y132.562 E.02071
G1 X149.061 Y133.185 E.02037
G1 X148.816 Y133.769 E.02037
G1 X148.472 Y134.3 E.02036
G1 X148.021 Y134.743 E.02036
G1 X147.498 Y135.1 E.02037
G1 X147.039 Y135.304 E.01617
G1 X146.258 Y135.596 E.02682
G1 X145.922 Y135.623 E.01085
G1 X145.569 Y135.546 E.01163
G1 X144.857 Y135.261 E.02466
G1 X144.329 Y135.002 E.01895
G1 X143.829 Y134.614 E.02036
G1 X143.406 Y134.143 E.02037
G1 X143.096 Y133.594 E.02028
M73 P83 R2
G1 X142.887 Y132.993 E.02047
G1 X142.814 Y132.365 E.02036
G1 X142.86 Y131.67 E.02241
G1 X142.838 Y131.098 E.01843
G1 X142.788 Y130.887 E.00695
G1 X142.669 Y130.713 E.0068
G1 X142.411 Y130.563 E.0096
G1 X141.818 Y130.501 E.01919
G1 X141.53 Y130.549 E.00938
G1 X140.959 Y130.79 E.01995
G1 X140.47 Y130.928 E.01636
G1 X139.841 Y130.999 E.02038
G1 X139.212 Y130.929 E.02037
G1 X138.605 Y130.75 E.02036
G1 X138.051 Y130.442 E.02038
G1 X137.561 Y130.043 E.02033
G1 X137.01 Y129.4 E.02725
G1 X136.732 Y129.014 E.01531
G1 X136.623 Y128.699 E.01073
G1 X136.603 Y128.321 E.01216
G1 X136.673 Y127.393 E.02995
G1 X136.825 Y126.775 E.02047
G1 X137.081 Y126.197 E.02036
G1 X137.459 Y125.688 E.02038
G1 X137.919 Y125.255 E.02035
G1 X138.464 Y124.932 E.02038
G1 X139.057 Y124.71 E.02036
G1 X139.642 Y124.586 E.01926
G1 X140.135 Y124.282 E.01862
G1 X140.328 Y124.08 E.00901
G1 X140.404 Y123.818 E.00875
G1 X140.35 Y123.547 E.0089
G1 X140.093 Y123.009 E.01918
G1 X139.724 Y122.591 E.01796
G1 X139.376 Y122.055 E.02056
G1 X139.199 Y121.635 E.01466
G1 X138.824 Y121.749 F30000
;TYPE:Outer wall
;WIDTH:0.419999
G1 F9600
G1 X138.754 Y121.583 E.00536
G1 X138.628 Y120.884 E.02118
G1 X138.628 Y120.173 E.02118
G1 X138.783 Y119.479 E.02119
G1 X139.058 Y118.822 E.02124
G1 X139.504 Y118.105 E.02517
G1 X139.867 Y117.64 E.01759
G1 X140.236 Y117.395 E.0132
G1 X140.676 Y117.247 E.01385
G1 X141.395 Y117.078 E.022
G1 X142.104 Y116.98 E.02132
G1 X142.813 Y117.041 E.02121
G1 X143.498 Y117.225 E.02116
G1 X144.128 Y117.555 E.0212
G1 X144.689 Y117.991 E.02117
G1 X145.155 Y118.559 E.0219
G1 X145.508 Y119.177 E.0212
G1 X145.6 Y119.263 E.00377
G1 X146.071 Y119.459 E.01521
G1 X146.228 Y119.416 E.00484
G1 X146.574 Y118.993 E.0163
G1 X146.841 Y118.548 E.01545
G1 X147.304 Y118.007 E.02124
G1 X147.853 Y117.557 E.02115
G1 X148.488 Y117.238 E.0212
G1 X149.169 Y117.036 E.02117
G1 X149.88 Y116.987 E.02122
G1 X150.589 Y117.065 E.02126
G1 X151.377 Y117.267 E.02426
G1 X151.944 Y117.496 E.01823
G1 X152.275 Y117.792 E.01325
G1 X152.543 Y118.179 E.01402
G1 X153.043 Y119.023 E.02925
G1 X153.278 Y119.7 E.02133
G1 X153.388 Y120.394 E.02096
G1 X153.343 Y121.106 E.02125
G1 X153.174 Y121.794 E.02112
G1 X152.858 Y122.431 E.0212
G1 X152.432 Y123.007 E.02134
G1 X152.084 Y123.373 E.01507
G1 X152.032 Y123.491 E.00384
G1 X152.146 Y123.99 E.01526
G1 X152.24 Y124.111 E.00456
G1 X153.473 Y124.477 E.03832
G1 X154.108 Y124.795 E.02117
G1 X154.658 Y125.245 E.02117
G1 X155.121 Y125.785 E.0212
G1 X155.454 Y126.413 E.0212
G1 X155.672 Y127.089 E.02117
G1 X155.744 Y127.701 E.01836
G1 X155.789 Y128.536 E.02495
G1 X155.713 Y128.975 E.01328
G1 X155.596 Y129.202 E.0076
G1 X155.393 Y129.514 E.01108
G1 X154.79 Y130.232 E.02795
G1 X154.37 Y130.618 E.01701
G1 X153.775 Y131.006 E.02117
G1 X153.11 Y131.255 E.02118
G1 X152.41 Y131.383 E.02119
G1 X151.7 Y131.354 E.02118
G1 X151.006 Y131.201 E.02119
G1 X150.541 Y131.009 E.01499
G1 X149.989 Y130.837 E.01723
G1 X149.857 Y130.896 E.00431
G1 X149.499 Y131.301 E.01611
G1 X149.584 Y132.36 E.03166
G1 X149.49 Y133.065 E.02121
G1 X149.274 Y133.742 E.02116
G1 X148.914 Y134.356 E.02121
G1 X148.453 Y134.895 E.02116
G1 X147.884 Y135.322 E.0212
G1 X147.411 Y135.569 E.01589
G1 X146.845 Y135.806 E.01831
G1 X146.338 Y135.982 E.01599
G1 X145.896 Y136.019 E.01323
G1 X145.453 Y135.922 E.01349
G1 X144.712 Y135.625 E.02382
G1 X144.123 Y135.337 E.01954
G1 X143.562 Y134.901 E.02118
G1 X143.086 Y134.372 E.02119
G1 X142.739 Y133.755 E.0211
G1 X142.504 Y133.082 E.02127
G1 X142.422 Y132.375 E.02119
G1 X142.468 Y131.651 E.02163
G1 X142.446 Y131.115 E.01599
G1 X142.403 Y131.002 E.0036
G1 X142.275 Y130.935 E.0043
G1 X141.69 Y130.907 E.01746
G1 X141.087 Y131.16 E.01949
G1 X140.548 Y131.313 E.0167
G1 X139.841 Y131.391 E.0212
G1 X139.134 Y131.313 E.02119
G1 X138.453 Y131.112 E.02118
G1 X137.831 Y130.767 E.0212
G1 X137.281 Y130.318 E.02116
G1 X136.713 Y129.655 E.02602
G1 X136.379 Y129.193 E.01699
G1 X136.234 Y128.775 E.01319
G1 X136.21 Y128.317 E.01367
G1 X136.284 Y127.34 E.0292
G1 X136.454 Y126.648 E.02122
G1 X136.742 Y125.999 E.02118
G1 X137.166 Y125.428 E.0212
G1 X137.683 Y124.941 E.02117
G1 X138.295 Y124.578 E.0212
G1 X138.96 Y124.329 E.02117
G1 X139.484 Y124.228 E.0159
G1 X139.925 Y123.951 E.01551
G1 X139.997 Y123.866 E.00333
G1 X139.995 Y123.713 E.00458
G1 X139.738 Y123.192 E.01728
G1 X139.298 Y122.669 E.02039
G1 X139.03 Y122.238 E.01513
G1 X138.839 Y121.786 E.01461
SET_VELOCITY_LIMIT ACCEL=3000
G1 E-.728 F1800
;WIPE_START
G1 F30000
G1 X138.754 Y121.583 E-.01319
G1 X138.628 Y120.884 E-.04265
G1 X138.628 Y120.614 E-.01616
;WIPE_END
G1 X138.04 Y125.678 Z2.8
G1 Z2.4
G1 E.8 F1800
SET_VELOCITY_LIMIT ACCEL=500
;TYPE:Internal solid infill
;WIDTH:0.422063
G1 F15000
G1 X138.074 Y125.623 E.00195
;WIDTH:0.409015
G1 X138.108 Y125.568 E.00188
SET_VELOCITY_LIMIT ACCEL=3000
G1 E-.7961 F1800
;WIPE_START
G1 F30000
G1 X138.074 Y125.623 E-.0039
;WIPE_END
G1 X137.252 Y126.231 Z2.8
G1 Z2.4
G1 E.8 F1800
SET_VELOCITY_LIMIT ACCEL=250
;TYPE:Bridge
;WIDTH:0.4
G1 F3000
M106 S255
G1 X137.252 Y129.189 E.08347
G1 X137.609 Y129.605 E.01548
G1 X137.609 Y126.163 E.09716
G1 X137.966 Y126.059 E.01049
G1 X137.966 Y129.973 E.11048
G1 X138.074 Y130.07 E.00411
G1 X138.323 Y130.239 E.00847
G1 X138.323 Y126.012 E.11931
G1 X138.68 Y126.013 E.01008
G1 X138.68 Y130.429 E.12462
G1 X139.037 Y130.559 E.01073
G1 X139.037 Y126.066 E.12681
G1 X139.394 Y126.174 E.01053
G1 X139.394 Y130.638 E.12601
G1 X139.751 Y130.671 E.01012
G1 X139.751 Y126.343 E.12215
G1 X140.108 Y126.589 E.01224
G1 X140.108 Y130.516 E.11084
G1 X140.289 Y130.352 E.00689
G1 X140.465 Y130.155 E.00746
G1 X140.465 Y126.95 E.09048
G1 X140.634 Y127.186 E.00819
G1 X140.822 Y127.54 E.01132
G1 X140.822 Y129.918 E.06713
SET_VELOCITY_LIMIT ACCEL=3000
G1 X140.729 Y130.404 F30000
SET_VELOCITY_LIMIT ACCEL=500
;TYPE:Internal solid infill
;WIDTH:0.438128
G1 F15000
M106 S250
G1 X140.655 Y130.446 E.00267
G1 X140.733 Y130.481 E.00269
SET_VELOCITY_LIMIT ACCEL=3000
G1 E-.7897 F1800
;WIPE_START
G1 F30000
G1 X140.655 Y130.446 E-.00516
G1 X140.729 Y130.404 E-.00513
;WIPE_END

G1 X141.443 Y131.182 Z2.45714
G1 X141.279 Y132.225 Z2.51429
G1 X140.361 Y132.748 Z2.57143
G1 X139.381 Y132.356 Z2.62857
G1 X139.075 Y131.346 Z2.68571
G1 X139.675 Y130.476 Z2.74286
M73 P84 R2
G1 X140.729 Y130.404 Z2.8
G1 X148.725 Y133.596 Z2.8
G1 Z2.4
G1 E.8 F1800
SET_VELOCITY_LIMIT ACCEL=500
;WIDTH:0.42508
G1 F15000
G1 X147.939 Y134.382 E.03358
G1 X147.664 Y134.607 E.01074
G1 X147.342 Y134.807 E.01145
G1 X146.692 Y135.088 E.02139
G1 X148.759 Y133.022 E.08827
G1 X148.826 Y132.721 E.00931
G1 X148.856 Y132.384 E.01023
G1 X145.951 Y135.289 E.12409
G1 X145.666 Y135.229 E.0088
G1 X145.527 Y135.173 E.00454
G1 X148.831 Y131.868 E.14118
G1 X148.768 Y131.391 E.01454
G1 X145.141 Y135.018 E.15496
G1 X144.762 Y134.856 E.01243
G1 X150.146 Y129.473 E.22998
G1 X150.117 Y128.961 E.01547
G1 X144.418 Y134.66 E.24343
G1 X144.113 Y134.425 E.01164
G1 X150.467 Y128.071 E.27144
SET_VELOCITY_LIMIT ACCEL=3000
G1 E-.728 F1800
;WIPE_START
G1 F30000
G1 X149.618 Y128.919 E-.072
;WIPE_END
G1 X152.046 Y126.492 Z2.8
G1 Z2.4
G1 E.8 F1800
SET_VELOCITY_LIMIT ACCEL=500
G1 F15000
G1 X153.336 Y125.201 E.05513
G1 X152.942 Y125.055 E.01271
G1 X143.843 Y134.154 E.38869
G1 X143.611 Y133.846 E.01166
G1 X152.516 Y124.94 E.38045
G1 X152.091 Y124.825 E.01331
G1 X143.417 Y133.499 E.37055
G1 X143.322 Y133.289 E.00696
G1 X143.267 Y133.108 E.00571
G1 X151.743 Y124.632 E.36209
G1 X151.669 Y124.575 E.00284
G1 X151.506 Y124.33 E.0089
G1 X143.169 Y132.666 E.35612
G1 X143.15 Y132.546 E.00368
G1 X143.141 Y132.154 E.01185
G1 X151.385 Y123.909 E.35219
G1 X151.319 Y123.644 E.00825
G1 X151.31 Y123.445 E.00604
G1 X143.189 Y131.566 E.34692
G1 X143.164 Y131.05 E.01561
G1 X152.366 Y121.834 E.39337
G1 X152.095 Y121.745 E.00861
G1 X151.771 Y121.903 E.01089
G1 X143.032 Y130.642 E.37332
G1 X142.905 Y130.48 E.00621
G1 X142.765 Y130.368 E.00541
M73 P84 R1
G1 X151.038 Y122.095 E.35343
G1 X150.722 Y122.119 E.00956
G1 X150.48 Y122.112 E.00732
G1 X142.372 Y130.221 E.34637
G1 X141.87 Y130.182 E.0152
G1 X150.009 Y122.043 E.34768
G1 X149.596 Y121.915 E.01305
G1 X141.161 Y130.351 E.36035
G1 X141.098 Y130.379 E.00208
G1 X140.829 Y130.283 E.00863
G1 X141.068 Y129.903 E.01357
G1 X149.231 Y121.74 E.34871
G1 X148.906 Y121.525 E.01178
G1 X141.352 Y129.079 E.32269
G1 X141.388 Y128.81 E.00819
G1 X141.399 Y128.491 E.00964
G1 X148.615 Y121.275 E.30829
G1 X148.362 Y120.987 E.01157
M73 P85 R1
G1 X141.347 Y128.002 E.29967
G1 X141.231 Y127.579 E.01328
G1 X148.145 Y120.664 E.29539
G1 X147.967 Y120.302 E.01219
G1 X141.068 Y127.201 E.29474
G1 X140.862 Y126.867 E.01187
G1 X147.836 Y119.892 E.29795
G1 X147.762 Y119.426 E.01425
G1 X140.619 Y126.569 E.30514
G1 X140.342 Y126.306 E.01155
G1 X147.934 Y118.713 E.32435
SET_VELOCITY_LIMIT ACCEL=3000
G1 E-.728 F1800
;WIPE_START
G1 F30000
G1 X147.086 Y119.562 E-.072
;WIPE_END
G1 X146.092 Y120.015 Z2.8
G1 Z2.4
G1 E.8 F1800
SET_VELOCITY_LIMIT ACCEL=500
G1 F15000
G1 X140.027 Y126.08 E.2591
G1 X139.674 Y125.893 E.01207
G1 X145.544 Y120.023 E.25074
G1 X145.177 Y119.849 E.01225
G1 X139.278 Y125.748 E.25203
G1 X138.827 Y125.659 E.01388
G1 X139.527 Y124.959 E.02991
G1 X139.631 Y124.939 E.0032
G1 X139.891 Y124.829 E.00852
G1 X140.433 Y124.472 E.01962
G1 X140.615 Y124.247 E.00871
G1 X140.691 Y124.074 E.00573
G1 X140.726 Y123.928 E.00454
G1 X140.732 Y123.754 E.00525
G1 X144.908 Y119.577 E.17842
G1 X144.718 Y119.227 E.01204
G1 X140.614 Y123.332 E.17534
G1 X140.438 Y122.967 E.01223
G1 X144.509 Y118.895 E.17393
G1 X144.265 Y118.6 E.0116
G1 X140.215 Y122.649 E.17299
G1 X139.965 Y122.359 E.01158
G1 X143.984 Y118.34 E.17167
G1 X143.666 Y118.118 E.01172
G1 X139.743 Y122.04 E.16757
G1 X139.561 Y121.682 E.01215
G1 X143.308 Y117.935 E.16007
G1 X142.906 Y117.796 E.01284
G1 X139.426 Y121.277 E.14868
G1 X139.365 Y121.008 E.00831
G1 X139.348 Y120.814 E.00589
G1 X142.444 Y117.718 E.13227
G1 X142.122 Y117.704 E.00976
G1 X141.897 Y117.725 E.00682
G1 X139.347 Y120.274 E.10892
G1 X139.414 Y119.879 E.01211
G1 X139.513 Y119.568 E.00988
G1 X141.219 Y117.862 E.07285
G1 X140.875 Y117.943 E.01067
G1 X140.557 Y118.05 E.01012
G1 X140.359 Y118.182 E.0072
G1 X139.695 Y118.846 E.02836
SET_VELOCITY_LIMIT ACCEL=3000
G1 E-.728 F1800
;WIPE_START
G1 F30000
G1 X140.359 Y118.182 E-.05632
G1 X140.557 Y118.05 E-.0143
G1 X140.579 Y118.043 E-.00137
;WIPE_END
G1 X139.07 Y124.875 Z2.8
G1 Z2.4
G1 E.8 F1800
SET_VELOCITY_LIMIT ACCEL=500
G1 F15000
G1 X138.149 Y125.796 E.03933
SET_VELOCITY_LIMIT ACCEL=3000
G1 E-.728 F1800
;WIPE_START
G1 F30000
G1 X138.998 Y124.947 E-.072
;WIPE_END
G1 X146.483 Y123.457 Z2.8
G1 X152.195 Y122.32 Z2.8
G1 Z2.4
G1 E.8 F1800
SET_VELOCITY_LIMIT ACCEL=500
;TYPE:Gap infill
;WIDTH:0.105682
G1 F15000
G1 X151.954 Y122.587 E.00178
;WIDTH:0.132072
G1 X151.561 Y122.993 E.00399
;WIDTH:0.158951
G1 X151.487 Y123.091 E.00112
;WIDTH:0.192515
G1 X151.412 Y123.19 E.00147
G1 X151.461 Y123.298 E.0014
SET_VELOCITY_LIMIT ACCEL=3000
G1 E-.78539 F1800
;WIPE_START
G1 F30000
G1 X151.412 Y123.19 E-.00713
G1 X151.487 Y123.091 E-.00748
;WIPE_END
G1 X153.561 Y125.173 Z2.8
G1 Z2.4
G1 E.8 F1800
SET_VELOCITY_LIMIT ACCEL=500
;WIDTH:0.168437
G1 F15000
G1 X153.592 Y125.243 E.00076
;WIDTH:0.2251
G1 X153.623 Y125.314 E.00111
G1 X153.61 Y125.328 E.00028
G1 X152.57 Y126.367 E.02116
SET_VELOCITY_LIMIT ACCEL=3000
G1 E-.728 F1800
;WIPE_START
G1 F30000
G1 X153.419 Y125.519 E-.072
;WIPE_END
G1 X150.369 Y129.643 Z2.8
G1 Z2.4
G1 E.8 F1800
SET_VELOCITY_LIMIT ACCEL=500
;WIDTH:0.21679
G1 F15000
G1 X149.844 Y130.168 E.0102
G1 X149.57 Y130.319 E.00431
SET_VELOCITY_LIMIT ACCEL=3000
G1 X150.247 Y129.96 F30000
SET_VELOCITY_LIMIT ACCEL=500
;TYPE:Internal solid infill
;WIDTH:0.55518
G1 F12937.557
G1 X150.183 Y129.96 E.00259
G1 X150.151 Y130.015 E.00259
G1 X150.183 Y130.071 E.00259
G1 X150.247 Y130.071 E.00259
G1 X150.259 Y130.05 E.00097
SET_VELOCITY_LIMIT ACCEL=3000
G1 E-.78319 F1800
;WIPE_START
G1 F30000
G1 X150.247 Y130.071 E-.00144
G1 X150.183 Y130.071 E-.00384
G1 X150.151 Y130.015 E-.00384
G1 X150.183 Y129.96 E-.00384
G1 X150.247 Y129.96 E-.00384
;WIPE_END
G1 X148.887 Y131.062 Z2.8
G1 Z2.4
G1 E.8 F1800
SET_VELOCITY_LIMIT ACCEL=500
;WIDTH:0.38292
G1 F15000
G1 X148.824 Y131.099 E.00198
G1 X148.889 Y131.134 E.00198
SET_VELOCITY_LIMIT ACCEL=3000
G1 E-.79116 F1800
;WIPE_START
G1 F30000
G1 X148.824 Y131.099 E-.00442
G1 X148.887 Y131.062 E-.00442
;WIPE_END
G1 X151.011 Y130.606 Z2.8
G1 Z2.4
G1 E.8 F1800
M73 P86 R1
SET_VELOCITY_LIMIT ACCEL=250
;TYPE:Bridge
;WIDTH:0.4
G1 F3000
M106 S255
G1 X152.779 Y130.606 E.04988
G1 X153.103 Y130.517 E.0095
G1 X153.453 Y130.368 E.01073
G1 X153.655 Y130.249 E.0066
G1 X150.779 Y130.249 E.08116
G1 X150.625 Y129.892 E.01098
G1 X154.126 Y129.892 E.09881
G1 X154.455 Y129.535 E.01371
G1 X150.527 Y129.535 E.11086
G1 X150.486 Y129.178 E.01015
G1 X154.747 Y129.178 E.12027
G1 X154.909 Y128.98 E.00721
G1 X154.99 Y128.821 E.00505
G1 X150.492 Y128.821 E.12697
G1 X150.552 Y128.464 E.01022
G1 X155.071 Y128.464 E.12755
G1 X155.052 Y128.107 E.01009
G1 X150.664 Y128.107 E.12384
G1 X150.842 Y127.75 E.01126
G1 X155.033 Y127.75 E.11828
G1 X155 Y127.44 E.00878
G1 X154.959 Y127.393 E.00178
G1 X151.098 Y127.393 E.10898
G1 X151.255 Y127.226 E.00647
G1 X151.476 Y127.036 E.00823
G1 X154.581 Y127.036 E.08765
G1 X154.25 Y126.818 E.01117
G1 X153.948 Y126.678 E.00942
G1 X151.728 Y126.678 E.06265
SET_VELOCITY_LIMIT ACCEL=3000
G1 E-.728 F1800
;WIPE_START
G1 F30000
G1 X152.928 Y126.678 E-.072
;WIPE_END
G1 X153.096 Y126.078 Z2.8
G1 Z2.4
G1 E.8 F1800
SET_VELOCITY_LIMIT ACCEL=500
;TYPE:Internal solid infill
;WIDTH:0.569315
G1 F12590.152
M106 S250
G1 X153.615 Y126.134 E.02174
G1 X154.009 Y126.237 E.01693
G1 X154.535 Y126.482 E.02411
G1 X154.194 Y125.994 E.02477
G1 X153.817 Y125.659 E.02098
G1 X153.637 Y125.537 E.00905
G1 X153.124 Y126.049 E.03015
SET_VELOCITY_LIMIT ACCEL=3000
G1 E-.728 F1800
;WIPE_START
G1 F30000
G1 X153.637 Y125.537 E-.04348
G1 X153.817 Y125.659 E-.01305
G1 X154.009 Y125.83 E-.01547
;WIPE_END
G1 X152.38 Y121.557 Z2.8
G1 Z2.4
G1 E.8 F1800
SET_VELOCITY_LIMIT ACCEL=500
;WIDTH:0.474296
G1 F15000
G1 X152.326 Y121.557 E.00184
G1 X152.299 Y121.603 E.00184
G1 X152.326 Y121.65 E.00184
G1 X152.387 Y121.638 E.00212
SET_VELOCITY_LIMIT ACCEL=3000
G1 X151.766 Y121.679 F30000
SET_VELOCITY_LIMIT ACCEL=250
;TYPE:Bridge
;WIDTH:0.4
G1 F3000
M106 S255
G1 X150.067 Y121.679 E.04796
G1 X149.673 Y121.55 E.01171
G1 X149.251 Y121.322 E.01355
G1 X152.084 Y121.322 E.07998
G1 X152.295 Y121.165 E.00743
G1 X152.508 Y120.965 E.00824
G1 X148.827 Y120.965 E.10391
G1 X148.541 Y120.608 E.0129
G1 X152.671 Y120.608 E.11655
G1 X152.654 Y120.251 E.01009
G1 X148.346 Y120.251 E.12159
G1 X148.215 Y119.894 E.01073
G1 X152.591 Y119.894 E.12351
G1 X152.538 Y119.682 E.00617
G1 X152.48 Y119.537 E.00441
G1 X148.143 Y119.537 E.12242
G1 X148.12 Y119.18 E.0101
G1 X152.307 Y119.18 E.11818
G1 X152.096 Y118.823 E.01171
G1 X148.15 Y118.823 E.11136
G1 X148.23 Y118.466 E.01032
G1 X151.874 Y118.466 E.10287
G1 X151.737 Y118.267 E.00681
G1 X151.56 Y118.109 E.00672
G1 X148.37 Y118.109 E.09003
G1 X148.385 Y118.077 E.00099
G1 X148.574 Y117.971 E.00611
G1 X148.927 Y117.831 E.01073
G1 X149.246 Y117.752 E.00926
G1 X151.043 Y117.752 E.05072
SET_VELOCITY_LIMIT ACCEL=3000
G1 E-.728 F1800
;WIPE_START
G1 F30000
G1 X149.843 Y117.752 E-.072
;WIPE_END
G1 X147.426 Y118.95 Z2.8
G1 Z2.4
G1 E.8 F1800
SET_VELOCITY_LIMIT ACCEL=500
;TYPE:Internal solid infill
;WIDTH:0.38292
G1 F15000
M106 S250
G1 X147.681 Y118.664 E.01028
G1 X147.782 Y118.616 E.003
SET_VELOCITY_LIMIT ACCEL=3000
G1 E-.77034 F1800
;WIPE_START
G1 F30000
G1 X147.681 Y118.664 E-.00671
G1 X147.426 Y118.95 E-.02296
;WIPE_END
G1 X146.373 Y120.038 Z2.8
G1 Z2.4
G1 E.8 F1800
SET_VELOCITY_LIMIT ACCEL=500
G1 F15000
G1 X146.309 Y120.075 E.00198
G1 X146.374 Y120.11 E.00198
SET_VELOCITY_LIMIT ACCEL=3000
G1 E-.79116 F1800
;WIPE_START
G1 F30000
G1 X146.309 Y120.075 E-.00442
G1 X146.373 Y120.038 E-.00442
;WIPE_END
G1 X138.875 Y121.469 Z2.8
G1 X103.12 Y128.29 Z2.8
G1 Z2.4
G1 E.8 F1800
M73 P87 R1
SET_VELOCITY_LIMIT ACCEL=500
;TYPE:Inner wall
;WIDTH:0.449999
G1 F12000
G1 X103.172 Y128.553 E.00862
G1 X103.12 Y128.815 E.00862
G1 X102.971 Y129.038 E.00862
G1 X102.748 Y129.187 E.00862
G1 X102.485 Y129.239 E.00862
G1 X102.223 Y129.187 E.00862
G1 X102 Y129.038 E.00862
G1 X101.851 Y128.815 E.00862
G1 X101.799 Y128.553 E.00862
G1 X101.851 Y128.29 E.00862
G1 X102 Y128.067 E.00862
G1 X102.171 Y127.953 E.00662
G1 X102.386 Y127.87 E.0074
G1 X102.744 Y127.916 E.01163
G1 X102.971 Y128.067 E.00877
G1 X103.097 Y128.257 E.00733
G1 X103.499 Y128.189 F30000
;TYPE:Outer wall
;WIDTH:0.419999
G1 F9600
G1 X103.572 Y128.553 E.01106
G1 X103.489 Y128.968 E.01263
G1 X103.254 Y129.321 E.01263
G1 X102.901 Y129.556 E.01263
G1 X102.485 Y129.639 E.01263
G1 X102.07 Y129.556 E.01263
G1 X101.717 Y129.321 E.01263
G1 X101.482 Y128.968 E.01263
G1 X101.399 Y128.553 E.01263
G1 X101.482 Y128.137 E.01263
G1 X101.717 Y127.785 E.01263
G1 X102.078 Y127.544 E.01292
G1 X102.521 Y127.467 E.01341
G1 X102.9 Y127.548 E.01155
G1 X103.254 Y127.785 E.01268
G1 X103.489 Y128.137 E.01263
G1 X103.492 Y128.15 E.00038
SET_VELOCITY_LIMIT ACCEL=3000
G1 E-.728 F1800
;WIPE_START
G1 F30000
G1 X103.572 Y128.553 E-.02466
G1 X103.489 Y128.968 E-.02543
G1 X103.286 Y129.272 E-.02191
;WIPE_END
G1 X102.707 Y128.461 Z2.8
G1 Z2.4
G1 E.8 F1800
SET_VELOCITY_LIMIT ACCEL=500
;TYPE:Internal solid infill
;WIDTH:0.512628
G1 F14109.602
G1 X102.57 Y128.327 E.00711
G1 X102.422 Y128.313 E.00554
G1 X102.264 Y128.461 E.00802
G1 X102.264 Y128.644 E.0068
G1 X102.394 Y128.774 E.0068
G1 X102.577 Y128.774 E.00681
G1 X102.707 Y128.644 E.0068
G1 X102.707 Y128.501 E.00532
SET_VELOCITY_LIMIT ACCEL=3000
G1 E-.728 F1800
;WIPE_START
G1 F30000
G1 X102.707 Y128.644 E-.0086
G1 X102.577 Y128.774 E-.011
G1 X102.394 Y128.774 E-.011
G1 X102.264 Y128.644 E-.011
G1 X102.264 Y128.461 E-.011
G1 X102.422 Y128.313 E-.01297
G1 X102.529 Y128.323 E-.00645
;WIPE_END
G1 X110.133 Y128.983 Z2.8
G1 X116.543 Y129.539 Z2.8
G1 Z2.4
G1 E.8 F1800
SET_VELOCITY_LIMIT ACCEL=500
;TYPE:Inner wall
;WIDTH:0.449999
G1 F12000
G1 X116.394 Y129.316 E.00862
G1 X116.342 Y129.054 E.00862
G1 X116.394 Y128.791 E.00862
G1 X116.543 Y128.568 E.00862
G1 X116.714 Y128.454 E.00662
G1 X116.929 Y128.371 E.0074
G1 X117.287 Y128.417 E.01163
G1 X117.514 Y128.568 E.00877
G1 X117.663 Y128.791 E.00862
G1 X117.715 Y129.054 E.00862
G1 X117.663 Y129.316 E.00862
G1 X117.514 Y129.539 E.00862
G1 X117.291 Y129.688 E.00862
G1 X117.029 Y129.74 E.00862
G1 X116.766 Y129.688 E.00862
G1 X116.576 Y129.561 E.00733
G1 X116.326 Y129.866 F30000
;TYPE:Outer wall
;WIDTH:0.419999
G1 F9600
G1 X116.261 Y129.822 E.00236
G1 X116.025 Y129.469 E.01263
G1 X115.942 Y129.054 E.01263
G1 X116.025 Y128.638 E.01263
G1 X116.261 Y128.285 E.01263
G1 X116.621 Y128.045 E.01292
G1 X117.064 Y127.968 E.01341
G1 X117.443 Y128.049 E.01155
G1 X117.797 Y128.285 E.01268
G1 X118.032 Y128.638 E.01263
G1 X118.115 Y129.054 E.01263
G1 X118.032 Y129.469 E.01263
G1 X117.797 Y129.822 E.01263
G1 X117.444 Y130.057 E.01263
G1 X117.029 Y130.14 E.01263
G1 X116.613 Y130.057 E.01263
G1 X116.36 Y129.888 E.00908
SET_VELOCITY_LIMIT ACCEL=3000
G1 E-.728 F1800
;WIPE_START
G1 F30000
G1 X116.261 Y129.822 E-.00715
G1 X116.025 Y129.469 E-.02543
G1 X115.942 Y129.054 E-.02543
G1 X115.988 Y128.825 E-.01399
;WIPE_END
G1 X116.789 Y129.054 Z2.8
G1 Z2.4
G1 E.8 F1800
SET_VELOCITY_LIMIT ACCEL=500
;TYPE:Internal solid infill
;WIDTH:0.512629
G1 F14109.571
G1 X116.859 Y129.223 E.0068
G1 X117.029 Y129.293 E.0068
G1 X117.198 Y129.223 E.0068
G1 X117.268 Y129.054 E.0068
G1 X117.198 Y128.884 E.0068
G1 X117.015 Y128.806 E.00739
G1 X116.859 Y128.884 E.00645
G1 X116.804 Y129.017 E.00532
SET_VELOCITY_LIMIT ACCEL=3000
G1 E-.728 F1800
;WIPE_START
G1 F30000
G1 X116.859 Y128.884 E-.0086
G1 X117.015 Y128.806 E-.01043
G1 X117.198 Y128.884 E-.01194
G1 X117.268 Y129.054 E-.011
G1 X117.198 Y129.223 E-.011
G1 X117.029 Y129.293 E-.011
G1 X116.905 Y129.242 E-.00804
;WIPE_END
G1 X115.578 Y121.725 Z2.8
G1 X115.205 Y119.612 Z2.8
G1 Z2.4
G1 E.8 F1800
SET_VELOCITY_LIMIT ACCEL=500
;TYPE:Inner wall
;WIDTH:0.449999
G1 F12000
G1 X115.153 Y119.691 E.00303
G1 X114.93 Y119.839 E.00862
G1 X114.667 Y119.892 E.00862
G1 X114.405 Y119.839 E.00862
G1 X114.182 Y119.691 E.00862
G1 X114.033 Y119.468 E.00862
G1 X113.981 Y119.205 E.00862
G1 X114.033 Y118.943 E.00862
G1 X114.182 Y118.72 E.00862
G1 X114.353 Y118.605 E.00662
G1 X114.567 Y118.522 E.0074
G1 X114.926 Y118.568 E.01163
G1 X115.153 Y118.72 E.00877
G1 X115.301 Y118.943 E.00862
G1 X115.354 Y119.205 E.00862
G1 X115.301 Y119.468 E.00862
G1 X115.227 Y119.579 E.0043
G1 X115.531 Y119.83 F30000
;TYPE:Outer wall
;WIDTH:0.419999
G1 F9600
G1 X115.435 Y119.973 E.00513
G1 X115.083 Y120.209 E.01263
G1 X114.667 Y120.291 E.01263
G1 X114.252 Y120.209 E.01263
G1 X113.899 Y119.973 E.01263
G1 X113.664 Y119.621 E.01263
G1 X113.581 Y119.205 E.01263
G1 X113.664 Y118.79 E.01263
G1 X113.899 Y118.437 E.01263
G1 X114.26 Y118.196 E.01292
G1 X114.703 Y118.119 E.01341
G1 X115.082 Y118.201 E.01155
G1 X115.435 Y118.437 E.01268
G1 X115.671 Y118.79 E.01263
G1 X115.753 Y119.205 E.01263
G1 X115.671 Y119.621 E.01263
G1 X115.553 Y119.797 E.00631
SET_VELOCITY_LIMIT ACCEL=3000
G1 E-.728 F1800
;WIPE_START
G1 F30000
G1 X115.435 Y119.973 E-.01273
G1 X115.083 Y120.209 E-.02543
G1 X114.667 Y120.291 E-.02543
G1 X114.53 Y120.264 E-.00841
;WIPE_END
G1 X114.576 Y119.426 Z2.8
G1 Z2.4
G1 E.8 F1800
SET_VELOCITY_LIMIT ACCEL=500
;TYPE:Internal solid infill
;WIDTH:0.512629
G1 F14109.571
G1 X114.759 Y119.426 E.0068
G1 X114.889 Y119.297 E.0068
G1 X114.889 Y119.114 E.0068
G1 X114.752 Y118.979 E.00711
G1 X114.603 Y118.965 E.00554
G1 X114.446 Y119.114 E.00802
G1 X114.446 Y119.297 E.0068
G1 X114.547 Y119.398 E.00532
;LAYER_CHANGE
;Z:2.6
;HEIGHT:0.2
;BEFORE_LAYER_CHANGE
;2.6
G92 E0

G1 E-.728 F1800
;WIPE_START
G1 F30000
G1 X114.446 Y119.297 E-.0086
G1 X114.446 Y119.114 E-.011
G1 X114.603 Y118.965 E-.01297
G1 X114.752 Y118.979 E-.00895
G1 X114.889 Y119.114 E-.01149
G1 X114.889 Y119.297 E-.011
G1 X114.794 Y119.391 E-.008
;WIPE_END
M73 L13
;LAYER:13
SET_PRINT_STATS_INFO TOTAL_LAYER=16 CURRENT_LAYER=13
;_SET_FAN_SPEED_CHANGING_LAYER
SET_VELOCITY_LIMIT ACCEL=3000

G1 X115.775 Y119.782 Z2.65714
G1 X116.081 Y120.793 Z2.71429
G1 X115.482 Y121.662 Z2.77143
G1 X114.428 Y121.736 Z2.82857
G1 X113.714 Y120.958 Z2.88571
G1 X113.877 Y119.914 Z2.94286
G1 X114.794 Y119.391 Z3
G1 X141.048 Y117.563 Z3
G1 Z2.6
G1 E.8 F1800
SET_VELOCITY_LIMIT ACCEL=500
;TYPE:Inner wall
;WIDTH:0.449999
G1 F12000
G1 X141.689 Y117.412 E.0212
G1 X142.35 Y117.382 E.0213
G1 X142.952 Y117.463 E.01954
G1 X143.549 Y117.682 E.02045
G1 X144.093 Y117.999 E.02029
G1 X144.558 Y118.43 E.02038
G1 X144.94 Y118.938 E.02047
G1 X145.23 Y119.462 E.01926
G1 X145.446 Y119.623 E.00866
G1 X146.055 Y119.852 E.02095
G1 X146.342 Y119.803 E.00936
G1 X146.551 Y119.644 E.00844
G1 X146.879 Y119.24 E.01677
G1 X147.165 Y118.77 E.0177
G1 X147.578 Y118.287 E.02045
G1 X148.067 Y117.887 E.02032
G1 X148.633 Y117.602 E.02038
G1 X149.239 Y117.422 E.02035
G1 X149.872 Y117.379 E.0204
G1 X150.51 Y117.45 E.02066
G1 X151.28 Y117.647 E.02557
G1 X151.727 Y117.827 E.0155
G1 X151.869 Y117.954 E.00613
G1 X152.176 Y118.337 E.01581
G1 X152.69 Y119.197 E.03223
G1 X152.898 Y119.795 E.02037
G1 X152.995 Y120.413 E.02012
G1 X152.955 Y121.047 E.02044
G1 X152.805 Y121.659 E.02029
G1 X152.524 Y122.227 E.02038
G1 X152.216 Y122.65 E.01684
G1 X151.8 Y123.103 E.01979
G1 X151.677 Y123.3 E.00747
G1 X151.647 Y123.594 E.00951
G1 X151.766 Y124.084 E.01623
G1 X151.908 Y124.345 E.00955
G1 X152.149 Y124.497 E.00917
G1 X153.329 Y124.842 E.03955
G1 X153.894 Y125.125 E.02035
G1 X154.384 Y125.525 E.02035
G1 X154.796 Y126.006 E.02038
G1 X155.093 Y126.565 E.02038
G1 X155.287 Y127.167 E.02035
G1 X155.352 Y127.722 E.01796
G1 X155.387 Y128.357 E.02048
G1 X155.337 Y128.849 E.01591
G1 X155.09 Y129.266 E.01557
G1 X154.509 Y129.958 E.02909
G1 X154.128 Y130.31 E.01669
G1 X153.598 Y130.656 E.02034
G1 X153.005 Y130.877 E.02036
G1 X152.383 Y130.991 E.02037
G1 X151.751 Y130.965 E.02036
G1 X151.132 Y130.829 E.02037
G1 X150.665 Y130.637 E.01626
G1 X150.076 Y130.451 E.01986
G1 X149.82 Y130.472 E.00828
G1 X149.573 Y130.626 E.00938
G1 X149.165 Y131.089 E.01985
G1 X149.099 Y131.375 E.00945
G1 X149.172 Y131.918 E.01764
G1 X149.173 Y132.562 E.02071
G1 X149.061 Y133.185 E.02037
G1 X148.816 Y133.769 E.02037
G1 X148.472 Y134.3 E.02036
G1 X148.021 Y134.743 E.02036
G1 X147.498 Y135.1 E.02037
G1 X147.039 Y135.304 E.01617
G1 X146.258 Y135.596 E.02682
G1 X145.922 Y135.623 E.01085
G1 X145.569 Y135.546 E.01163
G1 X144.857 Y135.261 E.02466
G1 X144.329 Y135.002 E.01895
G1 X143.829 Y134.614 E.02036
G1 X143.406 Y134.143 E.02037
G1 X143.096 Y133.593 E.0203
G1 X142.887 Y132.994 E.02044
G1 X142.814 Y132.365 E.02036
G1 X142.86 Y131.67 E.02242
G1 X142.838 Y131.098 E.01843
G1 X142.788 Y130.887 E.00695
G1 X142.669 Y130.713 E.0068
G1 X142.411 Y130.563 E.0096
G1 X141.818 Y130.501 E.01919
G1 X141.53 Y130.549 E.00938
G1 X140.959 Y130.79 E.01995
G1 X140.47 Y130.928 E.01636
G1 X139.841 Y130.999 E.02038
G1 X139.212 Y130.929 E.02037
G1 X138.605 Y130.75 E.02036
G1 X138.051 Y130.442 E.02038
G1 X137.561 Y130.043 E.02033
G1 X137.01 Y129.4 E.02725
G1 X136.732 Y129.014 E.01531
G1 X136.623 Y128.699 E.01073
G1 X136.603 Y128.321 E.01216
G1 X136.673 Y127.393 E.02995
G1 X136.825 Y126.775 E.02047
G1 X137.081 Y126.197 E.02036
G1 X137.459 Y125.688 E.02038
G1 X137.919 Y125.255 E.02035
G1 X138.464 Y124.932 E.02038
G1 X139.057 Y124.71 E.02036
G1 X139.642 Y124.586 E.01926
G1 X140.135 Y124.282 E.01862
G1 X140.328 Y124.08 E.00901
G1 X140.404 Y123.818 E.00875
G1 X140.35 Y123.547 E.0089
G1 X140.093 Y123.009 E.01918
G1 X139.724 Y122.591 E.01796
G1 X139.376 Y122.054 E.02056
G1 X139.131 Y121.472 E.02034
M73 P88 R1
G1 X139.019 Y120.849 E.02036
G1 X139.018 Y120.216 E.02036
G1 X139.156 Y119.598 E.02038
G1 X139.403 Y119.01 E.02052
G1 X139.803 Y118.367 E.02437
G1 X140.132 Y117.935 E.01746
G1 X140.41 Y117.75 E.01075
G1 X140.784 Y117.624 E.01269
G1 X141.009 Y117.572 E.00742
G1 X140.958 Y117.181 F30000
;TYPE:Outer wall
;WIDTH:0.419999
G1 F9600
G1 X141.63 Y117.023 E.02056
G1 X142.185 Y116.983 E.01661
G1 X142.819 Y117.042 E.01897
G1 X143.498 Y117.225 E.02096
G1 X144.129 Y117.556 E.02123
G1 X144.689 Y117.991 E.02114
G1 X145.155 Y118.559 E.0219
G1 X145.508 Y119.177 E.0212
G1 X145.6 Y119.263 E.00377
G1 X146.071 Y119.459 E.01521
G1 X146.228 Y119.416 E.00484
G1 X146.574 Y118.993 E.0163
G1 X146.841 Y118.548 E.01545
G1 X147.304 Y118.007 E.02124
G1 X147.853 Y117.557 E.02115
G1 X148.488 Y117.238 E.0212
G1 X149.169 Y117.036 E.02117
G1 X149.88 Y116.987 E.02122
G1 X150.589 Y117.065 E.02126
G1 X151.377 Y117.267 E.02426
G1 X151.944 Y117.496 E.01823
G1 X152.275 Y117.792 E.01325
G1 X152.543 Y118.179 E.01402
G1 X153.043 Y119.023 E.02925
G1 X153.278 Y119.7 E.02133
G1 X153.388 Y120.394 E.02096
G1 X153.343 Y121.106 E.02125
G1 X153.174 Y121.794 E.02112
G1 X152.858 Y122.431 E.0212
G1 X152.432 Y123.007 E.02134
G1 X152.084 Y123.373 E.01507
G1 X152.032 Y123.491 E.00384
G1 X152.146 Y123.99 E.01526
G1 X152.24 Y124.111 E.00456
G1 X153.473 Y124.477 E.03832
G1 X154.108 Y124.795 E.02117
G1 X154.658 Y125.245 E.02117
G1 X155.121 Y125.785 E.0212
G1 X155.454 Y126.413 E.0212
G1 X155.672 Y127.089 E.02117
G1 X155.744 Y127.701 E.01836
G1 X155.789 Y128.536 E.02495
G1 X155.713 Y128.975 E.01328
G1 X155.596 Y129.202 E.0076
G1 X155.393 Y129.514 E.01108
G1 X154.79 Y130.232 E.02795
G1 X154.37 Y130.618 E.01701
G1 X153.775 Y131.006 E.02117
G1 X153.11 Y131.255 E.02118
G1 X152.41 Y131.383 E.02119
G1 X151.7 Y131.354 E.02118
G1 X151.006 Y131.201 E.02119
G1 X150.541 Y131.009 E.01499
G1 X149.989 Y130.837 E.01723
G1 X149.857 Y130.896 E.00431
G1 X149.499 Y131.301 E.01611
G1 X149.584 Y132.36 E.03166
G1 X149.49 Y133.065 E.02121
G1 X149.274 Y133.742 E.02116
G1 X148.914 Y134.356 E.02121
G1 X148.453 Y134.895 E.02116
G1 X147.884 Y135.322 E.0212
G1 X147.411 Y135.569 E.01589
G1 X146.845 Y135.806 E.01831
G1 X146.338 Y135.982 E.01599
G1 X145.896 Y136.019 E.01323
G1 X145.453 Y135.922 E.01349
G1 X144.712 Y135.625 E.02382
G1 X144.123 Y135.337 E.01954
G1 X143.562 Y134.901 E.02118
G1 X143.086 Y134.372 E.02119
G1 X142.739 Y133.755 E.02112
G1 X142.504 Y133.082 E.02125
G1 X142.422 Y132.376 E.02119
G1 X142.468 Y131.651 E.02164
G1 X142.446 Y131.115 E.01599
G1 X142.403 Y131.002 E.0036
G1 X142.275 Y130.935 E.0043
G1 X141.69 Y130.907 E.01746
G1 X141.087 Y131.16 E.01949
G1 X140.548 Y131.313 E.0167
G1 X139.841 Y131.391 E.0212
G1 X139.134 Y131.313 E.02119
G1 X138.453 Y131.112 E.02118
G1 X137.831 Y130.767 E.0212
G1 X137.281 Y130.318 E.02116
G1 X136.713 Y129.655 E.02602
G1 X136.379 Y129.193 E.01699
G1 X136.234 Y128.775 E.01319
G1 X136.21 Y128.317 E.01367
G1 X136.284 Y127.34 E.0292
G1 X136.454 Y126.648 E.02122
G1 X136.742 Y125.999 E.02118
G1 X137.166 Y125.428 E.0212
G1 X137.683 Y124.941 E.02117
G1 X138.295 Y124.578 E.0212
G1 X138.96 Y124.329 E.02117
G1 X139.484 Y124.228 E.0159
G1 X139.925 Y123.951 E.01551
G1 X139.997 Y123.866 E.00333
G1 X139.995 Y123.713 E.00458
G1 X139.738 Y123.192 E.01728
G1 X139.298 Y122.669 E.02039
G1 X139.029 Y122.238 E.01514
G1 X138.754 Y121.583 E.02116
G1 X138.628 Y120.884 E.02119
G1 X138.628 Y120.173 E.02118
G1 X138.783 Y119.479 E.0212
G1 X139.058 Y118.822 E.02123
G1 X139.504 Y118.105 E.02517
G1 X139.867 Y117.64 E.01759
G1 X140.236 Y117.395 E.0132
G1 X140.676 Y117.247 E.01385
G1 X140.919 Y117.19 E.00743
SET_VELOCITY_LIMIT ACCEL=3000
G1 E-.728 F1800
;WIPE_START
G1 F30000
G1 X141.63 Y117.023 E-.04379
G1 X142.099 Y116.989 E-.02821
;WIPE_END
G1 X143.812 Y118.38 Z3
G1 Z2.6
G1 E.8 F1800
SET_VELOCITY_LIMIT ACCEL=500
;TYPE:Internal solid infill
;WIDTH:0.580448
G1 F12329.392
G1 X144.289 Y118.849 E.02843
SET_VELOCITY_LIMIT ACCEL=3000
G1 E-.75985 F1800
;WIPE_START
G1 F30000
G1 X143.812 Y118.38 E-.04015
;WIPE_END
G1 X150.721 Y117.67 Z3
G1 Z2.6
G1 E.8 F1800
SET_VELOCITY_LIMIT ACCEL=500
;WIDTH:0.419999
G1 F15000
G1 X152.39 Y119.339 E.07036
G1 X152.528 Y119.685 E.0111
G1 X152.627 Y120.11 E.013
G1 X150.264 Y117.747 E.09961
G1 X150.053 Y117.714 E.00636
G1 X149.691 Y117.707 E.01079
G1 X152.659 Y120.675 E.12511
G1 X152.657 Y120.807 E.00395
G1 X152.604 Y121.153 E.01042
G1 X149.219 Y117.768 E.14266
G1 X148.93 Y117.841 E.00888
G1 X148.807 Y117.889 E.00395
G1 X152.484 Y121.567 E.155
G1 X152.316 Y121.932 E.01198
G1 X148.441 Y118.057 E.16334
G1 X148.248 Y118.165 E.00661
G1 X148.115 Y118.264 E.00493
G1 X152.109 Y122.258 E.16833
G1 X151.868 Y122.55 E.01129
G1 X147.826 Y118.508 E.1704
G1 X147.673 Y118.657 E.00636
G1 X147.572 Y118.787 E.00492
G1 X151.61 Y122.825 E.17023
G1 X151.501 Y122.942 E.00476
G1 X151.39 Y123.139 E.00673
G1 X147.351 Y119.1 E.17025
G1 X147.148 Y119.43 E.01156
G1 X151.543 Y123.825 E.18524
SET_VELOCITY_LIMIT ACCEL=3000
G1 E-.728 F1800
;WIPE_START
G1 F30000
G1 X150.694 Y122.976 E-.072
;WIPE_END
G1 X153.227 Y124.975 Z3
G1 Z2.6
G1 E.8 F1800
SET_VELOCITY_LIMIT ACCEL=500
G1 F15000
G1 X154.633 Y126.382 E.05928
G1 X154.714 Y126.519 E.00476
G1 X154.862 Y126.868 E.01129
G1 X154.964 Y127.245 E.01164
G1 X152.47 Y124.752 E.10511
SET_VELOCITY_LIMIT ACCEL=3000
G1 E-.728 F1800
;WIPE_START
G1 F30000
G1 X153.319 Y125.6 E-.072
;WIPE_END
G1 X155.207 Y128.022 Z3
G1 Z2.6
G1 E.8 F1800
SET_VELOCITY_LIMIT ACCEL=500
G1 F15000
G1 X146.906 Y119.721 E.34989
G1 X146.705 Y119.961 E.00932
G1 X146.649 Y119.997 E.002
G1 X155.058 Y128.406 E.35446
G1 X155.063 Y128.493 E.0026
M73 P89 R1
G1 X155.019 Y128.743 E.00755
G1 X154.966 Y128.847 E.00349
G1 X146.286 Y120.167 E.36588
G1 X146.14 Y120.185 E.00437
G1 X145.947 Y120.173 E.00577
G1 X145.661 Y120.076 E.00901
G1 X154.747 Y129.162 E.383
G1 X154.507 Y129.455 E.0113
G1 X142.83 Y117.778 E.49222
G1 X142.5 Y117.72 E.00997
G1 X142.227 Y117.709 E.00815
G1 X154.259 Y129.741 E.50716
G1 X153.986 Y130.001 E.01124
G1 X141.728 Y117.743 E.51667
G1 X141.296 Y117.844 E.01322
G1 X153.677 Y130.225 E.52185
G1 X153.329 Y130.41 E.01175
G1 X140.865 Y117.946 E.52537
G1 X140.557 Y118.05 E.00968
G1 X140.484 Y118.099 E.00262
G1 X152.938 Y130.552 E.52493
G1 X152.735 Y130.608 E.00627
G1 X152.493 Y130.641 E.00726
G1 X140.21 Y118.358 E.51775
G1 X139.998 Y118.679 E.01147
G1 X151.98 Y130.661 E.50505
G1 X151.605 Y130.613 E.01128
G1 X151.323 Y130.538 E.00869
G1 X139.794 Y119.008 E.48598
G1 X139.607 Y119.354 E.01173
G1 X150.487 Y130.235 E.45864
G1 X150.124 Y130.122 E.01135
G1 X149.845 Y130.126 E.0083
G1 X139.459 Y119.74 E.43781
G1 X139.414 Y119.879 E.00437
G1 X139.362 Y120.176 E.00898
G1 X149.469 Y130.283 E.42603
G1 X149.195 Y130.543 E.01124
G1 X139.336 Y120.684 E.41556
G1 X139.365 Y121.008 E.0097
G1 X139.435 Y121.316 E.00939
G1 X148.947 Y130.827 E.40094
G1 X148.872 Y130.932 E.00384
G1 X148.807 Y131.089 E.00507
G1 X148.791 Y131.205 E.00348
G1 X140.101 Y122.515 E.36627
G1 X140.311 Y122.749 E.00936
G1 X140.432 Y122.938 E.00667
G1 X140.653 Y123.415 E.01568
G1 X140.724 Y123.671 E.00791
G1 X148.818 Y131.765 E.34118
G1 X148.859 Y132.34 E.01718
G1 X140.661 Y124.142 E.34556
G1 X140.615 Y124.247 E.00344
G1 X140.444 Y124.458 E.00807
G1 X148.804 Y132.818 E.35238
G1 X148.743 Y133.091 E.00833
M73 P90 R1
G1 X148.689 Y133.236 E.00462
G1 X140.127 Y124.674 E.36093
G1 X139.891 Y124.829 E.00842
G1 X139.791 Y124.871 E.00323
G1 X148.527 Y133.607 E.36823
G1 X148.435 Y133.781 E.00586
G1 X148.324 Y133.938 E.00572
G1 X139.374 Y124.987 E.37726
G1 X139.138 Y125.031 E.00714
G1 X138.947 Y125.094 E.006
G1 X148.084 Y134.231 E.38514
G1 X147.957 Y134.367 E.00555
G1 X147.809 Y134.489 E.00572
G1 X138.569 Y125.249 E.38948
G1 X138.436 Y125.312 E.00439
G1 X138.232 Y125.446 E.00725
G1 X147.497 Y134.711 E.39054
G1 X147.342 Y134.807 E.00544
G1 X147.148 Y134.895 E.00635
G1 X137.933 Y125.68 E.38841
G1 X137.67 Y125.95 E.01124
G1 X141.904 Y130.184 E.1785
G1 X141.691 Y130.169 E.00638
G1 X141.423 Y130.236 E.00823
G1 X137.442 Y126.255 E.16782
G1 X137.252 Y126.598 E.01169
G1 X141.052 Y130.399 E.16021
G1 X140.662 Y130.542 E.01239
G1 X137.103 Y126.983 E.15
G1 X137.005 Y127.418 E.0133
G1 X140.227 Y130.64 E.13579
G1 X139.841 Y130.667 E.01154
G1 X139.712 Y130.658 E.00384
G1 X136.966 Y127.912 E.11575
G1 X136.94 Y128.419 E.01513
G1 X139.303 Y130.783 E.09963
SET_VELOCITY_LIMIT ACCEL=3000
G1 E-.728 F1800
;WIPE_START
G1 F30000
G1 X138.455 Y129.934 E-.072
;WIPE_END
G1 X143.007 Y131.287 Z3
G1 Z2.6
G1 E.8 F1800
SET_VELOCITY_LIMIT ACCEL=500
G1 F15000
G1 X146.775 Y135.055 E.15879
G1 X146.389 Y135.202 E.01231
G1 X143.159 Y131.973 E.13612
G1 X143.14 Y132.167 E.00582
G1 X143.149 Y132.495 E.00979
G1 X145.942 Y135.289 E.11775
G1 X145.666 Y135.229 E.00842
G1 X145.137 Y135.017 E.01699
G1 X143.038 Y132.918 E.08849
SET_VELOCITY_LIMIT ACCEL=3000
G1 E-.728 F1800
;WIPE_START
G1 F30000
G1 X143.886 Y133.766 E-.072
;WIPE_END

G1 X143.322 Y132.874 Z2.65714
G1 X143.668 Y131.876 Z2.71429
G1 X144.664 Y131.524 Z2.77143
G1 X145.56 Y132.084 Z2.82857
G1 X145.681 Y133.133 Z2.88571
G1 X144.936 Y133.882 Z2.94286
G1 X143.886 Y133.766 Z3
G1 X138.814 Y130.598 Z3
G1 Z2.6
G1 E.8 F1800
SET_VELOCITY_LIMIT ACCEL=500
;TYPE:Gap infill
;WIDTH:0.160745
G1 F15000
G1 X138.671 Y130.495 E.00164
;WIDTH:0.202514
G1 X138.528 Y130.392 E.00222
;WIDTH:0.244284
G1 X138.386 Y130.289 E.0028
;WIDTH:0.283147
G1 X138.239 Y130.168 E.00361
;WIDTH:0.319102
G1 X138.093 Y130.047 E.00415
;WIDTH:0.33124
G1 X137.82 Y129.789 E.00855
G1 X137.213 Y129.134 E.02036
;WIDTH:0.275159
G1 X137.021 Y128.904 E.00549
;WIDTH:0.260112
G1 X136.83 Y128.674 E.00514
SET_VELOCITY_LIMIT ACCEL=3000
G1 E-.78205 F1800
;WIPE_START
G1 F30000
G1 X137.021 Y128.904 E-.01795
;WIPE_END

G1 X137.489 Y129.851 Z2.65714
G1 X137.04 Y130.807 Z2.71429
G1 X136.013 Y131.052 Z2.77143
G1 X135.181 Y130.402 Z2.82857
G1 X135.17 Y129.346 Z2.88571
G1 X135.989 Y128.679 Z2.94286
G1 X137.021 Y128.904 Z3
G1 X144.846 Y135.018 Z3
G1 Z2.6
G1 E.8 F1800
SET_VELOCITY_LIMIT ACCEL=500
;WIDTH:0.0929888
G1 F15000
G1 X144.807 Y134.993 E.00018
;WIDTH:0.118057
G1 X144.699 Y134.913 E.0008
;WIDTH:0.158558
G1 X144.59 Y134.833 E.00123
;WIDTH:0.199059
G1 X144.482 Y134.753 E.00166
;WIDTH:0.235431
G1 X144.335 Y134.629 E.00292
;WIDTH:0.281468
G1 X143.916 Y134.242 E.01076
G1 X143.66 Y133.961 E.00717
;WIDTH:0.238778
G1 X143.54 Y133.809 E.00299
;WIDTH:0.194589
G1 X143.419 Y133.657 E.00232
;WIDTH:0.151414
G1 X143.346 Y133.552 E.0011
;WIDTH:0.130333
G1 X143.273 Y133.446 E.00089
SET_VELOCITY_LIMIT ACCEL=3000
G1 E-.79228 F1800
;WIPE_START
G1 F30000
G1 X143.346 Y133.552 E-.00772
;WIPE_END

G1 X144.197 Y132.926 Z2.65714
G1 X145.216 Y133.2 Z2.71429
G1 X145.637 Y134.169 Z2.77143
G1 X145.143 Y135.102 Z2.82857
G1 X144.105 Y135.297 Z2.88571
G1 X143.305 Y134.607 Z2.94286
G1 X143.346 Y133.552 Z3
G1 X151.503 Y118.168 Z3
G1 Z2.6
G1 E.8 F1800
SET_VELOCITY_LIMIT ACCEL=500
;TYPE:Internal solid infill
;WIDTH:0.443362
G1 F15000
G1 X151.637 Y118.296 E.00586
SET_VELOCITY_LIMIT ACCEL=3000
G1 E-.7889 F1800
;WIPE_START
G1 F30000
G1 X151.503 Y118.168 E-.0111
;WIPE_END

G1 X150.48 Y117.904 Z2.65714
G1 X150.05 Y116.94 Z2.71429
G1 X150.535 Y116.002 Z2.77143
G1 X151.571 Y115.797 Z2.82857
G1 X152.377 Y116.479 Z2.88571
G1 X152.347 Y117.534 Z2.94286
G1 X151.503 Y118.168 Z3
G1 X102.512 Y127.874 Z3
G1 Z2.6
G1 E.8 F1800
SET_VELOCITY_LIMIT ACCEL=500
;TYPE:Inner wall
;WIDTH:0.449999
G1 F12000
G1 X102.553 Y127.87 E.00133
G1 X102.809 Y127.947 E.00862
G1 X103.016 Y128.117 E.00862
G1 X103.142 Y128.353 E.00862
G1 X103.169 Y128.62 E.00862
M73 P91 R1
G1 X103.091 Y128.876 E.00862
G1 X102.921 Y129.083 E.00862
G1 X102.685 Y129.21 E.00862
G1 X102.418 Y129.236 E.00862
G1 X102.162 Y129.158 E.00862
G1 X101.955 Y128.988 E.00862
G1 X101.829 Y128.752 E.00862
G1 X101.802 Y128.485 E.00862
G1 X101.88 Y128.229 E.00862
G1 X102.05 Y128.022 E.00862
G1 X102.286 Y127.896 E.00862
G1 X102.472 Y127.877 E.006
G1 X102.473 Y127.483 F30000
;TYPE:Outer wall
;WIDTH:0.419999
G1 F9600
G1 X102.592 Y127.472 E.00355
G1 X102.998 Y127.595 E.01263
G1 X103.325 Y127.864 E.01263
G1 X103.525 Y128.237 E.01263
G1 X103.566 Y128.659 E.01263
G1 X103.443 Y129.065 E.01263
G1 X103.175 Y129.392 E.01263
G1 X102.801 Y129.592 E.01263
G1 X102.379 Y129.634 E.01263
G1 X101.973 Y129.511 E.01263
G1 X101.646 Y129.242 E.01263
G1 X101.446 Y128.868 E.01263
G1 X101.405 Y128.446 E.01263
G1 X101.528 Y128.041 E.01263
G1 X101.796 Y127.713 E.01263
G1 X102.17 Y127.513 E.01263
G1 X102.434 Y127.487 E.00789
SET_VELOCITY_LIMIT ACCEL=3000
G1 E-.728 F1800
;WIPE_START
G1 F30000
G1 X102.592 Y127.472 E-.00955
G1 X102.998 Y127.595 E-.02543
G1 X103.325 Y127.864 E-.02543
G1 X103.416 Y128.034 E-.01159
;WIPE_END
G1 X102.724 Y128.576 Z3
G1 Z2.6
G1 E.8 F1800
SET_VELOCITY_LIMIT ACCEL=500
;TYPE:Internal solid infill
;WIDTH:0.51263
G1 F14109.543
G1 X102.671 Y128.401 E.0068
G1 X102.509 Y128.314 E.0068
G1 X102.334 Y128.368 E.0068
G1 X102.247 Y128.529 E.0068
G1 X102.3 Y128.705 E.0068
G1 X102.462 Y128.791 E.0068
G1 X102.637 Y128.738 E.0068
G1 X102.705 Y128.611 E.00532
SET_VELOCITY_LIMIT ACCEL=3000
G1 E-.728 F1800
;WIPE_START
G1 F30000
G1 X102.637 Y128.738 E-.0086
G1 X102.462 Y128.791 E-.011
G1 X102.3 Y128.705 E-.011
G1 X102.247 Y128.529 E-.011
G1 X102.334 Y128.368 E-.011
G1 X102.509 Y128.314 E-.011
G1 X102.633 Y128.381 E-.00842
;WIPE_END
G1 X110.261 Y128.621 Z3
G1 X117.685 Y128.854 Z3
G1 Z2.6
G1 E.8 F1800
SET_VELOCITY_LIMIT ACCEL=500
;TYPE:Inner wall
;WIDTH:0.449999
G1 F12000
G1 X117.712 Y129.121 E.00862
G1 X117.634 Y129.377 E.00862
G1 X117.464 Y129.584 E.00862
G1 X117.228 Y129.71 E.00862
G1 X116.961 Y129.737 E.00862
G1 X116.705 Y129.659 E.00862
G1 X116.498 Y129.489 E.00862
G1 X116.372 Y129.253 E.00862
G1 X116.345 Y128.986 E.00862
G1 X116.423 Y128.73 E.00862
G1 X116.593 Y128.523 E.00862
G1 X116.829 Y128.397 E.00862
G1 X117.096 Y128.37 E.00862
G1 X117.352 Y128.448 E.00862
G1 X117.559 Y128.618 E.00862
G1 X117.667 Y128.819 E.00733
G1 X118.049 Y128.703 F30000
;TYPE:Outer wall
;WIDTH:0.419999
G1 F9600
G1 X118.068 Y128.738 E.00118
G1 X118.11 Y129.16 E.01263
G1 X117.987 Y129.566 E.01263
G1 X117.718 Y129.893 E.01263
G1 X117.344 Y130.093 E.01263
G1 X116.922 Y130.135 E.01263
G1 X116.517 Y130.012 E.01263
G1 X116.189 Y129.743 E.01263
G1 X115.989 Y129.369 E.01263
G1 X115.948 Y128.947 E.01263
G1 X116.071 Y128.542 E.01263
G1 X116.339 Y128.214 E.01263
G1 X116.713 Y128.014 E.01263
G1 X117.135 Y127.973 E.01263
G1 X117.541 Y128.096 E.01263
G1 X117.868 Y128.364 E.01263
G1 X118.03 Y128.668 E.01026
SET_VELOCITY_LIMIT ACCEL=3000
G1 E-.728 F1800
;WIPE_START
G1 F30000
G1 X118.068 Y128.738 E-.00478
G1 X118.11 Y129.16 E-.02543
G1 X117.987 Y129.566 E-.02543
G1 X117.814 Y129.776 E-.01636
;WIPE_END
G1 X116.79 Y129.03 Z3
G1 Z2.6
G1 E.8 F1800
SET_VELOCITY_LIMIT ACCEL=500
;TYPE:Internal solid infill
;WIDTH:0.512628
G1 F14109.602
G1 X116.843 Y129.205 E.0068
G1 X117.005 Y129.292 E.0068
G1 X117.18 Y129.239 E.0068
G1 X117.267 Y129.077 E.0068
G1 X117.214 Y128.902 E.0068
G1 X117.052 Y128.815 E.0068
G1 X116.877 Y128.868 E.0068
G1 X116.809 Y128.995 E.00532
SET_VELOCITY_LIMIT ACCEL=3000
G1 E-.728 F1800
;WIPE_START
G1 F30000
G1 X116.877 Y128.868 E-.0086
G1 X117.052 Y128.815 E-.011
G1 X117.214 Y128.902 E-.011
G1 X117.267 Y129.077 E-.011
G1 X117.18 Y129.239 E-.011
G1 X117.005 Y129.292 E-.011
G1 X116.881 Y129.226 E-.00842
;WIPE_END
G1 X115.624 Y121.698 Z3
G1 X115.125 Y118.71 Z3
G1 Z2.6
G1 E.8 F1800
SET_VELOCITY_LIMIT ACCEL=500
;TYPE:Inner wall
;WIDTH:0.449999
G1 F12000
G1 X115.198 Y118.77 E.00303
G1 X115.324 Y119.006 E.00862
G1 X115.35 Y119.273 E.00862
G1 X115.273 Y119.529 E.00862
G1 X115.103 Y119.736 E.00862
G1 X114.867 Y119.862 E.00862
G1 X114.6 Y119.888 E.00862
G1 X114.344 Y119.811 E.00862
G1 X114.137 Y119.641 E.00862
G1 X114.01 Y119.404 E.00862
G1 X113.984 Y119.138 E.00862
G1 X114.062 Y118.882 E.00862
G1 X114.232 Y118.675 E.00862
G1 X114.468 Y118.548 E.00862
G1 X114.735 Y118.522 E.00862
G1 X114.991 Y118.6 E.00862
G1 X115.094 Y118.685 E.0043
G1 X115.374 Y118.407 F30000
;TYPE:Outer wall
;WIDTH:0.419999
G1 F9600
G1 X115.507 Y118.516 E.00513
G1 X115.707 Y118.89 E.01263
G1 X115.748 Y119.312 E.01263
G1 X115.625 Y119.717 E.01263
G1 X115.356 Y120.045 E.01263
G1 X114.983 Y120.245 E.01263
G1 X114.561 Y120.286 E.01263
G1 X114.155 Y120.163 E.01263
G1 X113.828 Y119.894 E.01263
G1 X113.628 Y119.521 E.01263
G1 X113.586 Y119.099 E.01263
G1 X113.709 Y118.693 E.01263
G1 X113.978 Y118.366 E.01263
G1 X114.352 Y118.166 E.01263
G1 X114.774 Y118.124 E.01263
G1 X115.179 Y118.247 E.01263
G1 X115.343 Y118.382 E.00631
SET_VELOCITY_LIMIT ACCEL=3000
G1 E-.728 F1800
;WIPE_START
G1 F30000
G1 X115.507 Y118.516 E-.01273
G1 X115.707 Y118.89 E-.02543
G1 X115.748 Y119.312 E-.02543
G1 X115.708 Y119.446 E-.00841
;WIPE_END
G1 X114.482 Y119.357 Z3
G1 Z2.6
G1 E.8 F1800
SET_VELOCITY_LIMIT ACCEL=500
;TYPE:Internal solid infill
;WIDTH:0.512627
G1 F14109.643
G1 X114.644 Y119.444 E.0068
G1 X114.819 Y119.39 E.0068
G1 X114.906 Y119.229 E.00681
G1 X114.852 Y119.053 E.0068
G1 X114.691 Y118.967 E.0068
G1 X114.515 Y119.02 E.0068
G1 X114.429 Y119.182 E.0068
G1 X114.471 Y119.319 E.00532
;LAYER_CHANGE
;Z:2.8
;HEIGHT:0.2
;BEFORE_LAYER_CHANGE
;2.8
G92 E0

G1 E-.728 F1800
;WIPE_START
G1 F30000
G1 X114.429 Y119.182 E-.0086
G1 X114.515 Y119.02 E-.011
G1 X114.691 Y118.967 E-.011
G1 X114.852 Y119.053 E-.011
G1 X114.906 Y119.229 E-.011
G1 X114.819 Y119.39 E-.011
G1 X114.685 Y119.431 E-.00842
;WIPE_END
M73 L14
;LAYER:14
SET_PRINT_STATS_INFO TOTAL_LAYER=16 CURRENT_LAYER=14
;_SET_FAN_SPEED_CHANGING_LAYER
SET_VELOCITY_LIMIT ACCEL=3000

G1 X115.483 Y120.122 Z2.85714
G1 X115.441 Y121.177 Z2.91429
G1 X114.589 Y121.802 Z2.97143
G1 X113.57 Y121.526 Z3.02857
G1 X113.151 Y120.557 Z3.08571
G1 X113.647 Y119.624 Z3.14286
G1 X114.685 Y119.431 Z3.2
G1 X154.285 Y130.165 Z3.2
G1 Z2.8
G1 E.8 F1800
SET_VELOCITY_LIMIT ACCEL=500
;TYPE:Inner wall
;WIDTH:0.449999
G1 F12000
G1 X154.128 Y130.31 E.00691
G1 X153.598 Y130.656 E.02034
G1 X153.005 Y130.877 E.02036
G1 X152.383 Y130.991 E.02037
G1 X151.751 Y130.965 E.02036
G1 X151.132 Y130.829 E.02037
G1 X150.665 Y130.637 E.01626
G1 X150.076 Y130.451 E.01986
G1 X149.82 Y130.472 E.00828
G1 X149.573 Y130.626 E.00938
G1 X149.165 Y131.089 E.01985
G1 X149.099 Y131.375 E.00945
G1 X149.172 Y131.918 E.01764
G1 X149.173 Y132.562 E.02071
G1 X149.061 Y133.185 E.02037
G1 X148.816 Y133.769 E.02037
G1 X148.472 Y134.3 E.02036
G1 X148.021 Y134.743 E.02036
G1 X147.498 Y135.1 E.02037
G1 X147.039 Y135.304 E.01617
G1 X146.258 Y135.596 E.02682
G1 X145.922 Y135.623 E.01085
G1 X145.569 Y135.546 E.01163
G1 X144.857 Y135.261 E.02466
G1 X144.329 Y135.002 E.01895
G1 X143.829 Y134.614 E.02036
G1 X143.406 Y134.143 E.02037
G1 X143.096 Y133.593 E.02032
G1 X142.887 Y132.994 E.02042
G1 X142.814 Y132.365 E.02036
G1 X142.86 Y131.67 E.02242
G1 X142.838 Y131.098 E.01843
G1 X142.788 Y130.887 E.00695
G1 X142.669 Y130.713 E.0068
G1 X142.411 Y130.563 E.0096
G1 X141.818 Y130.501 E.01919
G1 X141.53 Y130.549 E.00938
G1 X140.959 Y130.79 E.01995
G1 X140.47 Y130.928 E.01636
G1 X139.841 Y130.999 E.02038
G1 X139.212 Y130.929 E.02037
G1 X138.605 Y130.75 E.02036
G1 X138.051 Y130.442 E.02038
G1 X137.561 Y130.043 E.02033
G1 X137.01 Y129.4 E.02725
G1 X136.732 Y129.014 E.01531
G1 X136.623 Y128.699 E.01073
G1 X136.603 Y128.321 E.01216
G1 X136.673 Y127.393 E.02995
G1 X136.825 Y126.775 E.02047
G1 X137.081 Y126.197 E.02036
G1 X137.459 Y125.688 E.02038
G1 X137.919 Y125.255 E.02035
G1 X138.464 Y124.932 E.02038
G1 X139.057 Y124.71 E.02036
G1 X139.642 Y124.586 E.01926
G1 X140.135 Y124.282 E.01862
G1 X140.328 Y124.08 E.00901
G1 X140.404 Y123.818 E.00875
G1 X140.35 Y123.547 E.0089
G1 X140.093 Y123.009 E.01918
G1 X139.724 Y122.591 E.01796
G1 X139.376 Y122.055 E.02056
G1 X139.131 Y121.472 E.02035
G1 X139.019 Y120.849 E.02036
G1 X139.018 Y120.216 E.02036
G1 X139.156 Y119.598 E.02037
G1 X139.403 Y119.01 E.02053
G1 X139.803 Y118.367 E.02437
G1 X140.132 Y117.935 E.01746
G1 X140.41 Y117.75 E.01075
G1 X140.784 Y117.624 E.01269
G1 X141.695 Y117.411 E.03009
G1 X142.327 Y117.381 E.02036
G1 X142.952 Y117.463 E.02029
G1 X143.547 Y117.681 E.02039
G1 X144.093 Y117.999 E.02034
G1 X144.557 Y118.43 E.02036
G1 X144.94 Y118.938 E.02049
G1 X145.23 Y119.462 E.01926
G1 X145.446 Y119.623 E.00866
G1 X146.055 Y119.852 E.02095
G1 X146.342 Y119.803 E.00936
G1 X146.551 Y119.644 E.00844
G1 X146.879 Y119.24 E.01677
G1 X147.165 Y118.77 E.0177
G1 X147.578 Y118.287 E.02045
G1 X148.067 Y117.887 E.02033
G1 X148.633 Y117.602 E.02038
G1 X149.239 Y117.422 E.02035
G1 X149.872 Y117.379 E.0204
G1 X150.51 Y117.45 E.02066
G1 X151.28 Y117.647 E.02557
G1 X151.727 Y117.827 E.0155
G1 X151.869 Y117.954 E.00613
G1 X152.176 Y118.337 E.01581
G1 X152.69 Y119.197 E.03223
G1 X152.898 Y119.795 E.02037
G1 X152.995 Y120.413 E.02012
G1 X152.955 Y121.047 E.02044
G1 X152.805 Y121.659 E.02029
G1 X152.524 Y122.227 E.02038
G1 X152.216 Y122.65 E.01684
G1 X151.8 Y123.103 E.01979
G1 X151.677 Y123.3 E.00747
G1 X151.647 Y123.594 E.00951
G1 X151.766 Y124.084 E.01623
G1 X151.908 Y124.345 E.00955
G1 X152.149 Y124.497 E.00917
G1 X153.329 Y124.842 E.03955
G1 X153.894 Y125.125 E.02035
G1 X154.384 Y125.525 E.02035
G1 X154.796 Y126.006 E.02038
G1 X155.093 Y126.565 E.02038
G1 X155.287 Y127.167 E.02035
G1 X155.352 Y127.722 E.01796
G1 X155.387 Y128.357 E.02048
M73 P92 R1
G1 X155.337 Y128.849 E.01591
G1 X155.09 Y129.266 E.01557
G1 X154.509 Y129.958 E.02909
G1 X154.315 Y130.137 E.0085
G1 X154.551 Y130.452 F30000
;TYPE:Outer wall
;WIDTH:0.419999
G1 F9600
G1 X154.37 Y130.618 E.00731
G1 X153.775 Y131.006 E.02117
G1 X153.11 Y131.255 E.02118
G1 X152.41 Y131.383 E.02119
G1 X151.7 Y131.354 E.02118
G1 X151.006 Y131.201 E.02119
G1 X150.541 Y131.009 E.01499
G1 X149.989 Y130.837 E.01723
G1 X149.857 Y130.896 E.00431
G1 X149.499 Y131.301 E.01611
G1 X149.584 Y132.36 E.03166
G1 X149.49 Y133.065 E.02121
G1 X149.274 Y133.742 E.02116
G1 X148.914 Y134.356 E.02121
G1 X148.453 Y134.895 E.02116
G1 X147.884 Y135.322 E.0212
G1 X147.411 Y135.569 E.01589
G1 X146.845 Y135.806 E.01831
G1 X146.338 Y135.982 E.01599
G1 X145.896 Y136.019 E.01323
G1 X145.453 Y135.922 E.01349
G1 X144.712 Y135.625 E.02382
G1 X144.123 Y135.337 E.01954
G1 X143.562 Y134.901 E.02118
G1 X143.086 Y134.372 E.02119
G1 X142.738 Y133.754 E.02114
G1 X142.504 Y133.082 E.02123
G1 X142.422 Y132.376 E.02118
G1 X142.468 Y131.651 E.02165
G1 X142.446 Y131.115 E.01599
G1 X142.403 Y131.002 E.0036
G1 X142.275 Y130.935 E.0043
G1 X141.69 Y130.907 E.01746
G1 X141.087 Y131.16 E.01949
G1 X140.548 Y131.313 E.0167
G1 X139.841 Y131.391 E.0212
G1 X139.134 Y131.313 E.02119
G1 X138.453 Y131.112 E.02118
G1 X137.831 Y130.767 E.0212
G1 X137.281 Y130.318 E.02116
G1 X136.713 Y129.655 E.02602
G1 X136.379 Y129.193 E.01699
G1 X136.234 Y128.775 E.01319
G1 X136.21 Y128.317 E.01367
G1 X136.284 Y127.34 E.0292
G1 X136.454 Y126.648 E.02122
G1 X136.742 Y125.999 E.02118
G1 X137.166 Y125.428 E.0212
G1 X137.683 Y124.941 E.02117
G1 X138.295 Y124.578 E.0212
G1 X138.96 Y124.329 E.02117
G1 X139.484 Y124.228 E.0159
G1 X139.925 Y123.951 E.01551
G1 X139.997 Y123.866 E.00333
G1 X139.995 Y123.713 E.00458
G1 X139.738 Y123.192 E.01728
G1 X139.298 Y122.669 E.02039
G1 X139.03 Y122.238 E.01513
G1 X138.754 Y121.583 E.02116
G1 X138.628 Y120.884 E.02118
G1 X138.628 Y120.173 E.02118
G1 X138.783 Y119.479 E.02119
G1 X139.058 Y118.822 E.02124
G1 X139.504 Y118.105 E.02517
G1 X139.867 Y117.64 E.01759
G1 X140.236 Y117.395 E.0132
G1 X140.676 Y117.247 E.01385
G1 X141.395 Y117.078 E.022
G1 X142.104 Y116.98 E.02132
G1 X142.813 Y117.041 E.0212
G1 X143.498 Y117.225 E.02116
G1 X144.128 Y117.555 E.0212
G1 X144.689 Y117.991 E.02117
G1 X145.155 Y118.559 E.0219
G1 X145.508 Y119.177 E.0212
G1 X145.6 Y119.263 E.00377
G1 X146.071 Y119.459 E.01521
G1 X146.228 Y119.416 E.00484
G1 X146.574 Y118.993 E.0163
G1 X146.841 Y118.548 E.01545
G1 X147.304 Y118.007 E.02124
G1 X147.853 Y117.557 E.02115
G1 X148.488 Y117.238 E.0212
G1 X149.169 Y117.036 E.02117
G1 X149.88 Y116.987 E.02122
G1 X150.589 Y117.065 E.02126
G1 X151.377 Y117.267 E.02426
G1 X151.944 Y117.496 E.01823
G1 X152.275 Y117.792 E.01325
G1 X152.543 Y118.179 E.01402
G1 X153.043 Y119.023 E.02925
G1 X153.278 Y119.7 E.02133
G1 X153.388 Y120.394 E.02096
G1 X153.343 Y121.106 E.02126
G1 X153.174 Y121.794 E.02112
G1 X152.858 Y122.431 E.0212
G1 X152.432 Y123.007 E.02134
G1 X152.084 Y123.373 E.01507
G1 X152.032 Y123.491 E.00384
G1 X152.146 Y123.99 E.01526
G1 X152.24 Y124.111 E.00456
M73 P92 R0
G1 X153.473 Y124.477 E.03833
G1 X154.108 Y124.795 E.02117
G1 X154.658 Y125.245 E.02117
G1 X155.121 Y125.785 E.0212
G1 X155.454 Y126.413 E.0212
G1 X155.672 Y127.089 E.02117
G1 X155.744 Y127.701 E.01836
G1 X155.789 Y128.536 E.02495
G1 X155.713 Y128.975 E.01328
G1 X155.596 Y129.202 E.0076
G1 X155.393 Y129.514 E.01108
G1 X154.79 Y130.232 E.02795
G1 X154.58 Y130.425 E.0085
SET_VELOCITY_LIMIT ACCEL=3000
G1 E-.728 F1800
;WIPE_START
G1 F30000
G1 X154.37 Y130.618 E-.01712
G1 X153.775 Y131.006 E-.04261
G1 X153.584 Y131.078 E-.01227
;WIPE_END
G1 X155.159 Y128.841 Z3.2
G1 Z2.8
G1 E.8 F1800
SET_VELOCITY_LIMIT ACCEL=500
;TYPE:Internal solid infill
;WIDTH:0.425953
G1 F15000
G1 X154.053 Y129.947 E.04736
G1 X153.775 Y130.167 E.01074
G1 X153.449 Y130.359 E.01146
G1 X153.1 Y130.507 E.01147
G1 X152.895 Y130.564 E.00643
G1 X155.058 Y128.401 E.09259
G1 X155.03 Y127.887 E.01558
G1 X152.257 Y130.66 E.11871
G1 X151.98 Y130.661 E.00838
G1 X151.745 Y130.631 E.00719
G1 X154.984 Y127.392 E.13867
G1 X154.962 Y127.234 E.00484
G1 X154.884 Y126.95 E.00891
G1 X151.302 Y130.532 E.15337
G1 X150.911 Y130.381 E.01268
G1 X154.732 Y126.561 E.16357
G1 X154.535 Y126.215 E.01202
G1 X150.373 Y130.377 E.17819
SET_VELOCITY_LIMIT ACCEL=3000
G1 E-.728 F1800
;WIPE_START
G1 F30000
G1 X151.222 Y129.529 E-.072
;WIPE_END
G1 X148.967 Y132.867 Z3.2
G1 Z2.8
G1 E.8 F1800
SET_VELOCITY_LIMIT ACCEL=500
G1 F15000
G1 X146.783 Y135.051 E.09353
G1 X146.19 Y135.269 E.01911
G1 X146.008 Y135.284 E.00552
G1 X148.851 Y132.441 E.12171
G1 X148.838 Y131.913 E.016
G1 X145.563 Y135.187 E.1402
G1 X145.176 Y135.033 E.01262
G1 X148.774 Y131.435 E.15404
G1 X148.767 Y131.381 E.00166
G1 X148.807 Y131.089 E.00891
G1 X148.872 Y130.932 E.00515
G1 X149.012 Y130.737 E.00727
G1 X149.337 Y130.393 E.01434
G1 X149.492 Y130.264 E.00608
G1 X149.63 Y130.189 E.00475
G1 X149.837 Y130.126 E.00658
G1 X150.087 Y130.122 E.00754
G1 X154.3 Y125.909 E.18039
G1 X154.027 Y125.64 E.0116
G1 X144.794 Y134.873 E.39532
G1 X144.446 Y134.679 E.01206
G1 X153.714 Y125.404 E.39698
G1 X153.37 Y125.214 E.01189
G1 X144.137 Y134.447 E.39533
G1 X143.864 Y134.179 E.0116
G1 X152.977 Y125.065 E.39022
G1 X152.551 Y124.95 E.01337
M73 P93 R0
G1 X143.627 Y133.873 E.38208
G1 X143.43 Y133.529 E.01202
G1 X152.125 Y124.834 E.37227
G1 X151.894 Y124.747 E.00746
G1 X151.767 Y124.65 E.00484
G1 X143.277 Y133.141 E.36352
G1 X143.21 Y132.919 E.00699
G1 X143.175 Y132.701 E.00671
G1 X151.518 Y124.357 E.35725
G1 X151.473 Y124.259 E.00327
G1 X151.393 Y123.94 E.00994
G1 X143.141 Y132.193 E.35335
G1 X143.19 Y131.602 E.01797
G1 X151.311 Y123.481 E.34772
G1 X151.365 Y123.183 E.00916
G1 X151.501 Y122.942 E.00837
G1 X151.888 Y122.529 E.01714
G1 X152.143 Y122.215 E.01224
G1 X152.313 Y121.938 E.00985
G1 X143.169 Y131.082 E.39152
G1 X143.143 Y130.901 E.00552
G1 X143.042 Y130.666 E.00774
G1 X152.613 Y121.096 E.40978
G1 X152.657 Y120.807 E.00884
G1 X152.662 Y120.504 E.00917
G1 X142.787 Y130.38 E.42284
G1 X142.504 Y130.244 E.00949
G1 X142.4 Y130.226 E.00322
G1 X152.611 Y120.014 E.43722
G1 X152.491 Y119.592 E.01328
G1 X141.9 Y130.184 E.45351
G1 X141.691 Y130.169 E.00634
G1 X141.411 Y130.239 E.00872
G1 X141.215 Y130.326 E.00649
G1 X152.32 Y119.222 E.47548
G1 X152.119 Y118.881 E.01197
G1 X140.394 Y130.606 E.50202
G1 X140.219 Y130.642 E.00542
G1 X139.795 Y130.664 E.01285
G1 X151.916 Y118.543 E.51898
G1 X151.729 Y118.274 E.0099
G1 X151.684 Y118.233 E.00186
G1 X139.306 Y130.61 E.52996
G1 X139.091 Y130.567 E.00664
G1 X138.88 Y130.495 E.00675
G1 X151.355 Y118.02 E.53411
G1 X150.934 Y117.9 E.01326
G1 X138.504 Y130.33 E.53221
G1 X138.169 Y130.123 E.01191
G1 X150.502 Y117.789 E.52807
G1 X150.036 Y117.714 E.0143
G1 X137.873 Y129.877 E.52079
G1 X137.613 Y129.595 E.01161
G1 X149.48 Y117.728 E.50809
G1 X149.298 Y117.749 E.00555
G1 X148.93 Y117.841 E.01147
M73 P94 R0
G1 X148.758 Y117.909 E.00563
G1 X137.363 Y129.303 E.48787
G1 X137.125 Y129 E.01168
G1 X145.952 Y120.173 E.37795
G1 X145.75 Y120.114 E.00637
G1 X145.555 Y120.028 E.00646
G1 X136.951 Y128.633 E.36841
G1 X136.935 Y128.325 E.00931
G1 X136.953 Y128.089 E.00718
G1 X145.186 Y119.855 E.35253
G1 X145.029 Y119.735 E.00601
G1 X144.915 Y119.585 E.00569
G1 X140.731 Y123.769 E.17911
G1 X140.726 Y123.928 E.00482
G1 X140.691 Y124.074 E.00455
G1 X140.615 Y124.247 E.00574
G1 X140.433 Y124.472 E.00873
G1 X139.891 Y124.829 E.01967
G1 X139.631 Y124.939 E.00854
G1 X139.545 Y124.955 E.00267
G1 X136.997 Y127.503 E.10909
G1 X137.077 Y127.062 E.01359
G1 X137.17 Y126.788 E.00875
G1 X139.089 Y124.869 E.08217
SET_VELOCITY_LIMIT ACCEL=3000
G1 E-.728 F1800
;WIPE_START
G1 F30000
G1 X138.241 Y125.718 E-.072
;WIPE_END
G1 X140.491 Y123.467 Z3.2
G1 Z2.8
G1 E.8 F1800
SET_VELOCITY_LIMIT ACCEL=500
G1 F15000
G1 X144.722 Y119.236 E.18119
G1 X144.514 Y118.902 E.0119
G1 X140.442 Y122.975 E.17437
G1 X140.37 Y122.826 E.005
G1 X140.22 Y122.655 E.00689
G1 X144.27 Y118.605 E.17339
G1 X143.989 Y118.345 E.0116
G1 X139.969 Y122.364 E.17211
G1 X139.746 Y122.046 E.01178
G1 X143.67 Y118.121 E.16804
G1 X143.313 Y117.937 E.01218
G1 X139.563 Y121.687 E.16055
G1 X139.427 Y121.281 E.01295
G1 X142.911 Y117.797 E.14916
G1 X142.449 Y117.718 E.0142
G1 X139.348 Y120.818 E.13274
G1 X139.332 Y120.631 E.00569
G1 X139.347 Y120.278 E.0107
G1 X141.9 Y117.724 E.10932
G1 X141.748 Y117.738 E.00464
G1 X141.221 Y117.862 E.01637
G1 X139.513 Y119.57 E.07315
G1 X139.694 Y119.168 E.01335
G1 X140.162 Y118.415 E.02684
G1 X140.346 Y118.195 E.00868
G1 X140.728 Y117.814 E.01635
SET_VELOCITY_LIMIT ACCEL=3000
G1 E-.728 F1800
;WIPE_START
G1 F30000
G1 X140.346 Y118.195 E-.03239
G1 X140.162 Y118.415 E-.01721
G1 X139.965 Y118.732 E-.0224
;WIPE_END
G1 X138.499 Y125.161 Z3.2
G1 Z2.8
G1 E.8 F1800
SET_VELOCITY_LIMIT ACCEL=500
;TYPE:Gap infill
;WIDTH:0.101951
G1 F15000
G1 X137.198 Y126.463 E.00859
SET_VELOCITY_LIMIT ACCEL=3000
G1 E-.728 F1800
;WIPE_START
G1 F30000
G1 X138.046 Y125.615 E-.072
;WIPE_END
G1 X144.184 Y121.078 Z3.2
G1 X148.428 Y117.941 Z3.2
G1 Z2.8
G1 E.8 F1800
SET_VELOCITY_LIMIT ACCEL=500
;WIDTH:0.105443
G1 F15000
G1 X148.318 Y118.023 E.00068
;WIDTH:0.139991
G1 X148.209 Y118.106 E.00105
;WIDTH:0.171085
G1 X148.063 Y118.233 E.00196
;WIDTH:0.202803
G1 X147.643 Y118.63 E.0073
G1 X147.385 Y118.921 E.00491
;WIDTH:0.149226
G1 X147.271 Y119.066 E.00155
;WIDTH:0.128874
G1 X147.156 Y119.211 E.00126
SET_VELOCITY_LIMIT ACCEL=3000
G1 E-.78892 F1800
;WIPE_START
G1 F30000
G1 X147.271 Y119.066 E-.01108
;WIPE_END
G1 X148.062 Y126.657 Z3.2
G1 X148.762 Y133.379 Z3.2
G1 Z2.8
G1 E.8 F1800
SET_VELOCITY_LIMIT ACCEL=500
;WIDTH:0.151641
G1 F15000
G1 X148.66 Y133.517 E.00148
;WIDTH:0.190435
G1 X148.558 Y133.656 E.002
;WIDTH:0.229228
G1 X148.456 Y133.794 E.00253
;WIDTH:0.264511
G1 X148.333 Y133.94 E.00334
;WIDTH:0.309438
G1 X147.948 Y134.357 E.01197
G1 X147.667 Y134.611 E.00798
;WIDTH:0.266165
G1 X147.516 Y134.731 E.0034
;WIDTH:0.22192
G1 X147.365 Y134.85 E.00272
;WIDTH:0.181193
G1 X147.274 Y134.913 E.00121
;WIDTH:0.143984
G1 X147.183 Y134.976 E.00088
;WIDTH:0.12538
G1 X147.092 Y135.039 E.00072
SET_VELOCITY_LIMIT ACCEL=3000
G1 E-.79336 F1800
;WIPE_START
G1 F30000
G1 X147.183 Y134.976 E-.00664
;WIPE_END
G1 X141.593 Y129.779 Z3.2
G1 X137.597 Y126.063 Z3.2
G1 Z2.8
G1 E.8 F1800
SET_VELOCITY_LIMIT ACCEL=500
;TYPE:Internal solid infill
;WIDTH:0.38292
G1 F15000
G1 X138.101 Y125.562 E.01911
SET_VELOCITY_LIMIT ACCEL=3000
G1 E-.75734 F1800
;WIPE_START
G1 F30000
G1 X137.597 Y126.063 E-.04266
;WIPE_END
G1 X129.981 Y126.569 Z3.2
G1 X103.142 Y128.353 Z3.2
G1 Z2.8
G1 E.8 F1800
SET_VELOCITY_LIMIT ACCEL=500
;TYPE:Inner wall
;WIDTH:0.449999
G1 F12000
G1 X103.169 Y128.62 E.00862
G1 X103.091 Y128.876 E.00862
G1 X102.921 Y129.083 E.00862
G1 X102.685 Y129.21 E.00862
G1 X102.418 Y129.236 E.00862
G1 X102.162 Y129.158 E.00862
G1 X101.955 Y128.988 E.00862
G1 X101.829 Y128.752 E.00862
G1 X101.802 Y128.485 E.00862
G1 X101.88 Y128.229 E.00862
G1 X102.05 Y128.022 E.00862
G1 X102.286 Y127.896 E.00862
G1 X102.553 Y127.87 E.00862
G1 X102.809 Y127.947 E.00862
G1 X103.016 Y128.117 E.00862
G1 X103.124 Y128.318 E.00733
G1 X103.5 Y128.191 F30000
;TYPE:Outer wall
;WIDTH:0.419999
G1 F9600
G1 X103.525 Y128.237 E.00158
G1 X103.566 Y128.659 E.01263
G1 X103.443 Y129.065 E.01263
G1 X103.175 Y129.392 E.01263
G1 X102.801 Y129.592 E.01263
G1 X102.379 Y129.634 E.01263
G1 X101.973 Y129.511 E.01263
G1 X101.646 Y129.242 E.01263
G1 X101.446 Y128.868 E.01263
G1 X101.405 Y128.446 E.01263
G1 X101.528 Y128.041 E.01263
G1 X101.796 Y127.713 E.01263
G1 X102.17 Y127.513 E.01263
G1 X102.592 Y127.472 E.01263
G1 X102.998 Y127.595 E.01263
G1 X103.325 Y127.864 E.01263
G1 X103.481 Y128.155 E.00986
SET_VELOCITY_LIMIT ACCEL=3000
G1 E-.728 F1800
;WIPE_START
G1 F30000
G1 X103.525 Y128.237 E-.00558
G1 X103.566 Y128.659 E-.02543
G1 X103.443 Y129.065 E-.02543
G1 X103.279 Y129.265 E-.01556
;WIPE_END
G1 X102.724 Y128.576 Z3.2
M73 P95 R0
G1 Z2.8
G1 E.8 F1800
SET_VELOCITY_LIMIT ACCEL=500
;TYPE:Internal solid infill
;WIDTH:0.512627
G1 F14109.633
G1 X102.671 Y128.401 E.0068
G1 X102.509 Y128.314 E.0068
G1 X102.334 Y128.368 E.0068
G1 X102.247 Y128.529 E.0068
G1 X102.3 Y128.705 E.0068
G1 X102.462 Y128.791 E.0068
G1 X102.637 Y128.738 E.0068
G1 X102.705 Y128.611 E.00532
SET_VELOCITY_LIMIT ACCEL=3000
G1 E-.728 F1800
;WIPE_START
G1 F30000
G1 X102.637 Y128.738 E-.0086
G1 X102.462 Y128.791 E-.011
G1 X102.3 Y128.705 E-.011
G1 X102.247 Y128.529 E-.011
G1 X102.334 Y128.368 E-.011
G1 X102.509 Y128.314 E-.011
G1 X102.633 Y128.381 E-.00842
;WIPE_END
G1 X110.265 Y128.377 Z3.2
G1 X117.068 Y128.373 Z3.2
G1 Z2.8
G1 E.8 F1800
SET_VELOCITY_LIMIT ACCEL=500
;TYPE:Inner wall
;WIDTH:0.449999
G1 F12000
G1 X117.096 Y128.37 E.0009
G1 X117.352 Y128.448 E.00862
G1 X117.559 Y128.618 E.00862
G1 X117.685 Y128.854 E.00862
G1 X117.712 Y129.121 E.00862
G1 X117.634 Y129.377 E.00862
G1 X117.464 Y129.584 E.00862
G1 X117.228 Y129.71 E.00862
G1 X116.961 Y129.737 E.00862
G1 X116.705 Y129.659 E.00862
G1 X116.498 Y129.489 E.00862
G1 X116.372 Y129.253 E.00862
G1 X116.345 Y128.986 E.00862
G1 X116.423 Y128.73 E.00862
G1 X116.593 Y128.523 E.00862
G1 X116.829 Y128.397 E.00862
G1 X117.028 Y128.377 E.00643
G1 X117.03 Y127.983 F30000
;TYPE:Outer wall
;WIDTH:0.419999
G1 F9600
G1 X117.135 Y127.973 E.00316
G1 X117.541 Y128.096 E.01263
G1 X117.868 Y128.364 E.01263
G1 X118.068 Y128.738 E.01263
G1 X118.11 Y129.16 E.01263
G1 X117.987 Y129.566 E.01263
G1 X117.718 Y129.893 E.01263
G1 X117.344 Y130.093 E.01263
G1 X116.922 Y130.135 E.01263
G1 X116.517 Y130.012 E.01263
G1 X116.189 Y129.743 E.01263
G1 X115.989 Y129.369 E.01263
G1 X115.948 Y128.947 E.01263
G1 X116.071 Y128.542 E.01263
G1 X116.339 Y128.214 E.01263
G1 X116.713 Y128.014 E.01263
G1 X116.99 Y127.987 E.00828
SET_VELOCITY_LIMIT ACCEL=3000
G1 E-.728 F1800
;WIPE_START
G1 F30000
G1 X117.135 Y127.973 E-.00876
G1 X117.541 Y128.096 E-.02543
G1 X117.868 Y128.364 E-.02543
G1 X117.966 Y128.547 E-.01238
;WIPE_END
G1 X116.79 Y129.03 Z3.2
G1 Z2.8
G1 E.8 F1800
SET_VELOCITY_LIMIT ACCEL=500
;TYPE:Internal solid infill
;WIDTH:0.512628
G1 F14109.602
G1 X116.843 Y129.205 E.0068
G1 X117.005 Y129.292 E.0068
G1 X117.18 Y129.239 E.0068
G1 X117.267 Y129.077 E.0068
G1 X117.214 Y128.902 E.0068
G1 X117.052 Y128.815 E.0068
G1 X116.877 Y128.868 E.0068
G1 X116.809 Y128.995 E.00532
SET_VELOCITY_LIMIT ACCEL=3000
G1 E-.728 F1800
;WIPE_START
G1 F30000
G1 X116.877 Y128.868 E-.0086
G1 X117.052 Y128.815 E-.011
G1 X117.214 Y128.902 E-.011
G1 X117.267 Y129.077 E-.011
G1 X117.18 Y129.239 E-.011
G1 X117.005 Y129.292 E-.011
G1 X116.881 Y129.226 E-.00842
;WIPE_END
G1 X115.132 Y121.796 Z3.2
G1 X114.681 Y119.88 Z3.2
G1 Z2.8
G1 E.8 F1800
SET_VELOCITY_LIMIT ACCEL=500
;TYPE:Inner wall
;WIDTH:0.449999
G1 F12000
G1 X114.6 Y119.888 E.0026
G1 X114.344 Y119.811 E.00862
G1 X114.137 Y119.641 E.00862
G1 X114.01 Y119.404 E.00862
G1 X113.984 Y119.138 E.00862
G1 X114.062 Y118.882 E.00862
G1 X114.232 Y118.675 E.00862
G1 X114.468 Y118.548 E.00862
G1 X114.735 Y118.522 E.00862
G1 X114.991 Y118.6 E.00862
G1 X115.198 Y118.77 E.00862
G1 X115.324 Y119.006 E.00862
G1 X115.35 Y119.273 E.00862
G1 X115.273 Y119.529 E.00862
G1 X115.103 Y119.736 E.00862
G1 X114.867 Y119.862 E.00862
G1 X114.72 Y119.877 E.00473
G1 X114.719 Y120.271 F30000
;TYPE:Outer wall
;WIDTH:0.419999
G1 F9600
G1 X114.561 Y120.286 E.00474
G1 X114.155 Y120.163 E.01263
G1 X113.828 Y119.894 E.01263
G1 X113.628 Y119.521 E.01263
G1 X113.586 Y119.099 E.01263
G1 X113.709 Y118.693 E.01263
G1 X113.978 Y118.366 E.01263
G1 X114.352 Y118.166 E.01263
G1 X114.774 Y118.124 E.01263
G1 X115.179 Y118.247 E.01263
G1 X115.507 Y118.516 E.01263
G1 X115.707 Y118.89 E.01263
G1 X115.748 Y119.312 E.01263
G1 X115.625 Y119.717 E.01263
G1 X115.356 Y120.045 E.01263
G1 X114.983 Y120.245 E.01263
G1 X114.759 Y120.267 E.0067
SET_VELOCITY_LIMIT ACCEL=3000
G1 E-.728 F1800
;WIPE_START
G1 F30000
G1 X114.561 Y120.286 E-.01194
G1 X114.155 Y120.163 E-.02543
G1 X113.828 Y119.894 E-.02543
G1 X113.755 Y119.759 E-.00921
;WIPE_END
G1 X114.482 Y119.357 Z3.2
G1 Z2.8
G1 E.8 F1800
SET_VELOCITY_LIMIT ACCEL=500
;TYPE:Internal solid infill
;WIDTH:0.512625
G1 F14109.693
G1 X114.644 Y119.444 E.0068
G1 X114.819 Y119.39 E.0068
G1 X114.906 Y119.229 E.00681
G1 X114.852 Y119.053 E.0068
G1 X114.691 Y118.967 E.0068
G1 X114.515 Y119.02 E.0068
G1 X114.429 Y119.182 E.0068
G1 X114.471 Y119.319 E.00532
;LAYER_CHANGE
;Z:3
;HEIGHT:0.2
;BEFORE_LAYER_CHANGE
;3
G92 E0

G1 E-.728 F1800
;WIPE_START
G1 F30000
G1 X114.429 Y119.182 E-.0086
G1 X114.515 Y119.02 E-.011
G1 X114.691 Y118.967 E-.011
G1 X114.852 Y119.053 E-.011
G1 X114.906 Y119.229 E-.011
G1 X114.819 Y119.39 E-.011
G1 X114.685 Y119.431 E-.00842
;WIPE_END
M73 L15
;LAYER:15
SET_PRINT_STATS_INFO TOTAL_LAYER=16 CURRENT_LAYER=15
;_SET_FAN_SPEED_CHANGING_LAYER
SET_VELOCITY_LIMIT ACCEL=3000

G1 X115.513 Y120.087 Z3.05714
G1 X115.516 Y121.143 Z3.11429
G1 X114.693 Y121.804 Z3.17143
G1 X113.662 Y121.572 Z3.22857
G1 X113.201 Y120.623 Z3.28571
G1 X113.656 Y119.67 Z3.34286
G1 X114.685 Y119.431 Z3.4
G1 X155.767 Y128.663 Z3.4
G1 Z3
G1 E.8 F1800
SET_VELOCITY_LIMIT ACCEL=500
;TYPE:Outer wall
;WIDTH:0.419999
G1 F9600
G1 X155.713 Y128.975 E.00945
G1 X155.596 Y129.202 E.0076
G1 X155.393 Y129.514 E.01108
G1 X154.79 Y130.232 E.02795
G1 X154.37 Y130.618 E.01701
G1 X153.775 Y131.006 E.02117
G1 X153.11 Y131.255 E.02118
G1 X152.41 Y131.383 E.02119
G1 X151.7 Y131.354 E.02118
G1 X151.006 Y131.201 E.02119
G1 X150.541 Y131.009 E.01499
G1 X149.989 Y130.837 E.01723
G1 X149.857 Y130.896 E.00431
G1 X149.499 Y131.301 E.01611
G1 X149.584 Y132.36 E.03166
G1 X149.49 Y133.065 E.02121
G1 X149.274 Y133.742 E.02116
G1 X148.914 Y134.356 E.02121
G1 X148.453 Y134.895 E.02116
G1 X147.884 Y135.322 E.0212
G1 X147.411 Y135.569 E.01589
G1 X146.845 Y135.806 E.01831
G1 X146.338 Y135.982 E.01599
G1 X145.896 Y136.019 E.01323
G1 X145.453 Y135.922 E.01349
G1 X144.712 Y135.625 E.02382
G1 X144.123 Y135.337 E.01954
G1 X143.562 Y134.901 E.02118
G1 X143.086 Y134.372 E.02119
G1 X142.738 Y133.754 E.02116
G1 X142.504 Y133.082 E.02121
G1 X142.422 Y132.376 E.02118
G1 X142.468 Y131.651 E.02165
G1 X142.446 Y131.115 E.01599
G1 X142.403 Y131.002 E.0036
G1 X142.275 Y130.935 E.0043
G1 X141.69 Y130.907 E.01746
G1 X141.087 Y131.16 E.01949
G1 X140.544 Y131.314 E.01681
G1 X139.841 Y131.391 E.02107
G1 X139.13 Y131.313 E.02133
G1 X138.453 Y131.112 E.02105
G1 X137.831 Y130.767 E.0212
G1 X137.281 Y130.318 E.02116
G1 X136.713 Y129.655 E.02602
G1 X136.379 Y129.193 E.01699
G1 X136.234 Y128.775 E.01319
G1 X136.21 Y128.317 E.01367
G1 X136.284 Y127.34 E.0292
G1 X136.454 Y126.648 E.02122
G1 X136.742 Y125.999 E.02118
G1 X137.166 Y125.428 E.0212
G1 X137.683 Y124.941 E.02117
G1 X138.295 Y124.578 E.0212
G1 X138.96 Y124.329 E.02117
G1 X139.484 Y124.228 E.0159
G1 X139.925 Y123.951 E.01551
G1 X139.997 Y123.866 E.00333
G1 X139.995 Y123.713 E.00458
G1 X139.738 Y123.192 E.01728
G1 X139.298 Y122.669 E.02039
G1 X139.03 Y122.238 E.01513
G1 X138.754 Y121.583 E.02116
G1 X138.628 Y120.884 E.02118
G1 X138.628 Y120.173 E.02118
G1 X138.783 Y119.479 E.02119
G1 X139.058 Y118.822 E.02124
G1 X139.504 Y118.105 E.02517
G1 X139.867 Y117.64 E.01759
G1 X140.236 Y117.395 E.0132
G1 X140.676 Y117.247 E.01385
G1 X141.382 Y117.082 E.02158
G1 X142.12 Y116.98 E.02222
G1 X142.813 Y117.041 E.02073
G1 X143.498 Y117.225 E.02115
G1 X144.128 Y117.555 E.0212
G1 X144.689 Y117.991 E.02117
G1 X145.155 Y118.559 E.0219
G1 X145.508 Y119.177 E.0212
G1 X145.6 Y119.263 E.00377
G1 X146.071 Y119.459 E.01521
G1 X146.228 Y119.416 E.00484
G1 X146.574 Y118.993 E.0163
G1 X146.841 Y118.548 E.01545
G1 X147.304 Y118.007 E.02124
G1 X147.853 Y117.557 E.02115
G1 X148.488 Y117.238 E.0212
G1 X149.169 Y117.036 E.02117
G1 X149.88 Y116.987 E.02122
G1 X150.589 Y117.065 E.02126
G1 X151.377 Y117.267 E.02426
G1 X151.944 Y117.496 E.01823
G1 X152.275 Y117.792 E.01325
G1 X152.543 Y118.179 E.01402
G1 X153.043 Y119.023 E.02925
G1 X153.278 Y119.7 E.02133
G1 X153.388 Y120.394 E.02096
G1 X153.343 Y121.106 E.02125
G1 X153.174 Y121.794 E.02112
G1 X152.858 Y122.431 E.0212
G1 X152.432 Y123.007 E.02134
G1 X152.084 Y123.373 E.01507
G1 X152.032 Y123.491 E.00384
G1 X152.146 Y123.99 E.01526
G1 X152.24 Y124.111 E.00456
G1 X153.473 Y124.477 E.03833
G1 X154.108 Y124.795 E.02117
G1 X154.658 Y125.245 E.02117
G1 X155.121 Y125.785 E.0212
G1 X155.454 Y126.413 E.0212
G1 X155.672 Y127.089 E.02117
G1 X155.744 Y127.701 E.01836
G1 X155.789 Y128.536 E.02495
G1 X155.774 Y128.624 E.00264
SET_VELOCITY_LIMIT ACCEL=3000
G1 E-.728 F1800
;WIPE_START
G1 F30000
G1 X155.713 Y128.975 E-.02142
G1 X155.596 Y129.202 E-.01531
G1 X155.393 Y129.514 E-.02231
G1 X155.254 Y129.679 E-.01297
;WIPE_END
G1 X153.46 Y122.261 Z3.4
G1 X152.577 Y118.605 Z3.4
G1 Z3
G1 E.8 F1800
SET_VELOCITY_LIMIT ACCEL=500
;TYPE:Top surface
;WIDTH:0.425301
G1 F12000
G1 X151.452 Y117.481 E.05238
SET_VELOCITY_LIMIT ACCEL=3000
G1 X150.725 Y117.295 F30000
SET_VELOCITY_LIMIT ACCEL=500
G1 F12000
G1 X153.068 Y119.637 E.10913
SET_VELOCITY_LIMIT ACCEL=3000
G1 X153.187 Y120.297 F30000
M73 P96 R0
SET_VELOCITY_LIMIT ACCEL=500
G1 F12000
G1 X150.07 Y117.18 E.14523
SET_VELOCITY_LIMIT ACCEL=3000
G1 X149.533 Y117.184 F30000
SET_VELOCITY_LIMIT ACCEL=500
G1 F12000
G1 X153.191 Y120.842 E.17039
SET_VELOCITY_LIMIT ACCEL=3000
G1 X153.119 Y121.311 F30000
SET_VELOCITY_LIMIT ACCEL=500
G1 F12000
G1 X149.064 Y117.256 E.1889
SET_VELOCITY_LIMIT ACCEL=3000
G1 X148.646 Y117.378 F30000
SET_VELOCITY_LIMIT ACCEL=500
G1 F12000
G1 X152.997 Y121.729 E.20271
SET_VELOCITY_LIMIT ACCEL=3000
G1 X152.831 Y122.104 F30000
SET_VELOCITY_LIMIT ACCEL=500
G1 F12000
G1 X148.268 Y117.541 E.2126
SET_VELOCITY_LIMIT ACCEL=3000
G1 X147.925 Y117.739 F30000
SET_VELOCITY_LIMIT ACCEL=500
G1 F12000
G1 X152.63 Y122.444 E.21921
SET_VELOCITY_LIMIT ACCEL=3000
G1 X152.397 Y122.751 F30000
SET_VELOCITY_LIMIT ACCEL=500
G1 F12000
G1 X147.616 Y117.97 E.22275
SET_VELOCITY_LIMIT ACCEL=3000
G1 X147.34 Y118.235 F30000
SET_VELOCITY_LIMIT ACCEL=500
G1 F12000
G1 X152.143 Y123.038 E.22377
SET_VELOCITY_LIMIT ACCEL=3000
G1 X151.892 Y123.328 F30000
SET_VELOCITY_LIMIT ACCEL=500
G1 F12000
G1 X147.094 Y118.53 E.22353
SET_VELOCITY_LIMIT ACCEL=3000
G1 X146.878 Y118.855 F30000
SET_VELOCITY_LIMIT ACCEL=500
G1 F12000
G1 X151.935 Y123.912 E.23563
SET_VELOCITY_LIMIT ACCEL=3000
G1 E-.728 F1800
;WIPE_START
G1 F30000
G1 X151.086 Y123.063 E-.072
;WIPE_END
G1 X153.111 Y124.547 Z3.4
G1 Z3
G1 E.8 F1800
SET_VELOCITY_LIMIT ACCEL=500
G1 F12000
G1 X155.41 Y126.846 E.10712
SET_VELOCITY_LIMIT ACCEL=3000
G1 X155.54 Y127.517 F30000
SET_VELOCITY_LIMIT ACCEL=500
G1 F12000
G1 X152.369 Y124.346 E.14772
SET_VELOCITY_LIMIT ACCEL=3000
G1 E-.728 F1800
;WIPE_START
G1 F30000
G1 X153.218 Y125.195 E-.072
;WIPE_END
G1 X155.576 Y128.094 Z3.4
G1 Z3
G1 E.8 F1800
SET_VELOCITY_LIMIT ACCEL=500
G1 F12000
G1 X146.663 Y119.181 E.41529
SET_VELOCITY_LIMIT ACCEL=3000
G1 X146.422 Y119.48 F30000
SET_VELOCITY_LIMIT ACCEL=500
G1 F12000
G1 X155.58 Y128.638 E.4267
SET_VELOCITY_LIMIT ACCEL=3000
G1 X155.458 Y129.058 F30000
SET_VELOCITY_LIMIT ACCEL=500
G1 F12000
G1 X146.043 Y119.642 E.43868
SET_VELOCITY_LIMIT ACCEL=3000
G1 E-.728 F1800
;WIPE_START
G1 F30000
G1 X146.891 Y120.491 E-.072
;WIPE_END
G1 X143.183 Y117.323 Z3.4
G1 Z3
G1 E.8 F1800
SET_VELOCITY_LIMIT ACCEL=500
G1 F12000
G1 X155.251 Y129.391 E.56225
SET_VELOCITY_LIMIT ACCEL=3000
G1 X155.007 Y129.688 F30000
SET_VELOCITY_LIMIT ACCEL=500
G1 F12000
G1 X142.504 Y117.185 E.58253
SET_VELOCITY_LIMIT ACCEL=3000
G1 X141.962 Y117.183 F30000
SET_VELOCITY_LIMIT ACCEL=500
G1 F12000
G1 X154.764 Y129.986 E.59646
SET_VELOCITY_LIMIT ACCEL=3000
G1 X154.499 Y130.261 F30000
SET_VELOCITY_LIMIT ACCEL=500
G1 F12000
G1 X141.488 Y117.25 E.60618
SET_VELOCITY_LIMIT ACCEL=3000
G1 X141.05 Y117.353 F30000
SET_VELOCITY_LIMIT ACCEL=500
G1 F12000
G1 X154.205 Y130.508 E.61291
SET_VELOCITY_LIMIT ACCEL=3000
G1 X153.881 Y130.725 F30000
SET_VELOCITY_LIMIT ACCEL=500
G1 F12000
G1 X140.621 Y117.465 E.61781
SET_VELOCITY_LIMIT ACCEL=3000
G1 X140.237 Y117.621 F30000
SET_VELOCITY_LIMIT ACCEL=500
G1 F12000
G1 X153.524 Y130.908 E.61906
SET_VELOCITY_LIMIT ACCEL=3000
G1 X153.129 Y131.054 F30000
SET_VELOCITY_LIMIT ACCEL=500
G1 F12000
G1 X139.932 Y117.857 E.61485
SET_VELOCITY_LIMIT ACCEL=3000
G1 X139.692 Y118.159 F30000
SET_VELOCITY_LIMIT ACCEL=500
G1 F12000
G1 X152.688 Y131.154 E.60547
SET_VELOCITY_LIMIT ACCEL=3000
G1 X152.188 Y131.195 F30000
M73 P97 R0
SET_VELOCITY_LIMIT ACCEL=500
G1 F12000
G1 X139.485 Y118.492 E.59183
SET_VELOCITY_LIMIT ACCEL=3000
G1 X139.278 Y118.826 F30000
SET_VELOCITY_LIMIT ACCEL=500
G1 F12000
G1 X151.604 Y131.152 E.57428
SET_VELOCITY_LIMIT ACCEL=3000
G1 X150.841 Y130.929 F30000
SET_VELOCITY_LIMIT ACCEL=500
G1 F12000
G1 X139.096 Y119.184 E.5472
SET_VELOCITY_LIMIT ACCEL=3000
G1 X138.949 Y119.578 F30000
SET_VELOCITY_LIMIT ACCEL=500
G1 F12000
G1 X150.033 Y130.662 E.5164
SET_VELOCITY_LIMIT ACCEL=3000
G1 X149.665 Y130.835 F30000
SET_VELOCITY_LIMIT ACCEL=500
G1 F12000
G1 X138.847 Y120.017 E.504
SET_VELOCITY_LIMIT ACCEL=3000
G1 X138.802 Y120.513 F30000
SET_VELOCITY_LIMIT ACCEL=500
G1 F12000
G1 X149.399 Y131.11 E.49372
SET_VELOCITY_LIMIT ACCEL=3000
G1 X149.33 Y131.582 F30000
SET_VELOCITY_LIMIT ACCEL=500
G1 F12000
G1 X138.836 Y121.087 E.48895
SET_VELOCITY_LIMIT ACCEL=3000
G1 X139.051 Y121.844 F30000
SET_VELOCITY_LIMIT ACCEL=500
G1 F12000
G1 X149.387 Y132.18 E.48156
SET_VELOCITY_LIMIT ACCEL=3000
G1 X149.365 Y132.698 F30000
SET_VELOCITY_LIMIT ACCEL=500
G1 F12000
G1 X140.044 Y123.377 E.43426
SET_VELOCITY_LIMIT ACCEL=3000
G1 X140.131 Y124.005 F30000
SET_VELOCITY_LIMIT ACCEL=500
G1 F12000
G1 X149.277 Y133.151 E.42614
SET_VELOCITY_LIMIT ACCEL=3000
G1 X149.141 Y133.556 F30000
SET_VELOCITY_LIMIT ACCEL=500
G1 F12000
G1 X139.822 Y124.237 E.43419
SET_VELOCITY_LIMIT ACCEL=3000
G1 X139.464 Y124.419 F30000
SET_VELOCITY_LIMIT ACCEL=500
G1 F12000
G1 X148.966 Y133.921 E.4427
SET_VELOCITY_LIMIT ACCEL=3000
G1 X148.756 Y134.252 F30000
SET_VELOCITY_LIMIT ACCEL=500
G1 F12000
G1 X139.014 Y124.511 E.45387
SET_VELOCITY_LIMIT ACCEL=3000
G1 X138.606 Y124.643 F30000
SET_VELOCITY_LIMIT ACCEL=500
G1 F12000
G1 X148.515 Y134.552 E.4617
SET_VELOCITY_LIMIT ACCEL=3000
G1 X148.245 Y134.822 F30000
SET_VELOCITY_LIMIT ACCEL=500
G1 F12000
G1 X138.237 Y124.815 E.46626
SET_VELOCITY_LIMIT ACCEL=3000
G1 X137.903 Y125.022 F30000
SET_VELOCITY_LIMIT ACCEL=500
G1 F12000
G1 X147.944 Y135.063 E.46782
SET_VELOCITY_LIMIT ACCEL=3000
G1 X147.61 Y135.27 F30000
SET_VELOCITY_LIMIT ACCEL=500
G1 F12000
G1 X137.601 Y125.26 E.46635
SET_VELOCITY_LIMIT ACCEL=3000
G1 X137.329 Y125.529 F30000
SET_VELOCITY_LIMIT ACCEL=500
G1 F12000
G1 X147.239 Y135.439 E.46175
SET_VELOCITY_LIMIT ACCEL=3000
G1 X146.857 Y135.598 F30000
SET_VELOCITY_LIMIT ACCEL=500
G1 F12000
G1 X142.647 Y131.387 E.19617
SET_VELOCITY_LIMIT ACCEL=3000
G1 X142.629 Y131.91 F30000
SET_VELOCITY_LIMIT ACCEL=500
G1 F12000
G1 X146.46 Y135.742 E.17851
SET_VELOCITY_LIMIT ACCEL=3000
G1 X145.999 Y135.821 F30000
SET_VELOCITY_LIMIT ACCEL=500
G1 F12000
G1 X142.612 Y132.435 E.15777
SET_VELOCITY_LIMIT ACCEL=3000
G1 X142.693 Y133.056 F30000
SET_VELOCITY_LIMIT ACCEL=500
G1 F12000
G1 X145.291 Y135.654 E.12106
SET_VELOCITY_LIMIT ACCEL=3000
G1 E-.728 F1800
;WIPE_START
G1 F30000
G1 X144.443 Y134.806 E-.072
;WIPE_END
G1 X141.979 Y130.72 Z3.4
G1 Z3
G1 E.8 F1800
SET_VELOCITY_LIMIT ACCEL=500
G1 F12000
G1 X137.086 Y125.827 E.22798
SET_VELOCITY_LIMIT ACCEL=3000
G1 X136.874 Y126.156 F30000
SET_VELOCITY_LIMIT ACCEL=500
G1 F12000
G1 X141.505 Y130.787 E.21576
SET_VELOCITY_LIMIT ACCEL=3000
G1 X141.125 Y130.948 F30000
M73 P98 R0
SET_VELOCITY_LIMIT ACCEL=500
G1 F12000
G1 X136.697 Y126.519 E.20631
SET_VELOCITY_LIMIT ACCEL=3000
G1 X136.559 Y126.922 F30000
SET_VELOCITY_LIMIT ACCEL=500
G1 F12000
G1 X140.722 Y131.085 E.19395
SET_VELOCITY_LIMIT ACCEL=3000
G1 X140.27 Y131.174 F30000
SET_VELOCITY_LIMIT ACCEL=500
G1 F12000
G1 X136.47 Y127.374 E.17703
SET_VELOCITY_LIMIT ACCEL=3000
G1 X136.432 Y127.877 F30000
SET_VELOCITY_LIMIT ACCEL=500
G1 F12000
G1 X139.751 Y131.196 E.15463
SET_VELOCITY_LIMIT ACCEL=3000
G1 X139.136 Y131.121 F30000
SET_VELOCITY_LIMIT ACCEL=500
G1 F12000
G1 X136.403 Y128.388 E.12734
SET_VELOCITY_LIMIT ACCEL=3000
G1 X136.532 Y129.059 F30000
SET_VELOCITY_LIMIT ACCEL=500
G1 F12000
G1 X138.298 Y130.825 E.08229
SET_VELOCITY_LIMIT ACCEL=3000
G1 E-.728 F1800
;WIPE_START
G1 F30000
G1 X137.45 Y129.976 E-.072
;WIPE_END
G1 X141.868 Y123.752 Z3.4
G1 X145.206 Y119.049 Z3.4
G1 Z3
G1 E.8 F1800
SET_VELOCITY_LIMIT ACCEL=500
;TYPE:Gap infill
;WIDTH:0.104007
G1 F15000
G1 X145.137 Y118.955 E.00056
;WIDTH:0.135682
G1 X145.068 Y118.861 E.00085
;WIDTH:0.171915
G1 X144.926 Y118.69 E.00227
;WIDTH:0.212707
G1 X144.784 Y118.519 E.00298
;WIDTH:0.24093
G1 X144.484 Y118.203 E.00683
G1 X144.162 Y117.907 E.00684
;WIDTH:0.196139
G1 X143.989 Y117.767 E.00269
;WIDTH:0.148766
G1 X143.817 Y117.628 E.00186
;WIDTH:0.125081
G1 X143.71 Y117.554 E.00084
SET_VELOCITY_LIMIT ACCEL=3000
G1 E-.79221 F1800
;WIPE_START
G1 F30000
G1 X143.817 Y117.628 E-.00779
;WIPE_END
G1 X149.878 Y122.267 Z3.4
G1 X155.198 Y126.338 Z3.4
G1 Z3
G1 E.8 F1800
SET_VELOCITY_LIMIT ACCEL=500
;WIDTH:0.0945779
G1 F15000
G1 X155.167 Y126.292 E.00023
;WIDTH:0.119718
G1 X155.076 Y126.174 E.0009
;WIDTH:0.157183
G1 X154.985 Y126.057 E.00134
;WIDTH:0.194648
G1 X154.894 Y125.939 E.00178
;WIDTH:0.226576
G1 X154.749 Y125.776 E.00318
;WIDTH:0.259996
G1 X154.294 Y125.306 E.01121
;WIDTH:0.245078
G1 X154.129 Y125.163 E.0035
;WIDTH:0.21344
G1 X153.963 Y125.019 E.00296
;WIDTH:0.179379
G1 X153.851 Y124.935 E.00151
;WIDTH:0.142895
G1 X153.74 Y124.851 E.0011
;WIDTH:0.124654
G1 X153.628 Y124.767 E.0009
SET_VELOCITY_LIMIT ACCEL=3000
G1 E-.79162 F1800
;WIPE_START
G1 F30000
G1 X153.74 Y124.851 E-.00838
;WIPE_END
G1 X148.801 Y130.67 Z3.4
G1 X144.761 Y135.431 Z3.4
G1 Z3
G1 E.8 F1800
SET_VELOCITY_LIMIT ACCEL=500
;WIDTH:0.159584
G1 F15000
G1 X144.601 Y135.313 E.00183
;WIDTH:0.204674
G1 X144.442 Y135.195 E.00254
;WIDTH:0.249765
G1 X144.282 Y135.078 E.00324
;WIDTH:0.290556
G1 X144.116 Y134.938 E.00424
;WIDTH:0.327043
G1 X143.951 Y134.798 E.00487
;WIDTH:0.346584
G1 X143.642 Y134.5 E.0103
G1 X143.352 Y134.181 E.01033
;WIDTH:0.294346
G1 X143.216 Y134.01 E.00435
;WIDTH:0.24436
G1 X143.08 Y133.839 E.00348
;WIDTH:0.197501
G1 X143.007 Y133.732 E.00158
;WIDTH:0.153769
G1 X142.933 Y133.626 E.00113
;WIDTH:0.131903
G1 X142.86 Y133.519 E.00091
SET_VELOCITY_LIMIT ACCEL=3000
G1 E-.79224 F1800
;WIPE_START
G1 F30000
G1 X142.933 Y133.626 E-.00776
;WIPE_END
G1 X135.353 Y132.738 Z3.4
G1 X101.851 Y128.815 Z3.4
G1 Z3
G1 E.8 F1800
SET_VELOCITY_LIMIT ACCEL=500
;TYPE:Inner wall
;WIDTH:0.449999
G1 F12000
G1 X101.799 Y128.553 E.00862
G1 X101.851 Y128.29 E.00862
G1 X102 Y128.067 E.00862
G1 X102.174 Y127.951 E.00674
G1 X102.386 Y127.87 E.00731
G1 X102.745 Y127.916 E.01163
G1 X102.971 Y128.067 E.00875
G1 X103.12 Y128.29 E.00862
G1 X103.172 Y128.553 E.00862
G1 X103.12 Y128.815 E.00862
G1 X102.971 Y129.038 E.00862
G1 X102.748 Y129.187 E.00862
G1 X102.485 Y129.239 E.00862
G1 X102.223 Y129.187 E.00862
G1 X102 Y129.038 E.00862
G1 X101.874 Y128.849 E.00733
G1 X101.482 Y128.968 F30000
;TYPE:Outer wall
;WIDTH:0.419999
G1 F9600
G1 X101.399 Y128.553 E.01263
G1 X101.482 Y128.137 E.01263
G1 X101.717 Y127.785 E.01263
G1 X102.078 Y127.544 E.01292
G1 X102.515 Y127.466 E.01324
G1 X102.9 Y127.548 E.01173
G1 X103.254 Y127.785 E.01267
G1 X103.489 Y128.137 E.01263
G1 X103.572 Y128.553 E.01263
G1 X103.489 Y128.968 E.01263
G1 X103.254 Y129.321 E.01263
G1 X102.901 Y129.556 E.01263
G1 X102.485 Y129.639 E.01263
G1 X102.07 Y129.556 E.01263
G1 X101.717 Y129.321 E.01263
G1 X101.504 Y129.002 E.01144
SET_VELOCITY_LIMIT ACCEL=3000
G1 E-.728 F1800
;WIPE_START
G1 F30000
G1 X101.399 Y128.553 E-.02766
G1 X101.482 Y128.137 E-.02543
G1 X101.657 Y127.875 E-.01891
;WIPE_END
G1 X102.71 Y128.46 Z3.4
G1 Z3
G1 E.8 F1800
SET_VELOCITY_LIMIT ACCEL=500
;TYPE:Internal solid infill
;WIDTH:0.50527
G1 F14334.162
G1 X102.588 Y128.334 E.00639
G1 X102.399 Y128.323 E.00691
G1 X102.261 Y128.46 E.0071
G1 X102.261 Y128.646 E.0068
G1 X102.392 Y128.777 E.0068
G1 X102.579 Y128.777 E.0068
G1 X102.71 Y128.646 E.0068
G1 X102.71 Y128.5 E.00534
SET_VELOCITY_LIMIT ACCEL=3000
G1 E-.728 F1800
;WIPE_START
G1 F30000
G1 X102.71 Y128.646 E-.00877
G1 X102.579 Y128.777 E-.01117
G1 X102.392 Y128.777 E-.01117
G1 X102.261 Y128.646 E-.01117
G1 X102.261 Y128.46 E-.01117
G1 X102.399 Y128.323 E-.01165
G1 X102.514 Y128.33 E-.0069
;WIPE_END
G1 X110.122 Y128.943 Z3.4
G1 X117.514 Y129.539 Z3.4
G1 Z3
G1 E.8 F1800
SET_VELOCITY_LIMIT ACCEL=500
;TYPE:Inner wall
;WIDTH:0.449999
G1 F12000
G1 X117.291 Y129.688 E.00862
G1 X117.029 Y129.74 E.00862
G1 X116.766 Y129.688 E.00862
G1 X116.543 Y129.539 E.00862
G1 X116.394 Y129.316 E.00862
G1 X116.342 Y129.054 E.00862
G1 X116.394 Y128.791 E.00862
G1 X116.543 Y128.568 E.00862
G1 X116.717 Y128.452 E.00674
G1 X116.93 Y128.37 E.00731
G1 X117.288 Y128.417 E.01163
G1 X117.514 Y128.568 E.00875
G1 X117.663 Y128.791 E.00862
G1 X117.715 Y129.054 E.00862
G1 X117.663 Y129.316 E.00862
G1 X117.536 Y129.506 E.00733
G1 X117.811 Y129.8 F30000
;TYPE:Outer wall
;WIDTH:0.419999
G1 F9600
G1 X117.797 Y129.822 E.00079
G1 X117.444 Y130.057 E.01263
G1 X117.029 Y130.14 E.01263
G1 X116.613 Y130.057 E.01263
G1 X116.261 Y129.822 E.01263
G1 X116.025 Y129.469 E.01263
G1 X115.942 Y129.054 E.01263
G1 X116.025 Y128.638 E.01263
G1 X116.261 Y128.286 E.01263
G1 X116.621 Y128.045 E.01292
G1 X117.058 Y127.967 E.01324
G1 X117.443 Y128.049 E.01173
G1 X117.797 Y128.286 E.01267
G1 X118.032 Y128.638 E.01263
G1 X118.115 Y129.054 E.01263
G1 X118.032 Y129.469 E.01263
G1 X117.834 Y129.766 E.01065
SET_VELOCITY_LIMIT ACCEL=3000
G1 E-.728 F1800
;WIPE_START
G1 F30000
G1 X117.797 Y129.822 E-.00399
G1 X117.444 Y130.057 E-.02543
G1 X117.029 Y130.14 E-.02543
G1 X116.748 Y130.084 E-.01716
;WIPE_END
G1 X116.804 Y128.96 Z3.4
G1 Z3
G1 E.8 F1800
SET_VELOCITY_LIMIT ACCEL=500
;TYPE:Internal solid infill
;WIDTH:0.505276
G1 F14333.974
G1 X116.804 Y129.147 E.0068
G1 X116.935 Y129.278 E.0068
G1 X117.122 Y129.278 E.0068
G1 X117.253 Y129.147 E.0068
G1 X117.253 Y128.961 E.0068
G1 X117.131 Y128.835 E.00639
G1 X116.942 Y128.824 E.00691
G1 X116.832 Y128.932 E.00564
SET_VELOCITY_LIMIT ACCEL=3000
G1 E-.728 F1800
;WIPE_START
G1 F30000
G1 X116.942 Y128.824 E-.00925
G1 X117.131 Y128.835 E-.01135
G1 X117.253 Y128.961 E-.01049
G1 X117.253 Y129.147 E-.01117
G1 X117.122 Y129.278 E-.01117
G1 X116.935 Y129.278 E-.01117
G1 X116.848 Y129.191 E-.0074
;WIPE_END
G1 X114.883 Y121.816 Z3.4
G1 X114.093 Y118.853 Z3.4
G1 Z3
G1 E.8 F1800
SET_VELOCITY_LIMIT ACCEL=500
;TYPE:Inner wall
;WIDTH:0.449999
G1 F12000
G1 X114.182 Y118.72 E.00514
G1 X114.356 Y118.603 E.00674
G1 X114.568 Y118.522 E.00731
G1 X114.927 Y118.569 E.01163
G1 X115.153 Y118.72 E.00875
G1 X115.301 Y118.943 E.00862
G1 X115.354 Y119.205 E.00862
G1 X115.301 Y119.468 E.00862
G1 X115.153 Y119.691 E.00862
G1 X114.93 Y119.839 E.00862
G1 X114.667 Y119.892 E.00862
G1 X114.405 Y119.839 E.00862
G1 X114.182 Y119.691 E.00862
G1 X114.033 Y119.468 E.00862
G1 X113.981 Y119.205 E.00862
G1 X114.033 Y118.943 E.00862
G1 X114.071 Y118.886 E.00219
G1 X113.767 Y118.635 F30000
;TYPE:Outer wall
;WIDTH:0.419999
G1 F9600
G1 X113.899 Y118.437 E.00709
G1 X114.26 Y118.196 E.01292
G1 X114.697 Y118.119 E.01324
G1 X115.082 Y118.201 E.01173
G1 X115.435 Y118.437 E.01267
G1 X115.671 Y118.79 E.01263
G1 X115.753 Y119.205 E.01263
G1 X115.671 Y119.621 E.01263
G1 X115.435 Y119.973 E.01263
G1 X115.083 Y120.209 E.01263
G1 X114.667 Y120.291 E.01263
G1 X114.252 Y120.209 E.01263
G1 X113.899 Y119.973 E.01263
G1 X113.664 Y119.621 E.01263
G1 X113.581 Y119.205 E.01263
G1 X113.664 Y118.79 E.01263
G1 X113.745 Y118.668 E.00435
SET_VELOCITY_LIMIT ACCEL=3000
G1 E-.728 F1800
;WIPE_START
G1 F30000
G1 X113.899 Y118.437 E-.01667
G1 X114.26 Y118.196 E-.026
G1 X114.697 Y118.119 E-.02664
G1 X114.741 Y118.128 E-.00268
;WIPE_END
G1 X114.574 Y119.43 Z3.4
G1 Z3
G1 E.8 F1800
SET_VELOCITY_LIMIT ACCEL=500
;TYPE:Internal solid infill
;WIDTH:0.505274
G1 F14334.035
G1 X114.76 Y119.43 E.0068
G1 X114.892 Y119.298 E.0068
G1 X114.892 Y119.112 E.0068
G1 X114.77 Y118.987 E.00639
G1 X114.581 Y118.976 E.00691
G1 X114.443 Y119.112 E.0071
G1 X114.443 Y119.298 E.0068
G1 X114.546 Y119.402 E.00534
M106 S255
;LAYER_CHANGE
;Z:3.2
;HEIGHT:0.2
;BEFORE_LAYER_CHANGE
;3.2
G92 E0

G1 E-.728 F1800
;WIPE_START
G1 F30000
G1 X114.443 Y119.298 E-.00877
G1 X114.443 Y119.112 E-.01117
G1 X114.581 Y118.976 E-.01165
G1 X114.77 Y118.987 E-.01135
G1 X114.892 Y119.112 E-.01049
G1 X114.892 Y119.298 E-.01117
G1 X114.805 Y119.385 E-.00739
;WIPE_END
M73 L16
;LAYER:16
SET_PRINT_STATS_INFO TOTAL_LAYER=16 CURRENT_LAYER=16
;_SET_FAN_SPEED_CHANGING_LAYER
SET_VELOCITY_LIMIT ACCEL=3000

G1 X113.776 Y119.622 Z3.25714
G1 X112.949 Y118.965 Z3.31429
G1 X112.947 Y117.909 Z3.37143
G1 X113.772 Y117.249 Z3.42857
G1 X114.802 Y117.483 Z3.48571
G1 X115.261 Y118.433 Z3.54286
G1 X114.805 Y119.385 Z3.6
M73 P99 R0
G1 X102.298 Y129.394 Z3.6
G1 Z3.2
G1 E.8 F1800
SET_VELOCITY_LIMIT ACCEL=500
;TYPE:Outer wall
;WIDTH:0.419999
G1 F1200
G1 X102.072 Y129.325 E.00701
G1 X101.808 Y129.109 E.01019
G1 X101.647 Y128.807 E.01019
G1 X101.613 Y128.467 E.01019
G1 X101.713 Y128.14 E.01019
G1 X101.93 Y127.875 E.01019
G1 X102.232 Y127.713 E.01023
G1 X102.535 Y127.679 E.00909
G1 X102.9 Y127.781 E.01129
G1 X103.163 Y127.997 E.01013
G1 X103.324 Y128.298 E.01019
G1 X103.357 Y128.639 E.01019
G1 X103.258 Y128.966 E.01019
G1 X103.041 Y129.23 E.01019
G1 X102.74 Y129.391 E.01019
G1 X102.4 Y129.425 E.01019
G1 X102.336 Y129.405 E.00199
SET_VELOCITY_LIMIT ACCEL=3000
G1 E-.728 F1800
;WIPE_START
G1 F30000
G1 X102.072 Y129.325 E-.01651
G1 X101.808 Y129.109 E-.02051
G1 X101.647 Y128.807 E-.02051
G1 X101.623 Y128.567 E-.01446
;WIPE_END
G1 X103.159 Y128.549 Z3.6
G1 Z3.2
G1 E.8 F1800
SET_VELOCITY_LIMIT ACCEL=500
;TYPE:Top surface
;WIDTH:0.495415
G1 F1200
G1 X102.481 Y129.227 E.03741
SET_VELOCITY_LIMIT ACCEL=3000
G1 X102.025 Y129.043 F30000
SET_VELOCITY_LIMIT ACCEL=500
G1 F1200
G1 X102.978 Y128.089 E.05256
SET_VELOCITY_LIMIT ACCEL=3000
G1 X102.549 Y127.879 F30000
SET_VELOCITY_LIMIT ACCEL=500
G1 F1200
G1 X101.817 Y128.611 E.04037
SET_VELOCITY_LIMIT ACCEL=3000
G1 E-.73787 F1800
;WIPE_START
G1 F30000
G1 X102.549 Y127.879 E-.06213
;WIPE_END
G1 X110.18 Y128.062 Z3.6
G1 X117.264 Y128.232 Z3.6
G1 Z3.2
G1 E.8 F1800
SET_VELOCITY_LIMIT ACCEL=500
;TYPE:Outer wall
;WIDTH:0.419999
G1 F1200
G1 X117.443 Y128.282 E.00555
G1 X117.706 Y128.498 E.01013
G1 X117.867 Y128.799 E.01019
G1 X117.901 Y129.139 E.01019
G1 X117.801 Y129.467 E.01019
G1 X117.584 Y129.731 E.01019
G1 X117.283 Y129.892 E.01019
G1 X116.943 Y129.926 E.01019
G1 X116.616 Y129.826 E.01019
G1 X116.351 Y129.609 E.01019
G1 X116.19 Y129.308 E.01019
G1 X116.157 Y128.968 E.01019
G1 X116.256 Y128.641 E.01019
G1 X116.473 Y128.376 E.01019
G1 X116.776 Y128.214 E.01023
G1 X117.078 Y128.18 E.00909
G1 X117.225 Y128.221 E.00455
SET_VELOCITY_LIMIT ACCEL=3000
G1 E-.728 F1800
;WIPE_START
G1 F30000
G1 X117.443 Y128.282 E-.01357
G1 X117.706 Y128.498 E-.02039
G1 X117.867 Y128.799 E-.02051
G1 X117.896 Y129.09 E-.01752
;WIPE_END
G1 X117.702 Y129.05 Z3.6
G1 Z3.2
G1 E.8 F1800
SET_VELOCITY_LIMIT ACCEL=500
;TYPE:Top surface
;WIDTH:0.495415
G1 F1200
G1 X117.024 Y129.728 E.03741
SET_VELOCITY_LIMIT ACCEL=3000
G1 X116.568 Y129.544 F30000
SET_VELOCITY_LIMIT ACCEL=500
G1 F1200
G1 X117.522 Y128.59 E.05256
SET_VELOCITY_LIMIT ACCEL=3000
G1 X117.092 Y128.38 F30000
SET_VELOCITY_LIMIT ACCEL=500
G1 F1200
G1 X116.36 Y129.112 E.04037
SET_VELOCITY_LIMIT ACCEL=3000
G1 E-.73787 F1800
;WIPE_START
G1 F30000
G1 X117.092 Y128.38 E-.06213
;WIPE_END
G1 X115.391 Y120.939 Z3.6
G1 X114.8 Y118.355 Z3.6
G1 Z3.2
G1 E.8 F1800
SET_VELOCITY_LIMIT ACCEL=500
;TYPE:Outer wall
;WIDTH:0.419999
G1 F1200
G1 X115.082 Y118.434 E.00873
G1 X115.345 Y118.649 E.01013
G1 X115.506 Y118.951 E.01019
G1 X115.539 Y119.291 E.01019
G1 X115.44 Y119.618 E.01019
G1 X115.223 Y119.883 E.01019
G1 X114.922 Y120.044 E.01019
G1 X114.581 Y120.077 E.01019
G1 X114.254 Y119.978 E.01019
G1 X113.99 Y119.761 E.01019
G1 X113.829 Y119.46 E.01019
G1 X113.795 Y119.119 E.01019
G1 X113.895 Y118.792 E.01019
G1 X114.111 Y118.528 E.01019
G1 X114.414 Y118.366 E.01023
G1 X114.717 Y118.332 E.00909
G1 X114.761 Y118.344 E.00137
SET_VELOCITY_LIMIT ACCEL=3000
G1 E-.728 F1800
;WIPE_START
G1 F30000
G1 X115.082 Y118.434 E-.01998
G1 X115.345 Y118.649 E-.02039
G1 X115.506 Y118.951 E-.02051
G1 X115.524 Y119.135 E-.01112
;WIPE_END
G1 X115.341 Y119.201 Z3.6
G1 Z3.2
G1 E.8 F1800
SET_VELOCITY_LIMIT ACCEL=500
;TYPE:Top surface
;WIDTH:0.495415
G1 F1200
G1 X114.662 Y119.88 E.03741
SET_VELOCITY_LIMIT ACCEL=3000
G1 X114.207 Y119.695 F30000
SET_VELOCITY_LIMIT ACCEL=500
G1 F1200
G1 X115.16 Y118.742 E.05256
SET_VELOCITY_LIMIT ACCEL=3000
G1 X114.731 Y118.531 F30000
SET_VELOCITY_LIMIT ACCEL=500
G1 F1200
G1 X113.999 Y119.263 E.04037
G1 E-.73787 F1800
;WIPE_START
G1 F30000
G1 X114.731 Y118.531 E-.06213
;WIPE_END
M106 S0
M106 P2 S0
;TYPE:Custom
; filament end gcode 
;===== CC2_END_GCODE ================
;===== date: 2026-01-16-001 =====================


M140 S0 ;Turn-off bed
M83
G92 E0 ; zero the extruder
G1 E-1.5 F1800
G2 I0 J1 Z3.7 F3000 ; lower z a little
M106 S0
M106 P2 S0
G90
G1 Z80 F20000 ; Move print head up 
G180 S9
M104 S0
M84
M73 P100 R0
; EXECUTABLE_BLOCK_END

; filament used [mm] = 615.26, 0.00, 0.00, 0.00
; filament used [cm3] = 1.48, 0.00, 0.00, 0.00
; filament used [g] = 1.85, 0.00, 0.00, 0.00
; filament cost = 0.04, 0.00, 0.00, 0.00
; total filament used [g] = 1.85
; total filament cost = 0.04
; total layers count = 16
; estimated printing time (normal mode) = 13m 1s
; estimated first layer printing time (normal mode) = 1m 50s

; CONFIG_BLOCK_START
; accel_to_decel_enable = 0
; accel_to_decel_factor = 50%
; activate_air_filtration = 0,0,0,0
; activate_air_filtration_during_print = 1
; activate_air_filtration_on_completion = 1
; activate_chamber_temp_control = 0,0,0,0
; adaptive_bed_mesh_margin = 0
; adaptive_pressure_advance = 0,0,0,0
; adaptive_pressure_advance_bridges = 0,0,0,0
; adaptive_pressure_advance_model = "0,0,0\n0,0,0";"0,0,0\n0,0,0";"0,0,0\n0,0,0";"0,0,0\n0,0,0"
; adaptive_pressure_advance_overhangs = 0,0,0,0
; additional_cooling_fan_speed = 0,0,0,0
; additional_fan_full_speed_layer = 0
; align_infill_direction_to_model = 0
; alternate_extra_wall = 0
; auxiliary_fan = 1
; bbl_calib_mark_logo = 1
; bbl_use_printhost = 0
; bed_custom_model = 
; bed_custom_texture = 
; bed_exclude_area = 246x0,256x0,256x20,246x20
; bed_mesh_max = 243,245
; bed_mesh_min = 10,10
; bed_mesh_probe_distance = 22,22
; bed_temperature_formula = by_highest_temp
; bed_texture_area = 0x-10,256x-10,256x256,0x256
; before_layer_change_gcode = ;BEFORE_LAYER_CHANGE\n;[layer_z]\nG92 E0\n
; best_object_pos = 0.5,0.5
; bottom_shell_layers = 3
; bottom_shell_thickness = 0.6
; bottom_solid_infill_flow_ratio = 1
; bottom_surface_density = 100%
; bottom_surface_filament_id = 0
; bottom_surface_pattern = monotonic
; bridge_acceleration = 50%
; bridge_angle = 0
; bridge_density = 100%
; bridge_flow = 1
; bridge_line_width = 100%
; bridge_no_support = 0
; bridge_speed = 50
; brim_ears_detection_length = 1
; brim_ears_max_angle = 125
; brim_flow_ratio = 1
; brim_object_gap = 0.1
; brim_type = outer_only
; brim_use_efc_outline = 0
; brim_width = 5
; calib_flowrate_topinfill_special_order = 0
; chamber_minimal_temperature = 0
; chamber_temperature = 0,0,0,0
; change_extrusion_role_gcode = 
; change_filament_gcode = \n;==========CC2_CHANGE_FILAMENT_GCODE==========\n;===== date: 2026-01-16-001 =====================\nM106 S0\nM106 P2 S0\nG1 Z{min(max_layer_z+3, printable_height+0.5)} F1200\nM6211 T[next_extruder] L[flush_length] M{old_filament_e_feedrate} N{new_filament_e_feedrate} Q[old_filament_temp] R[nozzle_temperature_range_high] S[new_filament_temp]\nT[next_extruder]\n
; close_additional_fan_first_x_layers = 1
; close_fan_the_first_x_layers = 3,3,3,3
; combine_brims = 0
; complete_print_exhaust_fan_speed = 70,70,70,70
; cool_plate_temp = 35,35,35,35
; cool_plate_temp_initial_layer = 35,35,35,35
; cooling_tube_length = 5
; cooling_tube_retraction = 90
; counterbore_hole_bridging = none
; curr_bed_type = Textured PEI Plate
; default_acceleration = 500
; default_bed_type = 
; default_filament_colour = ;;;
; default_filament_profile = "Elegoo PLA @ECC2"
; default_jerk = 0
; default_junction_deviation = 0
; default_print_profile = 0.20mm Standard @Elegoo CC2 0.4 nozzle
; deretraction_speed = 30
; detect_narrow_internal_solid_infill = 1
; detect_overhang_wall = 1
; detect_thin_wall = 0
; different_settings_to_system = wall_generator;;;;;
; disable_m73 = 0
; dont_filter_internal_bridges = disabled
; dont_slow_down_outer_wall = 0,0,0,0
; draft_shield = disabled
; during_print_exhaust_fan_speed = 70,70,70,70
; elefant_foot_compensation = 0.1
; elefant_foot_compensation_layers = 1
; elefant_foot_layers_density = 100%
; emit_machine_limits_to_gcode = 1
; enable_arc_fitting = 0
; enable_extra_bridge_layer = disabled
; enable_filament_ramming = 0
; enable_long_retraction_when_cut = 0
; enable_overhang_bridge_fan = 1,1,1,1
; enable_overhang_speed = 1
; enable_power_loss_recovery = printer_configuration
; enable_pressure_advance = 1,1,1,1
; enable_prime_tower = 0
; enable_support = 0
; enable_tower_interface_cooldown_during_tower = 0
; enable_tower_interface_features = 0
; enable_wrapping_detection = 0
; enforce_support_layers = 0
; eng_plate_temp = 0,0,0,0
; eng_plate_temp_initial_layer = 0,0,0,0
; ensure_vertical_shell_thickness = ensure_all
; exclude_object = 0
; extra_loading_move = -2
; extra_perimeters_on_overhangs = 0
; extra_solid_infills = 
; extruder_ams_count = 
; extruder_clearance_height_to_lid = 90
; extruder_clearance_height_to_rod = 36
; extruder_clearance_radius = 65
; extruder_colour = #000000;#FF0000;#FFFFFF;#0000FF
; extruder_offset = 0x1.5
; extruder_printable_area = 
; extruder_printable_height = 0
; extruder_type = Direct Drive
; extrusion_rate_smoothing_external_perimeter_only = 0
; fan_cooling_layer_time = 80,80,80,80
; fan_kickstart = 0
; fan_max_speed = 100,100,100,100
; fan_min_speed = 50,50,50,50
; fan_speedup_overhangs = 1
; fan_speedup_time = 0.5
; filament_adaptive_volumetric_speed = 0
; filament_adhesiveness_category = 0
; filament_change_extrusion_role_gcode = ""
; filament_change_length = 10
; filament_colour = #000000;#FF0000;#FFFFFF;#0000FF
; filament_cooling_before_tower = 10
; filament_cooling_final_speed = 3.4,3.4,3.4,3.4
; filament_cooling_initial_speed = 2.2,2.2,2.2,2.2
; filament_cooling_moves = 4,4,4,4
; filament_cost = 20,20,20,20
; filament_density = 1.25,1.25,1.25,1.25
; filament_diameter = 1.75,1.75,1.75,1.75
; filament_end_gcode = "; filament end gcode \n";"; filament end gcode \n";"; filament end gcode \n";"; filament end gcode \n"
; filament_extruder_variant = "Direct Drive Standard"
; filament_flow_ratio = 0.98,0.98,0.98,0.98
; filament_flush_temp = 0
; filament_flush_volumetric_speed = 0
; filament_ids = EPLAB00;EPLAB00;EPLAB00;EPLAB00
; filament_is_support = 0,0,0,0
; filament_loading_speed = 28,28,28,28
; filament_loading_speed_start = 3,3,3,3
; filament_map = 1,1,1,1
; filament_map_mode = Auto For Flush
; filament_max_volumetric_speed = 21,21,21,21
; filament_minimal_purge_on_wipe_tower = 15,15,15,15
; filament_multitool_ramming = 0,0,0,0
; filament_multitool_ramming_flow = 10,10,10,10
; filament_multitool_ramming_volume = 10,10,10,10
; filament_notes = ;;;
; filament_printable = 3
; filament_ramming_parameters = "120 100 6.6 6.8 7.2 7.6 7.9 8.2 8.7 9.4 9.9 10.0| 0.05 6.6 0.45 6.8 0.95 7.8 1.45 8.3 1.95 9.7 2.45 10 2.95 7.6 3.45 7.6 3.95 7.6 4.45 7.6 4.95 7.6";"120 100 6.6 6.8 7.2 7.6 7.9 8.2 8.7 9.4 9.9 10.0| 0.05 6.6 0.45 6.8 0.95 7.8 1.45 8.3 1.95 9.7 2.45 10 2.95 7.6 3.45 7.6 3.95 7.6 4.45 7.6 4.95 7.6";"120 100 6.6 6.8 7.2 7.6 7.9 8.2 8.7 9.4 9.9 10.0| 0.05 6.6 0.45 6.8 0.95 7.8 1.45 8.3 1.95 9.7 2.45 10 2.95 7.6 3.45 7.6 3.95 7.6 4.45 7.6 4.95 7.6";"120 100 6.6 6.8 7.2 7.6 7.9 8.2 8.7 9.4 9.9 10.0| 0.05 6.6 0.45 6.8 0.95 7.8 1.45 8.3 1.95 9.7 2.45 10 2.95 7.6 3.45 7.6 3.95 7.6 4.45 7.6 4.95 7.6"
; filament_settings_id = "Elegoo PLA @ECC2";"Elegoo PLA @ECC2";"Elegoo PLA @ECC2";"Elegoo PLA @ECC2"
; filament_shrink = 100%,100%,100%,100%
; filament_shrinkage_compensation_z = 100%,100%,100%,100%
; filament_soluble = 0,0,0,0
; filament_stamping_distance = 0,0,0,0
; filament_stamping_loading_speed = 0,0,0,0
; filament_start_gcode = "; filament start gcode\n{if  (bed_temperature[current_extruder] >55)||(bed_temperature_initial_layer[current_extruder] >55)}M106 P3 S200\n{elsif(bed_temperature[current_extruder] >50)||(bed_temperature_initial_layer[current_extruder] >50)}M106 P3 S150\n{elsif(bed_temperature[current_extruder] >45)||(bed_temperature_initial_layer[current_extruder] >45)}M106 P3 S50\n{endif}\n\n{if activate_air_filtration[current_extruder] && support_air_filtration}\nM106 P3 S{during_print_exhaust_fan_speed_num[current_extruder]} \n{endif}";"; filament start gcode\n{if  (bed_temperature[current_extruder] >55)||(bed_temperature_initial_layer[current_extruder] >55)}M106 P3 S200\n{elsif(bed_temperature[current_extruder] >50)||(bed_temperature_initial_layer[current_extruder] >50)}M106 P3 S150\n{elsif(bed_temperature[current_extruder] >45)||(bed_temperature_initial_layer[current_extruder] >45)}M106 P3 S50\n{endif}\n\n{if activate_air_filtration[current_extruder] && support_air_filtration}\nM106 P3 S{during_print_exhaust_fan_speed_num[current_extruder]} \n{endif}";"; filament start gcode\n{if  (bed_temperature[current_extruder] >55)||(bed_temperature_initial_layer[current_extruder] >55)}M106 P3 S200\n{elsif(bed_temperature[current_extruder] >50)||(bed_temperature_initial_layer[current_extruder] >50)}M106 P3 S150\n{elsif(bed_temperature[current_extruder] >45)||(bed_temperature_initial_layer[current_extruder] >45)}M106 P3 S50\n{endif}\n\n{if activate_air_filtration[current_extruder] && support_air_filtration}\nM106 P3 S{during_print_exhaust_fan_speed_num[current_extruder]} \n{endif}";"; filament start gcode\n{if  (bed_temperature[current_extruder] >55)||(bed_temperature_initial_layer[current_extruder] >55)}M106 P3 S200\n{elsif(bed_temperature[current_extruder] >50)||(bed_temperature_initial_layer[current_extruder] >50)}M106 P3 S150\n{elsif(bed_temperature[current_extruder] >45)||(bed_temperature_initial_layer[current_extruder] >45)}M106 P3 S50\n{endif}\n\n{if activate_air_filtration[current_extruder] && support_air_filtration}\nM106 P3 S{during_print_exhaust_fan_speed_num[current_extruder]} \n{endif}"
; filament_toolchange_delay = 0,0,0,0
; filament_tower_interface_pre_extrusion_dist = 10
; filament_tower_interface_pre_extrusion_length = 0
; filament_tower_interface_print_temp = -1
; filament_tower_interface_purge_volume = 20
; filament_tower_ironing_area = 4
; filament_type = PLA;PLA;PLA;PLA
; filament_unloading_speed = 90,90,90,90
; filament_unloading_speed_start = 100,100,100,100
; filament_vendor = Elegoo;Elegoo;Elegoo;Elegoo
; file_start_gcode = 
; filename_format = ECC2_{nozzle_diameter[0]}_{input_filename_base}_{filament_name}_{layer_height}_{print_time}.gcode
; fill_multiline = 1
; filter_out_gap_fill = 1
; first_layer_flow_ratio = 1
; first_layer_print_sequence = 0
; first_x_layer_fan_speed = 0
; flush_into_infill = 0
; flush_into_objects = 0
; flush_into_support = 1
; flush_multiplier = 1
; flush_volumes_matrix = 0,515,667,414,197,0,693,344,187,369,0,379,187,500,768,0
; flush_volumes_vector = 140,140,140,140,140,140,140,140
; full_fan_speed_layer = 5,5,5,5
; fuzzy_skin = none
; fuzzy_skin_first_layer = 0
; fuzzy_skin_layers_between_ripple_offset = 1
; fuzzy_skin_mode = displacement
; fuzzy_skin_noise_type = classic
; fuzzy_skin_octaves = 4
; fuzzy_skin_persistence = 0.5
; fuzzy_skin_point_distance = 0.3
; fuzzy_skin_ripple_offset = 50%
; fuzzy_skin_ripples_per_layer = 15
; fuzzy_skin_scale = 1
; fuzzy_skin_thickness = 0.2
; gap_fill_flow_ratio = 1
; gap_fill_target = everywhere
; gap_infill_speed = 250
; gcode_add_line_number = 0
; gcode_comments = 0
; gcode_flavor = klipper
; gcode_label_objects = 0
; grab_length = 0
; gyroid_optimized = 0
; has_scarf_joint_seam = 0
; head_wrap_detect_zone = 
; high_current_on_filament_swap = 0
; hole_to_polyhole = 0
; hole_to_polyhole_threshold = 0.01
; hole_to_polyhole_twisted = 1
; host_type = elegoolink
; hot_plate_temp = 60,60,60,60
; hot_plate_temp_initial_layer = 60,60,60,60
; idle_temperature = 0,0,0,0
; independent_support_layer_height = 0
; infill_anchor = 400%
; infill_anchor_max = 40
; infill_combination = 0
; infill_combination_max_layer_height = 100%
; infill_direction = 45
; infill_jerk = 9
; infill_lock_depth = 1
; infill_overhang_angle = 60
; infill_shift_step = 0.4
; infill_wall_overlap = 15%
; inherits_group = ;;;;;
; initial_layer_acceleration = 500
; initial_layer_infill_speed = 105
; initial_layer_jerk = 9
; initial_layer_line_width = 0.5
; initial_layer_min_bead_width = 85%
; initial_layer_print_height = 0.2
; initial_layer_speed = 50
; initial_layer_travel_acceleration = 100%
; initial_layer_travel_jerk = 100%
; initial_layer_travel_speed = 100%
; inner_wall_acceleration = 0
; inner_wall_filament_id = 0
; inner_wall_flow_ratio = 1
; inner_wall_jerk = 9
; inner_wall_line_width = 0.45
; inner_wall_speed = 200
; input_shaping_damp_x = 0.1
; input_shaping_damp_y = 0.1
; input_shaping_emit = 0
; input_shaping_freq_x = 0
; input_shaping_freq_y = 0
; input_shaping_type = Default
; interface_shells = 0
; interlocking_beam = 0
; interlocking_beam_layer_count = 2
; interlocking_beam_width = 0.8
; interlocking_boundary_avoidance = 2
; interlocking_depth = 2
; interlocking_orientation = 22.5
; internal_bridge_angle = 0
; internal_bridge_density = 100%
; internal_bridge_fan_speed = -1,-1,-1,-1
; internal_bridge_flow = 0.95
; internal_bridge_speed = 150%
; internal_solid_filament_id = 0
; internal_solid_infill_acceleration = 100%
; internal_solid_infill_flow_ratio = 1
; internal_solid_infill_line_width = 0.42
; internal_solid_infill_pattern = monotonic
; internal_solid_infill_speed = 250
; ironing_angle = 0
; ironing_angle_fixed = 0
; ironing_fan_speed = -1,-1,-1,-1
; ironing_flow = 10%
; ironing_inset = 0
; ironing_pattern = rectilinear
; ironing_spacing = 0.15
; ironing_speed = 30
; ironing_type = no ironing
; is_infill_first = 0
; lateral_lattice_angle_1 = -45
; lateral_lattice_angle_2 = 45
; layer_change_gcode = M73 L{layer_num+1}\n;LAYER:{layer_num+1}\nSET_PRINT_STATS_INFO TOTAL_LAYER=[total_layer_count] CURRENT_LAYER={layer_num+1}
; layer_height = 0.2
; lightning_overhang_angle = 45
; lightning_prune_angle = 45
; lightning_straightening_angle = 45
; line_width = 0.42
; long_retractions_when_cut = 0
; long_retractions_when_ec = 0
; machine_end_gcode = ;===== CC2_END_GCODE ================\n;===== date: 2026-01-16-001 =====================\n\n\nM140 S0 ;Turn-off bed\nM83\nG92 E0 ; zero the extruder\nG1 E-1.5 F1800\nG2 I0 J1 Z{max_layer_z+0.5} F3000 ; lower z a little\nM106 S0\nM106 P2 S0\nG90\n{if max_layer_z > 75}G1 Z{min(max_layer_z+5, printable_height+0.5)} F20000{else}G1 Z80 F20000 {endif}; Move print head up \nG180 S9\nM104 S0\nM84\n
; machine_load_filament_time = 29
; machine_max_acceleration_e = 5000,5000
; machine_max_acceleration_extruding = 3000,3000
; machine_max_acceleration_retracting = 5000,5000
; machine_max_acceleration_travel = 3000,3000
; machine_max_acceleration_x = 3000,3000
; machine_max_acceleration_y = 3000,3000
; machine_max_acceleration_z = 500,500
; machine_max_jerk_e = 1,1
; machine_max_jerk_x = 5,5
; machine_max_jerk_y = 5,5
; machine_max_jerk_z = 3,3
; machine_max_junction_deviation = 0,0
; machine_max_speed_e = 30,30
; machine_max_speed_x = 500,200
; machine_max_speed_y = 500,200
; machine_max_speed_z = 20,20
; machine_min_extruding_rate = 0,0
; machine_min_travel_rate = 0,0
; machine_pause_gcode = M600
; machine_start_gcode = ;===== CC2_START_GCODE ================\n;===== date: 2026-01-16-001 =====================\n\nG90\nM104 S140\nM140 S[bed_temperature_initial_layer_single]\nM190 S[bed_temperature_initial_layer_single] A\nM106 S0\nBED_MESH_CALIBRATE mesh_min={adaptive_bed_mesh_min[0]},{adaptive_bed_mesh_min[1]} mesh_max={adaptive_bed_mesh_max[0]},{adaptive_bed_mesh_max[1]} ALGORITHM=[bed_mesh_algo] PROBE_COUNT={bed_mesh_probe_count[0]},{bed_mesh_probe_count[1]} ADAPTIVE=0 ADAPTIVE_MARGIN=0 FROM_SLICER=1\nM204 S{min(20000,max(1000,outer_wall_acceleration))} ;Call exterior wall print acceleration\nG28\nM109 S[nozzle_temperature_initial_layer]\nM6211 A1 L200 T[initial_no_support_extruder] Q[nozzle_temperature_initial_layer] R[nozzle_temperature_initial_layer] S[nozzle_temperature_initial_layer]\nT[initial_no_support_extruder]\n\n{if first_layer_print_min[1] > 0.5}\nG180 S7\nG1 X{print_bed_max[0]*0.5-1} Y-1.2 F20000\nG1 Z0.5 F900\nM109 S[nozzle_temperature_initial_layer]\nM83\nG92 E0 ;Reset Extruder\nG1 E6 F{min(1200, max(120, filament_max_volumetric_speed[initial_no_support_extruder]*60/2/2.5043))} \nM106 S200\nG1 X{print_bed_max[0]*0.5-41} E20 F{min(12000, max(1200, filament_max_volumetric_speed[initial_no_support_extruder]*60/2/2.5043))} \nG1 F6000\nG1 X{print_bed_max[0]*0.5-46} E0.8\n{else}\nG1 E30 F{min(1200, max(120, filament_max_volumetric_speed[initial_no_support_extruder]*60/2/2.5043))}\n{endif}\nM106 S0\nG180 S8\nG1 F20000\nG92 E0 ;Reset Extruder\nSET_PRINT_STATS_INFO TOTAL_LAYER=[total_layer_count] CURRENT_LAYER=0\n;LAYER_COUNT:[total_layer_count]\n;LAYER:0
; machine_tool_change_time = 0
; machine_unload_filament_time = 28
; make_overhang_printable = 0
; make_overhang_printable_angle = 55
; make_overhang_printable_hole_size = 0
; manual_filament_change = 0
; master_extruder_id = 1
; max_bridge_length = 10
; max_layer_height = 0.28
; max_resonance_avoidance_speed = 120
; max_travel_detour_distance = 0
; max_volumetric_extrusion_rate_slope = 0
; max_volumetric_extrusion_rate_slope_segment_length = 3
; min_bead_width = 85%
; min_feature_size = 25%
; min_layer_height = 0.08
; min_length_factor = 0.5
; min_resonance_avoidance_speed = 70
; min_skirt_length = 0
; min_width_top_surface = 50%
; minimum_sparse_infill_area = 15
; mmu_segmented_region_interlocking_depth = 0
; mmu_segmented_region_max_width = 0
; notes = 
; nozzle_diameter = 0.4
; nozzle_flush_dataset = 0
; nozzle_height = 2.5
; nozzle_hrc = 0
; nozzle_temperature = 210,210,210,210
; nozzle_temperature_initial_layer = 210,210,210,210
; nozzle_temperature_range_high = 240,240,240,240
; nozzle_temperature_range_low = 190,190,190,190
; nozzle_type = hardened_steel
; nozzle_volume = 107
; nozzle_volume_type = Standard
; only_one_wall_first_layer = 0
; only_one_wall_top = 1
; ooze_prevention = 0
; other_layers_print_sequence = 0
; other_layers_print_sequence_nums = 0
; outer_wall_acceleration = 500
; outer_wall_filament_id = 0
; outer_wall_flow_ratio = 1
; outer_wall_jerk = 9
; outer_wall_line_width = 0.42
; outer_wall_speed = 160
; overhang_1_4_speed = 0
; overhang_2_4_speed = 50
; overhang_3_4_speed = 30
; overhang_4_4_speed = 10
; overhang_fan_speed = 100,100,100,100
; overhang_fan_threshold = 50%,50%,50%,50%
; overhang_flow_ratio = 1
; overhang_reverse = 0
; overhang_reverse_internal_only = 0
; overhang_reverse_threshold = 50%
; parallel_printheads_bed_exclude_areas = 
; parallel_printheads_count = 1
; parking_pos_retraction = 90
; part_cooling_fan_min_pwm = 0
; pellet_flow_coefficient = 0.4157,0.4157,0.4157,0.4157
; pellet_modded_printer = 0
; physical_extruder_map = 0
; post_process = 
; precise_outer_wall = 0
; precise_z_height = 0
; preferred_orientation = 0
; preheat_steps = 1
; preheat_time = 30
; pressure_advance = 0.04,0.04,0.04,0.04
; prime_tower_brim_width = 3
; prime_tower_enable_framework = 0
; prime_tower_flat_ironing = 0
; prime_tower_infill_gap = 150%
; prime_tower_skip_points = 1
; prime_tower_width = 35
; prime_volume = 45
; print_compatible_printers = "Elegoo Centauri Carbon 2 0.4 nozzle"
; print_extruder_id = 1
; print_extruder_variant = "Direct Drive Standard"
; print_flow_ratio = 0.97
; print_order = default
; print_sequence = by layer
; print_settings_id = 0.20mm Standard @Elegoo CC2 0.4 nozzle
; printable_area = 0x0,256x0,256x256,0x256
; printable_height = 256
; printer_extruder_id = 1
; printer_extruder_variant = "Direct Drive Standard"
; printer_model = Elegoo Centauri Carbon 2
; printer_notes = 
; printer_settings_id = Elegoo Centauri Carbon 2 0.4 nozzle
; printer_structure = corexy
; printer_technology = FFF
; printer_variant = 0.4
; printhost_authorization_type = key
; printhost_ssl_ignore_revoke = 0
; printing_by_object_gcode = 
; process_change_extrusion_role_gcode = 
; purge_in_prime_tower = 0
; raft_contact_distance = 0.1
; raft_expansion = 1.5
; raft_first_layer_density = 90%
; raft_first_layer_expansion = 2
; raft_layers = 0
; reduce_crossing_wall = 0
; reduce_fan_stop_start_freq = 1,1,1,1
; reduce_infill_retraction = 0
; relative_bridge_angle = 0
; required_nozzle_HRC = 3,3,3,3
; resolution = 0.012
; resonance_avoidance = 0
; retract_before_wipe = 0%
; retract_length_toolchange = 2
; retract_lift_above = 0
; retract_lift_below = 255
; retract_lift_enforce = All Surfaces
; retract_restart_extra = 0
; retract_restart_extra_toolchange = 0.5
; retract_when_changing_layer = 1
; retraction_distances_when_cut = 18
; retraction_distances_when_ec = 10
; retraction_length = 0.8
; retraction_minimum_travel = 0.8
; retraction_speed = 30
; role_based_wipe_speed = 0
; scan_first_layer = 1
; scarf_angle_threshold = 155
; scarf_joint_flow_ratio = 1
; scarf_joint_speed = 100%
; scarf_overhang_threshold = 40%
; seam_gap = 10%
; seam_position = random
; seam_slope_conditional = 1
; seam_slope_entire_loop = 0
; seam_slope_inner_walls = 1
; seam_slope_min_length = 0
; seam_slope_start_height = 0
; seam_slope_steps = 10
; seam_slope_type = none
; set_other_flow_ratios = 0
; silent_mode = 0
; single_extruder_multi_material = 1
; single_extruder_multi_material_priming = 0
; single_loop_draft_shield = 0
; skeleton_infill_density = 25%
; skeleton_infill_line_width = 100%
; skin_infill_density = 25%
; skin_infill_depth = 2
; skin_infill_line_width = 100%
; skirt_distance = 2
; skirt_height = 4
; skirt_loops = 0
; skirt_speed = 50
; skirt_start_angle = -135
; skirt_type = combined
; slice_closing_radius = 0.049
; slicing_mode = regular
; slow_down_for_layer_cooling = 1,1,1,1
; slow_down_layer_time = 4,4,4,4
; slow_down_layers = 0
; slow_down_min_speed = 20,20,20,20
; slowdown_for_curled_perimeters = 0
; small_area_infill_flow_compensation = 0
; small_area_infill_flow_compensation_model = 0,0;"\n0.2,0.4444";"\n0.4,0.6145";"\n0.6,0.7059";"\n0.8,0.7619";"\n1.5,0.8571";"\n2,0.8889";"\n3,0.9231";"\n5,0.9520";"\n10,1"
; small_perimeter_speed = 50%
; small_perimeter_threshold = 0
; solid_infill_direction = 45
; solid_infill_rotate_template = 
; sparse_infill_acceleration = 100%
; sparse_infill_density = 15%
; sparse_infill_filament_id = 0
; sparse_infill_flow_ratio = 1
; sparse_infill_line_width = 0.45
; sparse_infill_pattern = rectilinear
; sparse_infill_rotate_template = 
; sparse_infill_speed = 200
; spiral_finishing_flow_ratio = 0
; spiral_mode = 0
; spiral_mode_max_xy_smoothing = 200%
; spiral_mode_smooth = 0
; spiral_starting_flow_ratio = 0
; staggered_inner_seams = 0
; standby_temperature_delta = -5
; start_end_points = 30x-3,54x245
; supertack_plate_temp = 35,35,35,35
; supertack_plate_temp_initial_layer = 35,35,35,35
; support_air_filtration = 0
; support_angle = 0
; support_base_pattern = rectilinear
; support_base_pattern_spacing = 1
; support_bottom_interface_spacing = 0.5
; support_bottom_z_distance = 0.2
; support_chamber_temp_control = 0
; support_critical_regions_only = 0
; support_expansion = 0
; support_filament = 0
; support_flow_ratio = 1
; support_interface_bottom_layers = 2
; support_interface_filament = 0
; support_interface_flow_ratio = 1
; support_interface_loop_pattern = 0
; support_interface_not_for_body = 1
; support_interface_pattern = auto
; support_interface_spacing = 0.5
; support_interface_speed = 80
; support_interface_top_layers = 2
; support_ironing = 0
; support_ironing_flow = 10%
; support_ironing_pattern = rectilinear
; support_ironing_spacing = 0.1
; support_line_width = 0.42
; support_material_interface_fan_speed = -1,-1,-1,-1
; support_multi_bed_types = 0
; support_object_first_layer_gap = 0.2
; support_object_skip_flush = 0
; support_object_xy_distance = 0.35
; support_on_build_plate_only = 0
; support_parallel_printheads = 0
; support_remove_small_overhang = 1
; support_speed = 150
; support_style = default
; support_threshold_angle = 30
; support_threshold_overlap = 50%
; support_top_z_distance = 0.2
; support_type = tree(auto)
; support_wan_network = 1
; symmetric_infill_y_axis = 0
; temperature_vitrification = 45,45,45,45
; template_custom_gcode = 
; textured_cool_plate_temp = 40,40,40,40
; textured_cool_plate_temp_initial_layer = 40,40,40,40
; textured_plate_temp = 60,60,60,60
; textured_plate_temp_initial_layer = 60,60,60,60
; thick_bridges = 0
; thick_internal_bridges = 1
; thumbnails = 144x144/PNG
; thumbnails_format = PNG
; time_cost = 0
; time_lapse_gcode = 
; timelapse_type = 0
; tool_change_on_wipe_tower = 0
; top_bottom_infill_wall_overlap = 5%
; top_shell_layers = 5
; top_shell_thickness = 1
; top_solid_infill_flow_ratio = 1.09
; top_surface_acceleration = 500
; top_surface_density = 100%
; top_surface_filament_id = 0
; top_surface_jerk = 9
; top_surface_line_width = 0.42
; top_surface_pattern = monotonicline
; top_surface_speed = 200
; travel_acceleration = 10000
; travel_jerk = 12
; travel_slope = 3
; travel_speed = 500
; travel_speed_z = 0
; tree_support_angle_slow = 30
; tree_support_auto_brim = 1
; tree_support_branch_angle = 45
; tree_support_branch_angle_organic = 45
; tree_support_branch_diameter = 2
; tree_support_branch_diameter_angle = 5
; tree_support_branch_diameter_organic = 2
; tree_support_branch_distance = 5
; tree_support_branch_distance_organic = 2
; tree_support_brim_width = 3
; tree_support_tip_diameter = 0.8
; tree_support_top_rate = 30%
; tree_support_wall_count = 0
; upward_compatible_machine = 
; use_3mf = 0
; use_firmware_retraction = 0
; use_relative_e_distances = 1
; volumetric_speed_coefficients = ""
; wall_direction = ccw
; wall_distribution_count = 1
; wall_generator = arachne
; wall_loops = 2
; wall_maximum_deviation = 0.025
; wall_maximum_resolution = 0.5
; wall_sequence = inner wall/outer wall
; wall_transition_angle = 10
; wall_transition_filter_deviation = 25%
; wall_transition_length = 100%
; wipe = 1
; wipe_before_external_loop = 0
; wipe_distance = 1.2
; wipe_on_loops = 0
; wipe_speed = 100%
; wipe_tower_bridging = 10
; wipe_tower_cone_angle = 30
; wipe_tower_extra_flow = 100%
; wipe_tower_extra_rib_length = 0
; wipe_tower_extra_spacing = 100%
; wipe_tower_filament = 0
; wipe_tower_fillet_wall = 1
; wipe_tower_max_purge_speed = 90
; wipe_tower_no_sparse_layers = 0
; wipe_tower_rib_width = 8
; wipe_tower_rotation_angle = 0
; wipe_tower_type = type2
; wipe_tower_wall_type = rib
; wipe_tower_x = 165.000
; wipe_tower_x = 165
; wipe_tower_y = 220.500
; wipe_tower_y = 220.5
; wiping_volumes_extruders = 70,70,70,70,70,70,70,70,70,70
; wrapping_detection_gcode = 
; wrapping_detection_layers = 20
; wrapping_exclude_area = 
; xy_contour_compensation = 0
; xy_hole_compensation = 0
; z_hop = 0.4
; z_hop_types = Auto Lift
; z_offset = 0
; zaa_dont_alternate_fill_direction = 0
; zaa_enabled = 0
; zaa_min_z = 0.05
; zaa_minimize_perimeter_height = 35
; first_layer_bed_temperature = 60
; bed_shape = 0x0,256x0,256x256,0x256
; first_layer_temperature = 210
; first_layer_height = 0.200
; CONFIG_BLOCK_END


